--
-- PostgreSQL database dump
--

-- Dumped from database version 9.4.1
-- Dumped by pg_dump version 9.4.1
-- Started on 2016-08-27 17:38:36

SET statement_timeout = 0;
SET lock_timeout = 0;
SET client_encoding = 'UTF8';
SET standard_conforming_strings = on;
SET check_function_bodies = false;
SET client_min_messages = warning;

--
-- TOC entry 336 (class 3079 OID 11855)
-- Name: plpgsql; Type: EXTENSION; Schema: -; Owner: 
--

CREATE EXTENSION IF NOT EXISTS plpgsql WITH SCHEMA pg_catalog;


--
-- TOC entry 3193 (class 0 OID 0)
-- Dependencies: 336
-- Name: EXTENSION plpgsql; Type: COMMENT; Schema: -; Owner: 
--

COMMENT ON EXTENSION plpgsql IS 'PL/pgSQL procedural language';


SET search_path = public, pg_catalog;

SET default_tablespace = '';

SET default_with_oids = false;

--
-- TOC entry 179 (class 1259 OID 49647)
-- Name: auth_group; Type: TABLE; Schema: public; Owner: sigbadmin; Tablespace: 
--

CREATE TABLE auth_group (
    id integer NOT NULL,
    name character varying(80) NOT NULL
);


ALTER TABLE auth_group OWNER TO sigbadmin;

--
-- TOC entry 178 (class 1259 OID 49645)
-- Name: auth_group_id_seq; Type: SEQUENCE; Schema: public; Owner: sigbadmin
--

CREATE SEQUENCE auth_group_id_seq
    START WITH 1
    INCREMENT BY 1
    NO MINVALUE
    NO MAXVALUE
    CACHE 1;


ALTER TABLE auth_group_id_seq OWNER TO sigbadmin;

--
-- TOC entry 3194 (class 0 OID 0)
-- Dependencies: 178
-- Name: auth_group_id_seq; Type: SEQUENCE OWNED BY; Schema: public; Owner: sigbadmin
--

ALTER SEQUENCE auth_group_id_seq OWNED BY auth_group.id;


--
-- TOC entry 181 (class 1259 OID 49657)
-- Name: auth_group_permissions; Type: TABLE; Schema: public; Owner: sigbadmin; Tablespace: 
--

CREATE TABLE auth_group_permissions (
    id integer NOT NULL,
    group_id integer NOT NULL,
    permission_id integer NOT NULL
);


ALTER TABLE auth_group_permissions OWNER TO sigbadmin;

--
-- TOC entry 180 (class 1259 OID 49655)
-- Name: auth_group_permissions_id_seq; Type: SEQUENCE; Schema: public; Owner: sigbadmin
--

CREATE SEQUENCE auth_group_permissions_id_seq
    START WITH 1
    INCREMENT BY 1
    NO MINVALUE
    NO MAXVALUE
    CACHE 1;


ALTER TABLE auth_group_permissions_id_seq OWNER TO sigbadmin;

--
-- TOC entry 3195 (class 0 OID 0)
-- Dependencies: 180
-- Name: auth_group_permissions_id_seq; Type: SEQUENCE OWNED BY; Schema: public; Owner: sigbadmin
--

ALTER SEQUENCE auth_group_permissions_id_seq OWNED BY auth_group_permissions.id;


--
-- TOC entry 177 (class 1259 OID 49637)
-- Name: auth_permission; Type: TABLE; Schema: public; Owner: sigbadmin; Tablespace: 
--

CREATE TABLE auth_permission (
    id integer NOT NULL,
    name character varying(255) NOT NULL,
    content_type_id integer NOT NULL,
    codename character varying(100) NOT NULL
);


ALTER TABLE auth_permission OWNER TO sigbadmin;

--
-- TOC entry 176 (class 1259 OID 49635)
-- Name: auth_permission_id_seq; Type: SEQUENCE; Schema: public; Owner: sigbadmin
--

CREATE SEQUENCE auth_permission_id_seq
    START WITH 1
    INCREMENT BY 1
    NO MINVALUE
    NO MAXVALUE
    CACHE 1;


ALTER TABLE auth_permission_id_seq OWNER TO sigbadmin;

--
-- TOC entry 3196 (class 0 OID 0)
-- Dependencies: 176
-- Name: auth_permission_id_seq; Type: SEQUENCE OWNED BY; Schema: public; Owner: sigbadmin
--

ALTER SEQUENCE auth_permission_id_seq OWNED BY auth_permission.id;


--
-- TOC entry 183 (class 1259 OID 49667)
-- Name: auth_user; Type: TABLE; Schema: public; Owner: sigbadmin; Tablespace: 
--

CREATE TABLE auth_user (
    id integer NOT NULL,
    password character varying(128) NOT NULL,
    last_login timestamp with time zone,
    is_superuser boolean NOT NULL,
    username character varying(30) NOT NULL,
    first_name character varying(30) NOT NULL,
    last_name character varying(30) NOT NULL,
    email character varying(254) NOT NULL,
    is_staff boolean NOT NULL,
    is_active boolean NOT NULL,
    date_joined timestamp with time zone NOT NULL
);


ALTER TABLE auth_user OWNER TO sigbadmin;

--
-- TOC entry 185 (class 1259 OID 49677)
-- Name: auth_user_groups; Type: TABLE; Schema: public; Owner: sigbadmin; Tablespace: 
--

CREATE TABLE auth_user_groups (
    id integer NOT NULL,
    user_id integer NOT NULL,
    group_id integer NOT NULL
);


ALTER TABLE auth_user_groups OWNER TO sigbadmin;

--
-- TOC entry 184 (class 1259 OID 49675)
-- Name: auth_user_groups_id_seq; Type: SEQUENCE; Schema: public; Owner: sigbadmin
--

CREATE SEQUENCE auth_user_groups_id_seq
    START WITH 1
    INCREMENT BY 1
    NO MINVALUE
    NO MAXVALUE
    CACHE 1;


ALTER TABLE auth_user_groups_id_seq OWNER TO sigbadmin;

--
-- TOC entry 3197 (class 0 OID 0)
-- Dependencies: 184
-- Name: auth_user_groups_id_seq; Type: SEQUENCE OWNED BY; Schema: public; Owner: sigbadmin
--

ALTER SEQUENCE auth_user_groups_id_seq OWNED BY auth_user_groups.id;


--
-- TOC entry 182 (class 1259 OID 49665)
-- Name: auth_user_id_seq; Type: SEQUENCE; Schema: public; Owner: sigbadmin
--

CREATE SEQUENCE auth_user_id_seq
    START WITH 1
    INCREMENT BY 1
    NO MINVALUE
    NO MAXVALUE
    CACHE 1;


ALTER TABLE auth_user_id_seq OWNER TO sigbadmin;

--
-- TOC entry 3198 (class 0 OID 0)
-- Dependencies: 182
-- Name: auth_user_id_seq; Type: SEQUENCE OWNED BY; Schema: public; Owner: sigbadmin
--

ALTER SEQUENCE auth_user_id_seq OWNED BY auth_user.id;


--
-- TOC entry 187 (class 1259 OID 49687)
-- Name: auth_user_user_permissions; Type: TABLE; Schema: public; Owner: sigbadmin; Tablespace: 
--

CREATE TABLE auth_user_user_permissions (
    id integer NOT NULL,
    user_id integer NOT NULL,
    permission_id integer NOT NULL
);


ALTER TABLE auth_user_user_permissions OWNER TO sigbadmin;

--
-- TOC entry 186 (class 1259 OID 49685)
-- Name: auth_user_user_permissions_id_seq; Type: SEQUENCE; Schema: public; Owner: sigbadmin
--

CREATE SEQUENCE auth_user_user_permissions_id_seq
    START WITH 1
    INCREMENT BY 1
    NO MINVALUE
    NO MAXVALUE
    CACHE 1;


ALTER TABLE auth_user_user_permissions_id_seq OWNER TO sigbadmin;

--
-- TOC entry 3199 (class 0 OID 0)
-- Dependencies: 186
-- Name: auth_user_user_permissions_id_seq; Type: SEQUENCE OWNED BY; Schema: public; Owner: sigbadmin
--

ALTER SEQUENCE auth_user_user_permissions_id_seq OWNED BY auth_user_user_permissions.id;


--
-- TOC entry 224 (class 1259 OID 65559)
-- Name: bar_caja; Type: TABLE; Schema: public; Owner: sigbadmin; Tablespace: 
--

CREATE TABLE bar_caja (
    id integer NOT NULL,
    estado_id integer NOT NULL,
    ubicacion_id integer NOT NULL,
    numero_caja integer NOT NULL,
    punto_expedicion character varying(3) NOT NULL,
    marca character varying(50) NOT NULL,
    modelo_fabricacion character varying(100) NOT NULL,
    numero_serie character varying(20) NOT NULL,
    CONSTRAINT bar_caja_numero_caja_check CHECK ((numero_caja >= 0))
);


ALTER TABLE bar_caja OWNER TO sigbadmin;

--
-- TOC entry 223 (class 1259 OID 65557)
-- Name: bar_caja_id_seq; Type: SEQUENCE; Schema: public; Owner: sigbadmin
--

CREATE SEQUENCE bar_caja_id_seq
    START WITH 1
    INCREMENT BY 1
    NO MINVALUE
    NO MAXVALUE
    CACHE 1;


ALTER TABLE bar_caja_id_seq OWNER TO sigbadmin;

--
-- TOC entry 3200 (class 0 OID 0)
-- Dependencies: 223
-- Name: bar_caja_id_seq; Type: SEQUENCE OWNED BY; Schema: public; Owner: sigbadmin
--

ALTER SEQUENCE bar_caja_id_seq OWNED BY bar_caja.id;


--
-- TOC entry 191 (class 1259 OID 49765)
-- Name: bar_cajaestado; Type: TABLE; Schema: public; Owner: sigbadmin; Tablespace: 
--

CREATE TABLE bar_cajaestado (
    id integer NOT NULL,
    caja_estado character varying(2) NOT NULL,
    descripcion character varying(200) NOT NULL
);


ALTER TABLE bar_cajaestado OWNER TO sigbadmin;

--
-- TOC entry 190 (class 1259 OID 49763)
-- Name: bar_cajaestado_id_seq; Type: SEQUENCE; Schema: public; Owner: sigbadmin
--

CREATE SEQUENCE bar_cajaestado_id_seq
    START WITH 1
    INCREMENT BY 1
    NO MINVALUE
    NO MAXVALUE
    CACHE 1;


ALTER TABLE bar_cajaestado_id_seq OWNER TO sigbadmin;

--
-- TOC entry 3201 (class 0 OID 0)
-- Dependencies: 190
-- Name: bar_cajaestado_id_seq; Type: SEQUENCE OWNED BY; Schema: public; Owner: sigbadmin
--

ALTER SEQUENCE bar_cajaestado_id_seq OWNED BY bar_cajaestado.id;


--
-- TOC entry 226 (class 1259 OID 65567)
-- Name: bar_cajaubicacion; Type: TABLE; Schema: public; Owner: sigbadmin; Tablespace: 
--

CREATE TABLE bar_cajaubicacion (
    id integer NOT NULL,
    descripcion character varying(100) NOT NULL,
    caja_ubicacion character varying(30) NOT NULL
);


ALTER TABLE bar_cajaubicacion OWNER TO sigbadmin;

--
-- TOC entry 225 (class 1259 OID 65565)
-- Name: bar_cajaubicacion_id_seq; Type: SEQUENCE; Schema: public; Owner: sigbadmin
--

CREATE SEQUENCE bar_cajaubicacion_id_seq
    START WITH 1
    INCREMENT BY 1
    NO MINVALUE
    NO MAXVALUE
    CACHE 1;


ALTER TABLE bar_cajaubicacion_id_seq OWNER TO sigbadmin;

--
-- TOC entry 3202 (class 0 OID 0)
-- Dependencies: 225
-- Name: bar_cajaubicacion_id_seq; Type: SEQUENCE OWNED BY; Schema: public; Owner: sigbadmin
--

ALTER SEQUENCE bar_cajaubicacion_id_seq OWNED BY bar_cajaubicacion.id;


--
-- TOC entry 214 (class 1259 OID 57346)
-- Name: bar_categoriaproducto; Type: TABLE; Schema: public; Owner: sigbadmin; Tablespace: 
--

CREATE TABLE bar_categoriaproducto (
    id integer NOT NULL,
    categoria character varying(2) NOT NULL,
    descripcion character varying(200) NOT NULL
);


ALTER TABLE bar_categoriaproducto OWNER TO sigbadmin;

--
-- TOC entry 213 (class 1259 OID 57344)
-- Name: bar_categoriaproducto_id_seq; Type: SEQUENCE; Schema: public; Owner: sigbadmin
--

CREATE SEQUENCE bar_categoriaproducto_id_seq
    START WITH 1
    INCREMENT BY 1
    NO MINVALUE
    NO MAXVALUE
    CACHE 1;


ALTER TABLE bar_categoriaproducto_id_seq OWNER TO sigbadmin;

--
-- TOC entry 3203 (class 0 OID 0)
-- Dependencies: 213
-- Name: bar_categoriaproducto_id_seq; Type: SEQUENCE OWNED BY; Schema: public; Owner: sigbadmin
--

ALTER SEQUENCE bar_categoriaproducto_id_seq OWNED BY bar_categoriaproducto.id;


--
-- TOC entry 250 (class 1259 OID 82009)
-- Name: bar_ciudad; Type: TABLE; Schema: public; Owner: sigbadmin; Tablespace: 
--

CREATE TABLE bar_ciudad (
    id integer NOT NULL,
    ciudad character varying(100) NOT NULL,
    pais_id integer NOT NULL
);


ALTER TABLE bar_ciudad OWNER TO sigbadmin;

--
-- TOC entry 249 (class 1259 OID 82007)
-- Name: bar_ciudad_id_seq; Type: SEQUENCE; Schema: public; Owner: sigbadmin
--

CREATE SEQUENCE bar_ciudad_id_seq
    START WITH 1
    INCREMENT BY 1
    NO MINVALUE
    NO MAXVALUE
    CACHE 1;


ALTER TABLE bar_ciudad_id_seq OWNER TO sigbadmin;

--
-- TOC entry 3204 (class 0 OID 0)
-- Dependencies: 249
-- Name: bar_ciudad_id_seq; Type: SEQUENCE OWNED BY; Schema: public; Owner: sigbadmin
--

ALTER SEQUENCE bar_ciudad_id_seq OWNED BY bar_ciudad.id;


--
-- TOC entry 276 (class 1259 OID 100086)
-- Name: bar_codigooperadoratelefono; Type: TABLE; Schema: public; Owner: sigbadmin; Tablespace: 
--

CREATE TABLE bar_codigooperadoratelefono (
    id integer NOT NULL,
    codigo_operadora_telefono integer NOT NULL,
    tipo_operadora character varying(2) NOT NULL,
    codigo_pais_telefono_id integer NOT NULL,
    CONSTRAINT bar_codigooperadoratel_codigo_operadora_telefono_177cdccb_check CHECK ((codigo_operadora_telefono >= 0))
);


ALTER TABLE bar_codigooperadoratelefono OWNER TO sigbadmin;

--
-- TOC entry 275 (class 1259 OID 100084)
-- Name: bar_codigooperadoratelefono_id_seq; Type: SEQUENCE; Schema: public; Owner: sigbadmin
--

CREATE SEQUENCE bar_codigooperadoratelefono_id_seq
    START WITH 1
    INCREMENT BY 1
    NO MINVALUE
    NO MAXVALUE
    CACHE 1;


ALTER TABLE bar_codigooperadoratelefono_id_seq OWNER TO sigbadmin;

--
-- TOC entry 3205 (class 0 OID 0)
-- Dependencies: 275
-- Name: bar_codigooperadoratelefono_id_seq; Type: SEQUENCE OWNED BY; Schema: public; Owner: sigbadmin
--

ALTER SEQUENCE bar_codigooperadoratelefono_id_seq OWNED BY bar_codigooperadoratelefono.id;


--
-- TOC entry 240 (class 1259 OID 73859)
-- Name: bar_codigopaistelefono; Type: TABLE; Schema: public; Owner: sigbadmin; Tablespace: 
--

CREATE TABLE bar_codigopaistelefono (
    id integer NOT NULL,
    codigo_pais_telefono integer NOT NULL,
    pais_id integer NOT NULL,
    CONSTRAINT bar_codigopaistelefono_codigo_pais_telefono_706a4aeb_check CHECK ((codigo_pais_telefono >= 0))
);


ALTER TABLE bar_codigopaistelefono OWNER TO sigbadmin;

--
-- TOC entry 239 (class 1259 OID 73857)
-- Name: bar_codigopaistelefono_id_seq; Type: SEQUENCE; Schema: public; Owner: sigbadmin
--

CREATE SEQUENCE bar_codigopaistelefono_id_seq
    START WITH 1
    INCREMENT BY 1
    NO MINVALUE
    NO MAXVALUE
    CACHE 1;


ALTER TABLE bar_codigopaistelefono_id_seq OWNER TO sigbadmin;

--
-- TOC entry 3206 (class 0 OID 0)
-- Dependencies: 239
-- Name: bar_codigopaistelefono_id_seq; Type: SEQUENCE OWNED BY; Schema: public; Owner: sigbadmin
--

ALTER SEQUENCE bar_codigopaistelefono_id_seq OWNED BY bar_codigopaistelefono.id;


--
-- TOC entry 254 (class 1259 OID 90132)
-- Name: bar_compraestado; Type: TABLE; Schema: public; Owner: sigbadmin; Tablespace: 
--

CREATE TABLE bar_compraestado (
    id integer NOT NULL,
    estado_compra character varying(3) NOT NULL,
    descripcion character varying(200) NOT NULL
);


ALTER TABLE bar_compraestado OWNER TO sigbadmin;

--
-- TOC entry 253 (class 1259 OID 90130)
-- Name: bar_compraestado_id_seq; Type: SEQUENCE; Schema: public; Owner: sigbadmin
--

CREATE SEQUENCE bar_compraestado_id_seq
    START WITH 1
    INCREMENT BY 1
    NO MINVALUE
    NO MAXVALUE
    CACHE 1;


ALTER TABLE bar_compraestado_id_seq OWNER TO sigbadmin;

--
-- TOC entry 3207 (class 0 OID 0)
-- Dependencies: 253
-- Name: bar_compraestado_id_seq; Type: SEQUENCE OWNED BY; Schema: public; Owner: sigbadmin
--

ALTER SEQUENCE bar_compraestado_id_seq OWNED BY bar_compraestado.id;


--
-- TOC entry 236 (class 1259 OID 73791)
-- Name: bar_cotizacion; Type: TABLE; Schema: public; Owner: sigbadmin; Tablespace: 
--

CREATE TABLE bar_cotizacion (
    id integer NOT NULL,
    fecha_cotizacion timestamp with time zone NOT NULL,
    cotizacion numeric(20,2) NOT NULL,
    moneda_id integer NOT NULL
);


ALTER TABLE bar_cotizacion OWNER TO sigbadmin;

--
-- TOC entry 235 (class 1259 OID 73789)
-- Name: bar_cotizacion_id_seq; Type: SEQUENCE; Schema: public; Owner: sigbadmin
--

CREATE SEQUENCE bar_cotizacion_id_seq
    START WITH 1
    INCREMENT BY 1
    NO MINVALUE
    NO MAXVALUE
    CACHE 1;


ALTER TABLE bar_cotizacion_id_seq OWNER TO sigbadmin;

--
-- TOC entry 3208 (class 0 OID 0)
-- Dependencies: 235
-- Name: bar_cotizacion_id_seq; Type: SEQUENCE OWNED BY; Schema: public; Owner: sigbadmin
--

ALTER SEQUENCE bar_cotizacion_id_seq OWNED BY bar_cotizacion.id;


--
-- TOC entry 274 (class 1259 OID 92252)
-- Name: bar_deposito; Type: TABLE; Schema: public; Owner: sigbadmin; Tablespace: 
--

CREATE TABLE bar_deposito (
    id integer NOT NULL,
    deposito character varying(3) NOT NULL,
    descripcion character varying(200) NOT NULL,
    tipo_deposito_id integer NOT NULL
);


ALTER TABLE bar_deposito OWNER TO sigbadmin;

--
-- TOC entry 273 (class 1259 OID 92250)
-- Name: bar_deposito_id_seq; Type: SEQUENCE; Schema: public; Owner: sigbadmin
--

CREATE SEQUENCE bar_deposito_id_seq
    START WITH 1
    INCREMENT BY 1
    NO MINVALUE
    NO MAXVALUE
    CACHE 1;


ALTER TABLE bar_deposito_id_seq OWNER TO sigbadmin;

--
-- TOC entry 3209 (class 0 OID 0)
-- Dependencies: 273
-- Name: bar_deposito_id_seq; Type: SEQUENCE OWNED BY; Schema: public; Owner: sigbadmin
--

ALTER SEQUENCE bar_deposito_id_seq OWNED BY bar_deposito.id;


--
-- TOC entry 193 (class 1259 OID 49773)
-- Name: bar_documento; Type: TABLE; Schema: public; Owner: sigbadmin; Tablespace: 
--

CREATE TABLE bar_documento (
    id integer NOT NULL,
    documento character varying(3) NOT NULL,
    descripcion character varying(50) NOT NULL
);


ALTER TABLE bar_documento OWNER TO sigbadmin;

--
-- TOC entry 192 (class 1259 OID 49771)
-- Name: bar_documento_id_seq; Type: SEQUENCE; Schema: public; Owner: sigbadmin
--

CREATE SEQUENCE bar_documento_id_seq
    START WITH 1
    INCREMENT BY 1
    NO MINVALUE
    NO MAXVALUE
    CACHE 1;


ALTER TABLE bar_documento_id_seq OWNER TO sigbadmin;

--
-- TOC entry 3210 (class 0 OID 0)
-- Dependencies: 192
-- Name: bar_documento_id_seq; Type: SEQUENCE OWNED BY; Schema: public; Owner: sigbadmin
--

ALTER SEQUENCE bar_documento_id_seq OWNED BY bar_documento.id;


--
-- TOC entry 331 (class 1259 OID 118617)
-- Name: bar_facturaventa; Type: TABLE; Schema: public; Owner: sigbadmin; Tablespace: 
--

CREATE TABLE bar_facturaventa (
    id integer NOT NULL,
    estado character varying(2) NOT NULL,
    numero_factura_inicial numeric(7,0) NOT NULL,
    numero_factura_final numeric(7,0) NOT NULL,
    numero_factura_actual numeric(7,0) NOT NULL,
    caja_id integer NOT NULL,
    empresa_id integer NOT NULL
);


ALTER TABLE bar_facturaventa OWNER TO sigbadmin;

--
-- TOC entry 330 (class 1259 OID 118615)
-- Name: bar_facturaventa_id_seq; Type: SEQUENCE; Schema: public; Owner: sigbadmin
--

CREATE SEQUENCE bar_facturaventa_id_seq
    START WITH 1
    INCREMENT BY 1
    NO MINVALUE
    NO MAXVALUE
    CACHE 1;


ALTER TABLE bar_facturaventa_id_seq OWNER TO sigbadmin;

--
-- TOC entry 3211 (class 0 OID 0)
-- Dependencies: 330
-- Name: bar_facturaventa_id_seq; Type: SEQUENCE OWNED BY; Schema: public; Owner: sigbadmin
--

ALTER SEQUENCE bar_facturaventa_id_seq OWNED BY bar_facturaventa.id;


--
-- TOC entry 242 (class 1259 OID 74078)
-- Name: bar_formapagocompra; Type: TABLE; Schema: public; Owner: sigbadmin; Tablespace: 
--

CREATE TABLE bar_formapagocompra (
    id integer NOT NULL,
    forma_pago_compra character varying(2) NOT NULL,
    plazo_compra integer NOT NULL,
    CONSTRAINT bar_formapagocompra_plazo_compra_419976a3_check CHECK ((plazo_compra >= 0))
);


ALTER TABLE bar_formapagocompra OWNER TO sigbadmin;

--
-- TOC entry 241 (class 1259 OID 74076)
-- Name: bar_formapagocompra_id_seq; Type: SEQUENCE; Schema: public; Owner: sigbadmin
--

CREATE SEQUENCE bar_formapagocompra_id_seq
    START WITH 1
    INCREMENT BY 1
    NO MINVALUE
    NO MAXVALUE
    CACHE 1;


ALTER TABLE bar_formapagocompra_id_seq OWNER TO sigbadmin;

--
-- TOC entry 3212 (class 0 OID 0)
-- Dependencies: 241
-- Name: bar_formapagocompra_id_seq; Type: SEQUENCE OWNED BY; Schema: public; Owner: sigbadmin
--

ALTER SEQUENCE bar_formapagocompra_id_seq OWNED BY bar_formapagocompra.id;


--
-- TOC entry 244 (class 1259 OID 74086)
-- Name: bar_formapagoventa; Type: TABLE; Schema: public; Owner: sigbadmin; Tablespace: 
--

CREATE TABLE bar_formapagoventa (
    id integer NOT NULL,
    forma_pago_venta character varying(2) NOT NULL
);


ALTER TABLE bar_formapagoventa OWNER TO sigbadmin;

--
-- TOC entry 243 (class 1259 OID 74084)
-- Name: bar_formapagoventa_id_seq; Type: SEQUENCE; Schema: public; Owner: sigbadmin
--

CREATE SEQUENCE bar_formapagoventa_id_seq
    START WITH 1
    INCREMENT BY 1
    NO MINVALUE
    NO MAXVALUE
    CACHE 1;


ALTER TABLE bar_formapagoventa_id_seq OWNER TO sigbadmin;

--
-- TOC entry 3213 (class 0 OID 0)
-- Dependencies: 243
-- Name: bar_formapagoventa_id_seq; Type: SEQUENCE OWNED BY; Schema: public; Owner: sigbadmin
--

ALTER SEQUENCE bar_formapagoventa_id_seq OWNED BY bar_formapagoventa.id;


--
-- TOC entry 228 (class 1259 OID 65575)
-- Name: bar_mesa; Type: TABLE; Schema: public; Owner: sigbadmin; Tablespace: 
--

CREATE TABLE bar_mesa (
    id integer NOT NULL,
    estado_id integer NOT NULL,
    ubicacion_id integer NOT NULL,
    nombre_mesa character varying(20) NOT NULL,
    numero_mesa integer NOT NULL,
    CONSTRAINT bar_mesa_numero_mesa_check CHECK ((numero_mesa >= 0))
);


ALTER TABLE bar_mesa OWNER TO sigbadmin;

--
-- TOC entry 227 (class 1259 OID 65573)
-- Name: bar_mesa_id_seq; Type: SEQUENCE; Schema: public; Owner: sigbadmin
--

CREATE SEQUENCE bar_mesa_id_seq
    START WITH 1
    INCREMENT BY 1
    NO MINVALUE
    NO MAXVALUE
    CACHE 1;


ALTER TABLE bar_mesa_id_seq OWNER TO sigbadmin;

--
-- TOC entry 3214 (class 0 OID 0)
-- Dependencies: 227
-- Name: bar_mesa_id_seq; Type: SEQUENCE OWNED BY; Schema: public; Owner: sigbadmin
--

ALTER SEQUENCE bar_mesa_id_seq OWNED BY bar_mesa.id;


--
-- TOC entry 195 (class 1259 OID 49781)
-- Name: bar_mesaestado; Type: TABLE; Schema: public; Owner: sigbadmin; Tablespace: 
--

CREATE TABLE bar_mesaestado (
    id integer NOT NULL,
    mesa_estado character varying(2) NOT NULL,
    descripcion character varying(200) NOT NULL
);


ALTER TABLE bar_mesaestado OWNER TO sigbadmin;

--
-- TOC entry 194 (class 1259 OID 49779)
-- Name: bar_mesaestado_id_seq; Type: SEQUENCE; Schema: public; Owner: sigbadmin
--

CREATE SEQUENCE bar_mesaestado_id_seq
    START WITH 1
    INCREMENT BY 1
    NO MINVALUE
    NO MAXVALUE
    CACHE 1;


ALTER TABLE bar_mesaestado_id_seq OWNER TO sigbadmin;

--
-- TOC entry 3215 (class 0 OID 0)
-- Dependencies: 194
-- Name: bar_mesaestado_id_seq; Type: SEQUENCE OWNED BY; Schema: public; Owner: sigbadmin
--

ALTER SEQUENCE bar_mesaestado_id_seq OWNED BY bar_mesaestado.id;


--
-- TOC entry 230 (class 1259 OID 65583)
-- Name: bar_mesaubicacion; Type: TABLE; Schema: public; Owner: sigbadmin; Tablespace: 
--

CREATE TABLE bar_mesaubicacion (
    id integer NOT NULL,
    descripcion character varying(100) NOT NULL,
    mesa_ubicacion character varying(30) NOT NULL
);


ALTER TABLE bar_mesaubicacion OWNER TO sigbadmin;

--
-- TOC entry 229 (class 1259 OID 65581)
-- Name: bar_mesaubicacion_id_seq; Type: SEQUENCE; Schema: public; Owner: sigbadmin
--

CREATE SEQUENCE bar_mesaubicacion_id_seq
    START WITH 1
    INCREMENT BY 1
    NO MINVALUE
    NO MAXVALUE
    CACHE 1;


ALTER TABLE bar_mesaubicacion_id_seq OWNER TO sigbadmin;

--
-- TOC entry 3216 (class 0 OID 0)
-- Dependencies: 229
-- Name: bar_mesaubicacion_id_seq; Type: SEQUENCE OWNED BY; Schema: public; Owner: sigbadmin
--

ALTER SEQUENCE bar_mesaubicacion_id_seq OWNED BY bar_mesaubicacion.id;


--
-- TOC entry 238 (class 1259 OID 73799)
-- Name: bar_moneda; Type: TABLE; Schema: public; Owner: sigbadmin; Tablespace: 
--

CREATE TABLE bar_moneda (
    id integer NOT NULL,
    codigo_moneda integer NOT NULL,
    moneda character varying(100) NOT NULL,
    abreviacion_moneda character varying(5) NOT NULL,
    CONSTRAINT bar_moneda_codigo_moneda_22cbce7c_check CHECK ((codigo_moneda >= 0))
);


ALTER TABLE bar_moneda OWNER TO sigbadmin;

--
-- TOC entry 237 (class 1259 OID 73797)
-- Name: bar_moneda_id_seq; Type: SEQUENCE; Schema: public; Owner: sigbadmin
--

CREATE SEQUENCE bar_moneda_id_seq
    START WITH 1
    INCREMENT BY 1
    NO MINVALUE
    NO MAXVALUE
    CACHE 1;


ALTER TABLE bar_moneda_id_seq OWNER TO sigbadmin;

--
-- TOC entry 3217 (class 0 OID 0)
-- Dependencies: 237
-- Name: bar_moneda_id_seq; Type: SEQUENCE OWNED BY; Schema: public; Owner: sigbadmin
--

ALTER SEQUENCE bar_moneda_id_seq OWNED BY bar_moneda.id;


--
-- TOC entry 256 (class 1259 OID 90819)
-- Name: bar_ordencompraestado; Type: TABLE; Schema: public; Owner: sigbadmin; Tablespace: 
--

CREATE TABLE bar_ordencompraestado (
    id integer NOT NULL,
    estado_orden_compra character varying(3) NOT NULL,
    descripcion character varying(200) NOT NULL
);


ALTER TABLE bar_ordencompraestado OWNER TO sigbadmin;

--
-- TOC entry 255 (class 1259 OID 90817)
-- Name: bar_ordencompraestado_id_seq; Type: SEQUENCE; Schema: public; Owner: sigbadmin
--

CREATE SEQUENCE bar_ordencompraestado_id_seq
    START WITH 1
    INCREMENT BY 1
    NO MINVALUE
    NO MAXVALUE
    CACHE 1;


ALTER TABLE bar_ordencompraestado_id_seq OWNER TO sigbadmin;

--
-- TOC entry 3218 (class 0 OID 0)
-- Dependencies: 255
-- Name: bar_ordencompraestado_id_seq; Type: SEQUENCE OWNED BY; Schema: public; Owner: sigbadmin
--

ALTER SEQUENCE bar_ordencompraestado_id_seq OWNED BY bar_ordencompraestado.id;


--
-- TOC entry 252 (class 1259 OID 82017)
-- Name: bar_pais; Type: TABLE; Schema: public; Owner: sigbadmin; Tablespace: 
--

CREATE TABLE bar_pais (
    id integer NOT NULL,
    pais character varying(100) NOT NULL
);


ALTER TABLE bar_pais OWNER TO sigbadmin;

--
-- TOC entry 251 (class 1259 OID 82015)
-- Name: bar_pais_id_seq; Type: SEQUENCE; Schema: public; Owner: sigbadmin
--

CREATE SEQUENCE bar_pais_id_seq
    START WITH 1
    INCREMENT BY 1
    NO MINVALUE
    NO MAXVALUE
    CACHE 1;


ALTER TABLE bar_pais_id_seq OWNER TO sigbadmin;

--
-- TOC entry 3219 (class 0 OID 0)
-- Dependencies: 251
-- Name: bar_pais_id_seq; Type: SEQUENCE OWNED BY; Schema: public; Owner: sigbadmin
--

ALTER SEQUENCE bar_pais_id_seq OWNED BY bar_pais.id;


--
-- TOC entry 284 (class 1259 OID 108838)
-- Name: bar_pedidoestado; Type: TABLE; Schema: public; Owner: sigbadmin; Tablespace: 
--

CREATE TABLE bar_pedidoestado (
    id integer NOT NULL,
    pedido_estado character varying(3) NOT NULL,
    descripcion character varying(200) NOT NULL
);


ALTER TABLE bar_pedidoestado OWNER TO sigbadmin;

--
-- TOC entry 283 (class 1259 OID 108836)
-- Name: bar_pedidoestado_id_seq; Type: SEQUENCE; Schema: public; Owner: sigbadmin
--

CREATE SEQUENCE bar_pedidoestado_id_seq
    START WITH 1
    INCREMENT BY 1
    NO MINVALUE
    NO MAXVALUE
    CACHE 1;


ALTER TABLE bar_pedidoestado_id_seq OWNER TO sigbadmin;

--
-- TOC entry 3220 (class 0 OID 0)
-- Dependencies: 283
-- Name: bar_pedidoestado_id_seq; Type: SEQUENCE OWNED BY; Schema: public; Owner: sigbadmin
--

ALTER SEQUENCE bar_pedidoestado_id_seq OWNED BY bar_pedidoestado.id;


--
-- TOC entry 272 (class 1259 OID 92159)
-- Name: bar_persona; Type: TABLE; Schema: public; Owner: sigbadmin; Tablespace: 
--

CREATE TABLE bar_persona (
    id integer NOT NULL,
    persona character varying(1) NOT NULL
);


ALTER TABLE bar_persona OWNER TO sigbadmin;

--
-- TOC entry 271 (class 1259 OID 92157)
-- Name: bar_persona_id_seq; Type: SEQUENCE; Schema: public; Owner: sigbadmin
--

CREATE SEQUENCE bar_persona_id_seq
    START WITH 1
    INCREMENT BY 1
    NO MINVALUE
    NO MAXVALUE
    CACHE 1;


ALTER TABLE bar_persona_id_seq OWNER TO sigbadmin;

--
-- TOC entry 3221 (class 0 OID 0)
-- Dependencies: 271
-- Name: bar_persona_id_seq; Type: SEQUENCE OWNED BY; Schema: public; Owner: sigbadmin
--

ALTER SEQUENCE bar_persona_id_seq OWNED BY bar_persona.id;


--
-- TOC entry 197 (class 1259 OID 49789)
-- Name: bar_reservaestado; Type: TABLE; Schema: public; Owner: sigbadmin; Tablespace: 
--

CREATE TABLE bar_reservaestado (
    id integer NOT NULL,
    reserva_estado character varying(3) NOT NULL,
    descripcion character varying(200) NOT NULL
);


ALTER TABLE bar_reservaestado OWNER TO sigbadmin;

--
-- TOC entry 196 (class 1259 OID 49787)
-- Name: bar_reservaestado_id_seq; Type: SEQUENCE; Schema: public; Owner: sigbadmin
--

CREATE SEQUENCE bar_reservaestado_id_seq
    START WITH 1
    INCREMENT BY 1
    NO MINVALUE
    NO MAXVALUE
    CACHE 1;


ALTER TABLE bar_reservaestado_id_seq OWNER TO sigbadmin;

--
-- TOC entry 3222 (class 0 OID 0)
-- Dependencies: 196
-- Name: bar_reservaestado_id_seq; Type: SEQUENCE OWNED BY; Schema: public; Owner: sigbadmin
--

ALTER SEQUENCE bar_reservaestado_id_seq OWNED BY bar_reservaestado.id;


--
-- TOC entry 268 (class 1259 OID 92003)
-- Name: bar_subcategoriaproducto; Type: TABLE; Schema: public; Owner: sigbadmin; Tablespace: 
--

CREATE TABLE bar_subcategoriaproducto (
    id integer NOT NULL,
    subcategoria character varying(3) NOT NULL,
    descripcion character varying(200) NOT NULL,
    categoria_id integer NOT NULL
);


ALTER TABLE bar_subcategoriaproducto OWNER TO sigbadmin;

--
-- TOC entry 267 (class 1259 OID 92001)
-- Name: bar_subcategoriaproducto_id_seq; Type: SEQUENCE; Schema: public; Owner: sigbadmin
--

CREATE SEQUENCE bar_subcategoriaproducto_id_seq
    START WITH 1
    INCREMENT BY 1
    NO MINVALUE
    NO MAXVALUE
    CACHE 1;


ALTER TABLE bar_subcategoriaproducto_id_seq OWNER TO sigbadmin;

--
-- TOC entry 3223 (class 0 OID 0)
-- Dependencies: 267
-- Name: bar_subcategoriaproducto_id_seq; Type: SEQUENCE OWNED BY; Schema: public; Owner: sigbadmin
--

ALTER SEQUENCE bar_subcategoriaproducto_id_seq OWNED BY bar_subcategoriaproducto.id;


--
-- TOC entry 300 (class 1259 OID 116535)
-- Name: bar_timbrado; Type: TABLE; Schema: public; Owner: sigbadmin; Tablespace: 
--

CREATE TABLE bar_timbrado (
    id integer NOT NULL,
    descripcion_timbrado character varying(200) NOT NULL,
    fecha_limite_vigencia_timbrado date NOT NULL,
    fecha_autorizacion_timbrado date NOT NULL,
    estado_timbrado character varying(2) NOT NULL,
    timbrado numeric(8,0) NOT NULL,
    empresa_id integer NOT NULL
);


ALTER TABLE bar_timbrado OWNER TO sigbadmin;

--
-- TOC entry 299 (class 1259 OID 116533)
-- Name: bar_timbrado_id_seq; Type: SEQUENCE; Schema: public; Owner: sigbadmin
--

CREATE SEQUENCE bar_timbrado_id_seq
    START WITH 1
    INCREMENT BY 1
    NO MINVALUE
    NO MAXVALUE
    CACHE 1;


ALTER TABLE bar_timbrado_id_seq OWNER TO sigbadmin;

--
-- TOC entry 3224 (class 0 OID 0)
-- Dependencies: 299
-- Name: bar_timbrado_id_seq; Type: SEQUENCE OWNED BY; Schema: public; Owner: sigbadmin
--

ALTER SEQUENCE bar_timbrado_id_seq OWNED BY bar_timbrado.id;


--
-- TOC entry 232 (class 1259 OID 65642)
-- Name: bar_tipodeposito; Type: TABLE; Schema: public; Owner: sigbadmin; Tablespace: 
--

CREATE TABLE bar_tipodeposito (
    id integer NOT NULL,
    tipo_deposito character varying(2) NOT NULL,
    descripcion character varying(200) NOT NULL
);


ALTER TABLE bar_tipodeposito OWNER TO sigbadmin;

--
-- TOC entry 231 (class 1259 OID 65640)
-- Name: bar_tipodeposito_id_seq; Type: SEQUENCE; Schema: public; Owner: sigbadmin
--

CREATE SEQUENCE bar_tipodeposito_id_seq
    START WITH 1
    INCREMENT BY 1
    NO MINVALUE
    NO MAXVALUE
    CACHE 1;


ALTER TABLE bar_tipodeposito_id_seq OWNER TO sigbadmin;

--
-- TOC entry 3225 (class 0 OID 0)
-- Dependencies: 231
-- Name: bar_tipodeposito_id_seq; Type: SEQUENCE OWNED BY; Schema: public; Owner: sigbadmin
--

ALTER SEQUENCE bar_tipodeposito_id_seq OWNED BY bar_tipodeposito.id;


--
-- TOC entry 311 (class 1259 OID 117552)
-- Name: bar_tipofacturacompra; Type: TABLE; Schema: public; Owner: sigbadmin; Tablespace: 
--

CREATE TABLE bar_tipofacturacompra (
    id integer NOT NULL,
    tipo_factura_compra character varying(3) NOT NULL,
    descripcion character varying(200) NOT NULL
);


ALTER TABLE bar_tipofacturacompra OWNER TO sigbadmin;

--
-- TOC entry 310 (class 1259 OID 117550)
-- Name: bar_tipofacturacompra_id_seq; Type: SEQUENCE; Schema: public; Owner: sigbadmin
--

CREATE SEQUENCE bar_tipofacturacompra_id_seq
    START WITH 1
    INCREMENT BY 1
    NO MINVALUE
    NO MAXVALUE
    CACHE 1;


ALTER TABLE bar_tipofacturacompra_id_seq OWNER TO sigbadmin;

--
-- TOC entry 3226 (class 0 OID 0)
-- Dependencies: 310
-- Name: bar_tipofacturacompra_id_seq; Type: SEQUENCE OWNED BY; Schema: public; Owner: sigbadmin
--

ALTER SEQUENCE bar_tipofacturacompra_id_seq OWNED BY bar_tipofacturacompra.id;


--
-- TOC entry 307 (class 1259 OID 117422)
-- Name: bar_tipomovimientostock; Type: TABLE; Schema: public; Owner: sigbadmin; Tablespace: 
--

CREATE TABLE bar_tipomovimientostock (
    id integer NOT NULL,
    tipo_movimiento_stock character varying(2) NOT NULL,
    descripcion character varying(200) NOT NULL
);


ALTER TABLE bar_tipomovimientostock OWNER TO sigbadmin;

--
-- TOC entry 306 (class 1259 OID 117420)
-- Name: bar_tipomovimientostock_id_seq; Type: SEQUENCE; Schema: public; Owner: sigbadmin
--

CREATE SEQUENCE bar_tipomovimientostock_id_seq
    START WITH 1
    INCREMENT BY 1
    NO MINVALUE
    NO MAXVALUE
    CACHE 1;


ALTER TABLE bar_tipomovimientostock_id_seq OWNER TO sigbadmin;

--
-- TOC entry 3227 (class 0 OID 0)
-- Dependencies: 306
-- Name: bar_tipomovimientostock_id_seq; Type: SEQUENCE OWNED BY; Schema: public; Owner: sigbadmin
--

ALTER SEQUENCE bar_tipomovimientostock_id_seq OWNED BY bar_tipomovimientostock.id;


--
-- TOC entry 234 (class 1259 OID 65650)
-- Name: bar_tipoproducto; Type: TABLE; Schema: public; Owner: sigbadmin; Tablespace: 
--

CREATE TABLE bar_tipoproducto (
    id integer NOT NULL,
    tipo_producto character varying(2) NOT NULL,
    descripcion character varying(200) NOT NULL
);


ALTER TABLE bar_tipoproducto OWNER TO sigbadmin;

--
-- TOC entry 233 (class 1259 OID 65648)
-- Name: bar_tipoproducto_id_seq; Type: SEQUENCE; Schema: public; Owner: sigbadmin
--

CREATE SEQUENCE bar_tipoproducto_id_seq
    START WITH 1
    INCREMENT BY 1
    NO MINVALUE
    NO MAXVALUE
    CACHE 1;


ALTER TABLE bar_tipoproducto_id_seq OWNER TO sigbadmin;

--
-- TOC entry 3228 (class 0 OID 0)
-- Dependencies: 233
-- Name: bar_tipoproducto_id_seq; Type: SEQUENCE OWNED BY; Schema: public; Owner: sigbadmin
--

ALTER SEQUENCE bar_tipoproducto_id_seq OWNED BY bar_tipoproducto.id;


--
-- TOC entry 309 (class 1259 OID 117430)
-- Name: bar_transferenciastockestado; Type: TABLE; Schema: public; Owner: sigbadmin; Tablespace: 
--

CREATE TABLE bar_transferenciastockestado (
    id integer NOT NULL,
    estado_transferencia_stock character varying(3) NOT NULL,
    descripcion character varying(200) NOT NULL
);


ALTER TABLE bar_transferenciastockestado OWNER TO sigbadmin;

--
-- TOC entry 308 (class 1259 OID 117428)
-- Name: bar_transferenciastockestado_id_seq; Type: SEQUENCE; Schema: public; Owner: sigbadmin
--

CREATE SEQUENCE bar_transferenciastockestado_id_seq
    START WITH 1
    INCREMENT BY 1
    NO MINVALUE
    NO MAXVALUE
    CACHE 1;


ALTER TABLE bar_transferenciastockestado_id_seq OWNER TO sigbadmin;

--
-- TOC entry 3229 (class 0 OID 0)
-- Dependencies: 308
-- Name: bar_transferenciastockestado_id_seq; Type: SEQUENCE OWNED BY; Schema: public; Owner: sigbadmin
--

ALTER SEQUENCE bar_transferenciastockestado_id_seq OWNED BY bar_transferenciastockestado.id;


--
-- TOC entry 270 (class 1259 OID 92011)
-- Name: bar_unidadmedidaproducto; Type: TABLE; Schema: public; Owner: sigbadmin; Tablespace: 
--

CREATE TABLE bar_unidadmedidaproducto (
    id integer NOT NULL,
    unidad_medida_producto character varying(2) NOT NULL,
    descripcion character varying(200) NOT NULL
);


ALTER TABLE bar_unidadmedidaproducto OWNER TO sigbadmin;

--
-- TOC entry 269 (class 1259 OID 92009)
-- Name: bar_unidadmedidaproducto_id_seq; Type: SEQUENCE; Schema: public; Owner: sigbadmin
--

CREATE SEQUENCE bar_unidadmedidaproducto_id_seq
    START WITH 1
    INCREMENT BY 1
    NO MINVALUE
    NO MAXVALUE
    CACHE 1;


ALTER TABLE bar_unidadmedidaproducto_id_seq OWNER TO sigbadmin;

--
-- TOC entry 3230 (class 0 OID 0)
-- Dependencies: 269
-- Name: bar_unidadmedidaproducto_id_seq; Type: SEQUENCE OWNED BY; Schema: public; Owner: sigbadmin
--

ALTER SEQUENCE bar_unidadmedidaproducto_id_seq OWNED BY bar_unidadmedidaproducto.id;


--
-- TOC entry 286 (class 1259 OID 108846)
-- Name: bar_ventaestado; Type: TABLE; Schema: public; Owner: sigbadmin; Tablespace: 
--

CREATE TABLE bar_ventaestado (
    id integer NOT NULL,
    venta_estado character varying(3) NOT NULL,
    descripcion character varying(200) NOT NULL
);


ALTER TABLE bar_ventaestado OWNER TO sigbadmin;

--
-- TOC entry 285 (class 1259 OID 108844)
-- Name: bar_ventaestado_id_seq; Type: SEQUENCE; Schema: public; Owner: sigbadmin
--

CREATE SEQUENCE bar_ventaestado_id_seq
    START WITH 1
    INCREMENT BY 1
    NO MINVALUE
    NO MAXVALUE
    CACHE 1;


ALTER TABLE bar_ventaestado_id_seq OWNER TO sigbadmin;

--
-- TOC entry 3231 (class 0 OID 0)
-- Dependencies: 285
-- Name: bar_ventaestado_id_seq; Type: SEQUENCE OWNED BY; Schema: public; Owner: sigbadmin
--

ALTER SEQUENCE bar_ventaestado_id_seq OWNED BY bar_ventaestado.id;


--
-- TOC entry 199 (class 1259 OID 49853)
-- Name: clientes_cliente; Type: TABLE; Schema: public; Owner: sigbadmin; Tablespace: 
--

CREATE TABLE clientes_cliente (
    id integer NOT NULL,
    nombres character varying(80) NOT NULL,
    apellidos character varying(80) NOT NULL,
    fecha_nacimiento date NOT NULL,
    direccion character varying(200) NOT NULL,
    email character varying(254) NOT NULL,
    sexo character varying(1) NOT NULL,
    ciudad_id integer NOT NULL,
    pais_id integer NOT NULL
);


ALTER TABLE clientes_cliente OWNER TO sigbadmin;

--
-- TOC entry 198 (class 1259 OID 49851)
-- Name: clientes_cliente_id_seq; Type: SEQUENCE; Schema: public; Owner: sigbadmin
--

CREATE SEQUENCE clientes_cliente_id_seq
    START WITH 1
    INCREMENT BY 1
    NO MINVALUE
    NO MAXVALUE
    CACHE 1;


ALTER TABLE clientes_cliente_id_seq OWNER TO sigbadmin;

--
-- TOC entry 3232 (class 0 OID 0)
-- Dependencies: 198
-- Name: clientes_cliente_id_seq; Type: SEQUENCE OWNED BY; Schema: public; Owner: sigbadmin
--

ALTER SEQUENCE clientes_cliente_id_seq OWNED BY clientes_cliente.id;


--
-- TOC entry 201 (class 1259 OID 49864)
-- Name: clientes_clientedocumento; Type: TABLE; Schema: public; Owner: sigbadmin; Tablespace: 
--

CREATE TABLE clientes_clientedocumento (
    id integer NOT NULL,
    numero_documento character varying(50) NOT NULL,
    cliente_id integer NOT NULL,
    tipo_documento_id integer NOT NULL
);


ALTER TABLE clientes_clientedocumento OWNER TO sigbadmin;

--
-- TOC entry 200 (class 1259 OID 49862)
-- Name: clientes_clientedocumento_id_seq; Type: SEQUENCE; Schema: public; Owner: sigbadmin
--

CREATE SEQUENCE clientes_clientedocumento_id_seq
    START WITH 1
    INCREMENT BY 1
    NO MINVALUE
    NO MAXVALUE
    CACHE 1;


ALTER TABLE clientes_clientedocumento_id_seq OWNER TO sigbadmin;

--
-- TOC entry 3233 (class 0 OID 0)
-- Dependencies: 200
-- Name: clientes_clientedocumento_id_seq; Type: SEQUENCE OWNED BY; Schema: public; Owner: sigbadmin
--

ALTER SEQUENCE clientes_clientedocumento_id_seq OWNED BY clientes_clientedocumento.id;


--
-- TOC entry 246 (class 1259 OID 81932)
-- Name: clientes_clientetelefono; Type: TABLE; Schema: public; Owner: sigbadmin; Tablespace: 
--

CREATE TABLE clientes_clientetelefono (
    id integer NOT NULL,
    telefono integer NOT NULL,
    cliente_id integer NOT NULL,
    codigo_pais_telefono_id integer NOT NULL,
    codigo_operadora_telefono_id integer NOT NULL
);


ALTER TABLE clientes_clientetelefono OWNER TO sigbadmin;

--
-- TOC entry 245 (class 1259 OID 81930)
-- Name: clientes_clientetelefono_id_seq; Type: SEQUENCE; Schema: public; Owner: sigbadmin
--

CREATE SEQUENCE clientes_clientetelefono_id_seq
    START WITH 1
    INCREMENT BY 1
    NO MINVALUE
    NO MAXVALUE
    CACHE 1;


ALTER TABLE clientes_clientetelefono_id_seq OWNER TO sigbadmin;

--
-- TOC entry 3234 (class 0 OID 0)
-- Dependencies: 245
-- Name: clientes_clientetelefono_id_seq; Type: SEQUENCE OWNED BY; Schema: public; Owner: sigbadmin
--

ALTER SEQUENCE clientes_clientetelefono_id_seq OWNED BY clientes_clientetelefono.id;


--
-- TOC entry 203 (class 1259 OID 49872)
-- Name: clientes_reserva; Type: TABLE; Schema: public; Owner: sigbadmin; Tablespace: 
--

CREATE TABLE clientes_reserva (
    id integer NOT NULL,
    descripcion character varying(50) NOT NULL,
    cliente_id integer NOT NULL,
    estado_id integer NOT NULL,
    cantidad_personas integer NOT NULL,
    pago numeric(18,0) NOT NULL,
    usuario_registro_id integer NOT NULL,
    fecha_hora_registro_reserva timestamp with time zone NOT NULL,
    fecha_hora_reserva timestamp with time zone NOT NULL,
    CONSTRAINT clientes_reserva_cantidad_personas_1e213002_check CHECK ((cantidad_personas >= 0))
);


ALTER TABLE clientes_reserva OWNER TO sigbadmin;

--
-- TOC entry 202 (class 1259 OID 49870)
-- Name: clientes_reserva_id_seq; Type: SEQUENCE; Schema: public; Owner: sigbadmin
--

CREATE SEQUENCE clientes_reserva_id_seq
    START WITH 1
    INCREMENT BY 1
    NO MINVALUE
    NO MAXVALUE
    CACHE 1;


ALTER TABLE clientes_reserva_id_seq OWNER TO sigbadmin;

--
-- TOC entry 3235 (class 0 OID 0)
-- Dependencies: 202
-- Name: clientes_reserva_id_seq; Type: SEQUENCE OWNED BY; Schema: public; Owner: sigbadmin
--

ALTER SEQUENCE clientes_reserva_id_seq OWNED BY clientes_reserva.id;


--
-- TOC entry 205 (class 1259 OID 49880)
-- Name: clientes_reserva_mesas; Type: TABLE; Schema: public; Owner: sigbadmin; Tablespace: 
--

CREATE TABLE clientes_reserva_mesas (
    id integer NOT NULL,
    reserva_id integer NOT NULL,
    mesa_id integer NOT NULL
);


ALTER TABLE clientes_reserva_mesas OWNER TO sigbadmin;

--
-- TOC entry 204 (class 1259 OID 49878)
-- Name: clientes_reserva_mesas_id_seq; Type: SEQUENCE; Schema: public; Owner: sigbadmin
--

CREATE SEQUENCE clientes_reserva_mesas_id_seq
    START WITH 1
    INCREMENT BY 1
    NO MINVALUE
    NO MAXVALUE
    CACHE 1;


ALTER TABLE clientes_reserva_mesas_id_seq OWNER TO sigbadmin;

--
-- TOC entry 3236 (class 0 OID 0)
-- Dependencies: 204
-- Name: clientes_reserva_mesas_id_seq; Type: SEQUENCE OWNED BY; Schema: public; Owner: sigbadmin
--

ALTER SEQUENCE clientes_reserva_mesas_id_seq OWNED BY clientes_reserva_mesas.id;


--
-- TOC entry 280 (class 1259 OID 108161)
-- Name: compras_compra; Type: TABLE; Schema: public; Owner: sigbadmin; Tablespace: 
--

CREATE TABLE compras_compra (
    numero_compra integer NOT NULL,
    fecha_compra timestamp with time zone NOT NULL,
    total_compra numeric(18,0) NOT NULL,
    numero_factura_compra numeric(7,0) NOT NULL,
    fecha_factura_compra date NOT NULL,
    estado_compra_id integer NOT NULL,
    numero_orden_compra_id integer NOT NULL,
    tipo_factura_compra_id integer NOT NULL,
    proveedor_id integer NOT NULL,
    usuario_registro_compra_id integer NOT NULL
);


ALTER TABLE compras_compra OWNER TO sigbadmin;

--
-- TOC entry 279 (class 1259 OID 108159)
-- Name: compras_compra_numero_compra_seq; Type: SEQUENCE; Schema: public; Owner: sigbadmin
--

CREATE SEQUENCE compras_compra_numero_compra_seq
    START WITH 1
    INCREMENT BY 1
    NO MINVALUE
    NO MAXVALUE
    CACHE 1;


ALTER TABLE compras_compra_numero_compra_seq OWNER TO sigbadmin;

--
-- TOC entry 3237 (class 0 OID 0)
-- Dependencies: 279
-- Name: compras_compra_numero_compra_seq; Type: SEQUENCE OWNED BY; Schema: public; Owner: sigbadmin
--

ALTER SEQUENCE compras_compra_numero_compra_seq OWNED BY compras_compra.numero_compra;


--
-- TOC entry 282 (class 1259 OID 108169)
-- Name: compras_compradetalle; Type: TABLE; Schema: public; Owner: sigbadmin; Tablespace: 
--

CREATE TABLE compras_compradetalle (
    id integer NOT NULL,
    precio_producto_compra numeric(18,0) NOT NULL,
    cantidad_producto_compra numeric(10,3) NOT NULL,
    total_producto_compra numeric(18,0) NOT NULL,
    numero_compra_id integer NOT NULL,
    producto_compra_id integer NOT NULL
);


ALTER TABLE compras_compradetalle OWNER TO sigbadmin;

--
-- TOC entry 281 (class 1259 OID 108167)
-- Name: compras_compradetalle_id_seq; Type: SEQUENCE; Schema: public; Owner: sigbadmin
--

CREATE SEQUENCE compras_compradetalle_id_seq
    START WITH 1
    INCREMENT BY 1
    NO MINVALUE
    NO MAXVALUE
    CACHE 1;


ALTER TABLE compras_compradetalle_id_seq OWNER TO sigbadmin;

--
-- TOC entry 3238 (class 0 OID 0)
-- Dependencies: 281
-- Name: compras_compradetalle_id_seq; Type: SEQUENCE OWNED BY; Schema: public; Owner: sigbadmin
--

ALTER SEQUENCE compras_compradetalle_id_seq OWNED BY compras_compradetalle.id;


--
-- TOC entry 301 (class 1259 OID 116900)
-- Name: compras_empresa; Type: TABLE; Schema: public; Owner: sigbadmin; Tablespace: 
--

CREATE TABLE compras_empresa (
    proveedor_ptr_id integer NOT NULL,
    logo_empresa character varying(100) NOT NULL,
    fecha_apertura date NOT NULL,
    actividad_economica character varying(100) NOT NULL,
    codigo_establecimiento character varying(3) NOT NULL,
    salario_minimo_vigente numeric(18,0) NOT NULL
);


ALTER TABLE compras_empresa OWNER TO sigbadmin;

--
-- TOC entry 313 (class 1259 OID 117574)
-- Name: compras_facturaproveedor; Type: TABLE; Schema: public; Owner: sigbadmin; Tablespace: 
--

CREATE TABLE compras_facturaproveedor (
    id integer NOT NULL,
    numero_factura_compra integer NOT NULL,
    fecha_factura_compra date NOT NULL,
    plazo_factura_compra integer NOT NULL,
    total_pago_factura numeric(18,0) NOT NULL,
    compra_id integer NOT NULL,
    forma_pago_compra_id integer NOT NULL,
    tipo_factura_compra_id integer NOT NULL,
    total_factura_compra numeric(18,0) NOT NULL,
    proveedor_id integer NOT NULL,
    estado_factura_compra character varying(3) NOT NULL,
    CONSTRAINT compras_facturaproveedor_plazo_factura_compra_check CHECK ((plazo_factura_compra >= 0))
);


ALTER TABLE compras_facturaproveedor OWNER TO sigbadmin;

--
-- TOC entry 312 (class 1259 OID 117572)
-- Name: compras_facturaproveedor_id_seq; Type: SEQUENCE; Schema: public; Owner: sigbadmin
--

CREATE SEQUENCE compras_facturaproveedor_id_seq
    START WITH 1
    INCREMENT BY 1
    NO MINVALUE
    NO MAXVALUE
    CACHE 1;


ALTER TABLE compras_facturaproveedor_id_seq OWNER TO sigbadmin;

--
-- TOC entry 3239 (class 0 OID 0)
-- Dependencies: 312
-- Name: compras_facturaproveedor_id_seq; Type: SEQUENCE OWNED BY; Schema: public; Owner: sigbadmin
--

ALTER SEQUENCE compras_facturaproveedor_id_seq OWNED BY compras_facturaproveedor.id;


--
-- TOC entry 260 (class 1259 OID 91356)
-- Name: compras_lineacreditoproveedor; Type: TABLE; Schema: public; Owner: sigbadmin; Tablespace: 
--

CREATE TABLE compras_lineacreditoproveedor (
    id integer NOT NULL,
    fecha_linea_credito_proveedor timestamp with time zone NOT NULL,
    linea_credito_proveedor numeric(18,0) NOT NULL,
    proveedor_id integer NOT NULL,
    monto_total_facturas_proveedor numeric(18,0) NOT NULL,
    monto_total_pagos_proveedor numeric(18,0) NOT NULL,
    uso_linea_credito_proveedor numeric(18,0) NOT NULL,
    estado_linea_credito_proveedor character varying(3) NOT NULL,
    disponible_linea_credito_proveedor numeric(18,0) NOT NULL
);


ALTER TABLE compras_lineacreditoproveedor OWNER TO sigbadmin;

--
-- TOC entry 259 (class 1259 OID 91354)
-- Name: compras_lineacreditoproveedor_id_seq; Type: SEQUENCE; Schema: public; Owner: sigbadmin
--

CREATE SEQUENCE compras_lineacreditoproveedor_id_seq
    START WITH 1
    INCREMENT BY 1
    NO MINVALUE
    NO MAXVALUE
    CACHE 1;


ALTER TABLE compras_lineacreditoproveedor_id_seq OWNER TO sigbadmin;

--
-- TOC entry 3240 (class 0 OID 0)
-- Dependencies: 259
-- Name: compras_lineacreditoproveedor_id_seq; Type: SEQUENCE OWNED BY; Schema: public; Owner: sigbadmin
--

ALTER SEQUENCE compras_lineacreditoproveedor_id_seq OWNED BY compras_lineacreditoproveedor.id;


--
-- TOC entry 315 (class 1259 OID 117733)
-- Name: compras_lineacreditoproveedordetalle; Type: TABLE; Schema: public; Owner: sigbadmin; Tablespace: 
--

CREATE TABLE compras_lineacreditoproveedordetalle (
    id integer NOT NULL,
    monto_movimiento numeric(18,0) NOT NULL,
    tipo_movimiento character varying(3) NOT NULL,
    numero_comprobante integer NOT NULL,
    fecha_movimiento date NOT NULL,
    linea_credito_proveedor_id integer NOT NULL
);


ALTER TABLE compras_lineacreditoproveedordetalle OWNER TO sigbadmin;

--
-- TOC entry 314 (class 1259 OID 117731)
-- Name: compras_lineacreditoproveedordetalle_id_seq; Type: SEQUENCE; Schema: public; Owner: sigbadmin
--

CREATE SEQUENCE compras_lineacreditoproveedordetalle_id_seq
    START WITH 1
    INCREMENT BY 1
    NO MINVALUE
    NO MAXVALUE
    CACHE 1;


ALTER TABLE compras_lineacreditoproveedordetalle_id_seq OWNER TO sigbadmin;

--
-- TOC entry 3241 (class 0 OID 0)
-- Dependencies: 314
-- Name: compras_lineacreditoproveedordetalle_id_seq; Type: SEQUENCE OWNED BY; Schema: public; Owner: sigbadmin
--

ALTER SEQUENCE compras_lineacreditoproveedordetalle_id_seq OWNED BY compras_lineacreditoproveedordetalle.id;


--
-- TOC entry 264 (class 1259 OID 91659)
-- Name: compras_ordencompra; Type: TABLE; Schema: public; Owner: sigbadmin; Tablespace: 
--

CREATE TABLE compras_ordencompra (
    numero_orden_compra integer NOT NULL,
    fecha_orden_compra timestamp with time zone NOT NULL,
    fecha_entrega_orden_compra timestamp with time zone NOT NULL,
    total_orden_compra numeric(18,0) NOT NULL,
    estado_orden_compra_id integer NOT NULL,
    forma_pago_orden_compra_id integer NOT NULL,
    proveedor_orden_compra_id integer NOT NULL,
    fecha_ultima_modificacion_orden_compra timestamp with time zone NOT NULL,
    usuario_registro_orden_compra_id integer NOT NULL
);


ALTER TABLE compras_ordencompra OWNER TO sigbadmin;

--
-- TOC entry 263 (class 1259 OID 91657)
-- Name: compras_ordencompra_numero_orden_compra_seq; Type: SEQUENCE; Schema: public; Owner: sigbadmin
--

CREATE SEQUENCE compras_ordencompra_numero_orden_compra_seq
    START WITH 1
    INCREMENT BY 1
    NO MINVALUE
    NO MAXVALUE
    CACHE 1;


ALTER TABLE compras_ordencompra_numero_orden_compra_seq OWNER TO sigbadmin;

--
-- TOC entry 3242 (class 0 OID 0)
-- Dependencies: 263
-- Name: compras_ordencompra_numero_orden_compra_seq; Type: SEQUENCE OWNED BY; Schema: public; Owner: sigbadmin
--

ALTER SEQUENCE compras_ordencompra_numero_orden_compra_seq OWNED BY compras_ordencompra.numero_orden_compra;


--
-- TOC entry 266 (class 1259 OID 91667)
-- Name: compras_ordencompradetalle; Type: TABLE; Schema: public; Owner: sigbadmin; Tablespace: 
--

CREATE TABLE compras_ordencompradetalle (
    id integer NOT NULL,
    precio_producto_orden_compra numeric(18,0) NOT NULL,
    cantidad_producto_orden_compra numeric(10,3) NOT NULL,
    total_producto_orden_compra numeric(18,0) NOT NULL,
    numero_orden_compra_id integer NOT NULL,
    producto_orden_compra_id integer NOT NULL
);


ALTER TABLE compras_ordencompradetalle OWNER TO sigbadmin;

--
-- TOC entry 265 (class 1259 OID 91665)
-- Name: compras_ordencompradetalle_id_seq; Type: SEQUENCE; Schema: public; Owner: sigbadmin
--

CREATE SEQUENCE compras_ordencompradetalle_id_seq
    START WITH 1
    INCREMENT BY 1
    NO MINVALUE
    NO MAXVALUE
    CACHE 1;


ALTER TABLE compras_ordencompradetalle_id_seq OWNER TO sigbadmin;

--
-- TOC entry 3243 (class 0 OID 0)
-- Dependencies: 265
-- Name: compras_ordencompradetalle_id_seq; Type: SEQUENCE OWNED BY; Schema: public; Owner: sigbadmin
--

ALTER SEQUENCE compras_ordencompradetalle_id_seq OWNED BY compras_ordencompradetalle.id;


--
-- TOC entry 303 (class 1259 OID 117143)
-- Name: compras_pagoproveedor; Type: TABLE; Schema: public; Owner: sigbadmin; Tablespace: 
--

CREATE TABLE compras_pagoproveedor (
    id integer NOT NULL,
    monto_pago_proveedor numeric(18,0) NOT NULL,
    fecha_pago_proveedor date NOT NULL,
    numero_comprobante_pago integer NOT NULL,
    numero_nota_credito integer NOT NULL,
    factura_proveedor_id integer NOT NULL
);


ALTER TABLE compras_pagoproveedor OWNER TO sigbadmin;

--
-- TOC entry 302 (class 1259 OID 117141)
-- Name: compras_pagoproveedor_id_seq; Type: SEQUENCE; Schema: public; Owner: sigbadmin
--

CREATE SEQUENCE compras_pagoproveedor_id_seq
    START WITH 1
    INCREMENT BY 1
    NO MINVALUE
    NO MAXVALUE
    CACHE 1;


ALTER TABLE compras_pagoproveedor_id_seq OWNER TO sigbadmin;

--
-- TOC entry 3244 (class 0 OID 0)
-- Dependencies: 302
-- Name: compras_pagoproveedor_id_seq; Type: SEQUENCE OWNED BY; Schema: public; Owner: sigbadmin
--

ALTER SEQUENCE compras_pagoproveedor_id_seq OWNED BY compras_pagoproveedor.id;


--
-- TOC entry 262 (class 1259 OID 91385)
-- Name: compras_productoproveedor; Type: TABLE; Schema: public; Owner: sigbadmin; Tablespace: 
--

CREATE TABLE compras_productoproveedor (
    id integer NOT NULL,
    producto_id integer NOT NULL,
    proveedor_id integer NOT NULL
);


ALTER TABLE compras_productoproveedor OWNER TO sigbadmin;

--
-- TOC entry 261 (class 1259 OID 91383)
-- Name: compras_productoproveedor_id_seq; Type: SEQUENCE; Schema: public; Owner: sigbadmin
--

CREATE SEQUENCE compras_productoproveedor_id_seq
    START WITH 1
    INCREMENT BY 1
    NO MINVALUE
    NO MAXVALUE
    CACHE 1;


ALTER TABLE compras_productoproveedor_id_seq OWNER TO sigbadmin;

--
-- TOC entry 3245 (class 0 OID 0)
-- Dependencies: 261
-- Name: compras_productoproveedor_id_seq; Type: SEQUENCE OWNED BY; Schema: public; Owner: sigbadmin
--

ALTER SEQUENCE compras_productoproveedor_id_seq OWNED BY compras_productoproveedor.id;


--
-- TOC entry 258 (class 1259 OID 91320)
-- Name: compras_proveedor; Type: TABLE; Schema: public; Owner: sigbadmin; Tablespace: 
--

CREATE TABLE compras_proveedor (
    id integer NOT NULL,
    proveedor character varying(100) NOT NULL,
    direccion character varying(200),
    pagina_web character varying(200),
    fecha_alta_proveedor timestamp with time zone NOT NULL,
    persona_proveedor_id integer NOT NULL,
    ciudad_proveedor_id integer NOT NULL,
    pais_proveedor_id integer NOT NULL,
    ruc character varying(10) NOT NULL,
    digito_verificador integer NOT NULL
);


ALTER TABLE compras_proveedor OWNER TO sigbadmin;

--
-- TOC entry 257 (class 1259 OID 91318)
-- Name: compras_proveedor_id_seq; Type: SEQUENCE; Schema: public; Owner: sigbadmin
--

CREATE SEQUENCE compras_proveedor_id_seq
    START WITH 1
    INCREMENT BY 1
    NO MINVALUE
    NO MAXVALUE
    CACHE 1;


ALTER TABLE compras_proveedor_id_seq OWNER TO sigbadmin;

--
-- TOC entry 3246 (class 0 OID 0)
-- Dependencies: 257
-- Name: compras_proveedor_id_seq; Type: SEQUENCE OWNED BY; Schema: public; Owner: sigbadmin
--

ALTER SEQUENCE compras_proveedor_id_seq OWNED BY compras_proveedor.id;


--
-- TOC entry 278 (class 1259 OID 100198)
-- Name: compras_proveedortelefono; Type: TABLE; Schema: public; Owner: sigbadmin; Tablespace: 
--

CREATE TABLE compras_proveedortelefono (
    id integer NOT NULL,
    telefono integer NOT NULL,
    interno integer,
    contacto character varying(100),
    codigo_operadora_telefono_id integer NOT NULL,
    codigo_pais_telefono_id integer NOT NULL,
    proveedor_id integer NOT NULL
);


ALTER TABLE compras_proveedortelefono OWNER TO sigbadmin;

--
-- TOC entry 277 (class 1259 OID 100196)
-- Name: compras_proveedortelefono_id_seq; Type: SEQUENCE; Schema: public; Owner: sigbadmin
--

CREATE SEQUENCE compras_proveedortelefono_id_seq
    START WITH 1
    INCREMENT BY 1
    NO MINVALUE
    NO MAXVALUE
    CACHE 1;


ALTER TABLE compras_proveedortelefono_id_seq OWNER TO sigbadmin;

--
-- TOC entry 3247 (class 0 OID 0)
-- Dependencies: 277
-- Name: compras_proveedortelefono_id_seq; Type: SEQUENCE OWNED BY; Schema: public; Owner: sigbadmin
--

ALTER SEQUENCE compras_proveedortelefono_id_seq OWNED BY compras_proveedortelefono.id;


--
-- TOC entry 189 (class 1259 OID 49741)
-- Name: django_admin_log; Type: TABLE; Schema: public; Owner: sigbadmin; Tablespace: 
--

CREATE TABLE django_admin_log (
    id integer NOT NULL,
    action_time timestamp with time zone NOT NULL,
    object_id text,
    object_repr character varying(200) NOT NULL,
    action_flag smallint NOT NULL,
    change_message text NOT NULL,
    content_type_id integer,
    user_id integer NOT NULL,
    CONSTRAINT django_admin_log_action_flag_check CHECK ((action_flag >= 0))
);


ALTER TABLE django_admin_log OWNER TO sigbadmin;

--
-- TOC entry 188 (class 1259 OID 49739)
-- Name: django_admin_log_id_seq; Type: SEQUENCE; Schema: public; Owner: sigbadmin
--

CREATE SEQUENCE django_admin_log_id_seq
    START WITH 1
    INCREMENT BY 1
    NO MINVALUE
    NO MAXVALUE
    CACHE 1;


ALTER TABLE django_admin_log_id_seq OWNER TO sigbadmin;

--
-- TOC entry 3248 (class 0 OID 0)
-- Dependencies: 188
-- Name: django_admin_log_id_seq; Type: SEQUENCE OWNED BY; Schema: public; Owner: sigbadmin
--

ALTER SEQUENCE django_admin_log_id_seq OWNED BY django_admin_log.id;


--
-- TOC entry 175 (class 1259 OID 49627)
-- Name: django_content_type; Type: TABLE; Schema: public; Owner: sigbadmin; Tablespace: 
--

CREATE TABLE django_content_type (
    id integer NOT NULL,
    app_label character varying(100) NOT NULL,
    model character varying(100) NOT NULL
);


ALTER TABLE django_content_type OWNER TO sigbadmin;

--
-- TOC entry 174 (class 1259 OID 49625)
-- Name: django_content_type_id_seq; Type: SEQUENCE; Schema: public; Owner: sigbadmin
--

CREATE SEQUENCE django_content_type_id_seq
    START WITH 1
    INCREMENT BY 1
    NO MINVALUE
    NO MAXVALUE
    CACHE 1;


ALTER TABLE django_content_type_id_seq OWNER TO sigbadmin;

--
-- TOC entry 3249 (class 0 OID 0)
-- Dependencies: 174
-- Name: django_content_type_id_seq; Type: SEQUENCE OWNED BY; Schema: public; Owner: sigbadmin
--

ALTER SEQUENCE django_content_type_id_seq OWNED BY django_content_type.id;


--
-- TOC entry 173 (class 1259 OID 49616)
-- Name: django_migrations; Type: TABLE; Schema: public; Owner: sigbadmin; Tablespace: 
--

CREATE TABLE django_migrations (
    id integer NOT NULL,
    app character varying(255) NOT NULL,
    name character varying(255) NOT NULL,
    applied timestamp with time zone NOT NULL
);


ALTER TABLE django_migrations OWNER TO sigbadmin;

--
-- TOC entry 172 (class 1259 OID 49614)
-- Name: django_migrations_id_seq; Type: SEQUENCE; Schema: public; Owner: sigbadmin
--

CREATE SEQUENCE django_migrations_id_seq
    START WITH 1
    INCREMENT BY 1
    NO MINVALUE
    NO MAXVALUE
    CACHE 1;


ALTER TABLE django_migrations_id_seq OWNER TO sigbadmin;

--
-- TOC entry 3250 (class 0 OID 0)
-- Dependencies: 172
-- Name: django_migrations_id_seq; Type: SEQUENCE OWNED BY; Schema: public; Owner: sigbadmin
--

ALTER SEQUENCE django_migrations_id_seq OWNED BY django_migrations.id;


--
-- TOC entry 212 (class 1259 OID 49963)
-- Name: django_session; Type: TABLE; Schema: public; Owner: sigbadmin; Tablespace: 
--

CREATE TABLE django_session (
    session_key character varying(40) NOT NULL,
    session_data text NOT NULL,
    expire_date timestamp with time zone NOT NULL
);


ALTER TABLE django_session OWNER TO sigbadmin;

--
-- TOC entry 218 (class 1259 OID 57754)
-- Name: personal_cargo; Type: TABLE; Schema: public; Owner: sigbadmin; Tablespace: 
--

CREATE TABLE personal_cargo (
    id integer NOT NULL,
    cargo character varying(2) NOT NULL,
    descripcion_cargo character varying(50) NOT NULL
);


ALTER TABLE personal_cargo OWNER TO sigbadmin;

--
-- TOC entry 217 (class 1259 OID 57752)
-- Name: personal_cargo_id_seq; Type: SEQUENCE; Schema: public; Owner: sigbadmin
--

CREATE SEQUENCE personal_cargo_id_seq
    START WITH 1
    INCREMENT BY 1
    NO MINVALUE
    NO MAXVALUE
    CACHE 1;


ALTER TABLE personal_cargo_id_seq OWNER TO sigbadmin;

--
-- TOC entry 3251 (class 0 OID 0)
-- Dependencies: 217
-- Name: personal_cargo_id_seq; Type: SEQUENCE OWNED BY; Schema: public; Owner: sigbadmin
--

ALTER SEQUENCE personal_cargo_id_seq OWNED BY personal_cargo.id;


--
-- TOC entry 207 (class 1259 OID 49926)
-- Name: personal_empleado; Type: TABLE; Schema: public; Owner: sigbadmin; Tablespace: 
--

CREATE TABLE personal_empleado (
    id integer NOT NULL,
    nombres character varying(80) NOT NULL,
    apellidos character varying(80) NOT NULL,
    direccion character varying(200) NOT NULL,
    salario numeric(18,0) NOT NULL,
    fecha_nacimiento date NOT NULL,
    email character varying(254) NOT NULL,
    horario_id integer NOT NULL,
    sexo character varying(1) NOT NULL,
    ciudad_id integer NOT NULL,
    pais_id integer NOT NULL,
    cargo_id integer NOT NULL,
    barrio character varying(100) NOT NULL,
    usuario_id integer NOT NULL,
    codigo_venta integer,
    CONSTRAINT personal_empleado_codigo_venta_check CHECK ((codigo_venta >= 0))
);


ALTER TABLE personal_empleado OWNER TO sigbadmin;

--
-- TOC entry 206 (class 1259 OID 49924)
-- Name: personal_empleado_id_seq; Type: SEQUENCE; Schema: public; Owner: sigbadmin
--

CREATE SEQUENCE personal_empleado_id_seq
    START WITH 1
    INCREMENT BY 1
    NO MINVALUE
    NO MAXVALUE
    CACHE 1;


ALTER TABLE personal_empleado_id_seq OWNER TO sigbadmin;

--
-- TOC entry 3252 (class 0 OID 0)
-- Dependencies: 206
-- Name: personal_empleado_id_seq; Type: SEQUENCE OWNED BY; Schema: public; Owner: sigbadmin
--

ALTER SEQUENCE personal_empleado_id_seq OWNED BY personal_empleado.id;


--
-- TOC entry 209 (class 1259 OID 49937)
-- Name: personal_empleadodocumento; Type: TABLE; Schema: public; Owner: sigbadmin; Tablespace: 
--

CREATE TABLE personal_empleadodocumento (
    id integer NOT NULL,
    numero_documento character varying(50) NOT NULL,
    empleado_id integer NOT NULL,
    tipo_documento_id integer NOT NULL
);


ALTER TABLE personal_empleadodocumento OWNER TO sigbadmin;

--
-- TOC entry 208 (class 1259 OID 49935)
-- Name: personal_empleadodocumento_id_seq; Type: SEQUENCE; Schema: public; Owner: sigbadmin
--

CREATE SEQUENCE personal_empleadodocumento_id_seq
    START WITH 1
    INCREMENT BY 1
    NO MINVALUE
    NO MAXVALUE
    CACHE 1;


ALTER TABLE personal_empleadodocumento_id_seq OWNER TO sigbadmin;

--
-- TOC entry 3253 (class 0 OID 0)
-- Dependencies: 208
-- Name: personal_empleadodocumento_id_seq; Type: SEQUENCE OWNED BY; Schema: public; Owner: sigbadmin
--

ALTER SEQUENCE personal_empleadodocumento_id_seq OWNED BY personal_empleadodocumento.id;


--
-- TOC entry 248 (class 1259 OID 81971)
-- Name: personal_empleadotelefono; Type: TABLE; Schema: public; Owner: sigbadmin; Tablespace: 
--

CREATE TABLE personal_empleadotelefono (
    id integer NOT NULL,
    telefono integer NOT NULL,
    codigo_pais_telefono_id integer NOT NULL,
    empleado_id integer NOT NULL,
    codigo_operadora_telefono_id integer NOT NULL
);


ALTER TABLE personal_empleadotelefono OWNER TO sigbadmin;

--
-- TOC entry 247 (class 1259 OID 81969)
-- Name: personal_empleadotelefono_id_seq; Type: SEQUENCE; Schema: public; Owner: sigbadmin
--

CREATE SEQUENCE personal_empleadotelefono_id_seq
    START WITH 1
    INCREMENT BY 1
    NO MINVALUE
    NO MAXVALUE
    CACHE 1;


ALTER TABLE personal_empleadotelefono_id_seq OWNER TO sigbadmin;

--
-- TOC entry 3254 (class 0 OID 0)
-- Dependencies: 247
-- Name: personal_empleadotelefono_id_seq; Type: SEQUENCE OWNED BY; Schema: public; Owner: sigbadmin
--

ALTER SEQUENCE personal_empleadotelefono_id_seq OWNED BY personal_empleadotelefono.id;


--
-- TOC entry 211 (class 1259 OID 49945)
-- Name: personal_horario; Type: TABLE; Schema: public; Owner: sigbadmin; Tablespace: 
--

CREATE TABLE personal_horario (
    id integer NOT NULL,
    horario character varying(30) NOT NULL,
    horario_inicio time without time zone NOT NULL,
    horario_fin time without time zone NOT NULL
);


ALTER TABLE personal_horario OWNER TO sigbadmin;

--
-- TOC entry 210 (class 1259 OID 49943)
-- Name: personal_horario_id_seq; Type: SEQUENCE; Schema: public; Owner: sigbadmin
--

CREATE SEQUENCE personal_horario_id_seq
    START WITH 1
    INCREMENT BY 1
    NO MINVALUE
    NO MAXVALUE
    CACHE 1;


ALTER TABLE personal_horario_id_seq OWNER TO sigbadmin;

--
-- TOC entry 3255 (class 0 OID 0)
-- Dependencies: 210
-- Name: personal_horario_id_seq; Type: SEQUENCE OWNED BY; Schema: public; Owner: sigbadmin
--

ALTER SEQUENCE personal_horario_id_seq OWNED BY personal_horario.id;


--
-- TOC entry 327 (class 1259 OID 118201)
-- Name: stock_devolucion; Type: TABLE; Schema: public; Owner: sigbadmin; Tablespace: 
--

CREATE TABLE stock_devolucion (
    id integer NOT NULL
);


ALTER TABLE stock_devolucion OWNER TO sigbadmin;

--
-- TOC entry 326 (class 1259 OID 118199)
-- Name: stock_devolucion_id_seq; Type: SEQUENCE; Schema: public; Owner: sigbadmin
--

CREATE SEQUENCE stock_devolucion_id_seq
    START WITH 1
    INCREMENT BY 1
    NO MINVALUE
    NO MAXVALUE
    CACHE 1;


ALTER TABLE stock_devolucion_id_seq OWNER TO sigbadmin;

--
-- TOC entry 3256 (class 0 OID 0)
-- Dependencies: 326
-- Name: stock_devolucion_id_seq; Type: SEQUENCE OWNED BY; Schema: public; Owner: sigbadmin
--

ALTER SEQUENCE stock_devolucion_id_seq OWNED BY stock_devolucion.id;


--
-- TOC entry 216 (class 1259 OID 57491)
-- Name: stock_producto; Type: TABLE; Schema: public; Owner: sigbadmin; Tablespace: 
--

CREATE TABLE stock_producto (
    id integer NOT NULL,
    producto character varying(100) NOT NULL,
    codigo_barra character varying(100) NOT NULL,
    marca character varying(100) NOT NULL,
    categoria_id integer NOT NULL,
    contenido numeric(10,3) NOT NULL,
    imagen character varying(100) NOT NULL,
    tipo_producto_id integer NOT NULL,
    subcategoria_id integer NOT NULL,
    fecha_alta_producto timestamp with time zone NOT NULL,
    unidad_medida_compra_id integer NOT NULL,
    compuesto boolean NOT NULL,
    cantidad_existente_stock numeric(10,3) NOT NULL,
    porcentaje_ganancia numeric(3,0) NOT NULL,
    perecedero boolean NOT NULL,
    costo_elaboracion numeric(18,0) NOT NULL,
    precio_venta_sugerido numeric(18,0) NOT NULL
);


ALTER TABLE stock_producto OWNER TO sigbadmin;

--
-- TOC entry 215 (class 1259 OID 57489)
-- Name: stock_producto_id_seq; Type: SEQUENCE; Schema: public; Owner: sigbadmin
--

CREATE SEQUENCE stock_producto_id_seq
    START WITH 1
    INCREMENT BY 1
    NO MINVALUE
    NO MAXVALUE
    CACHE 1;


ALTER TABLE stock_producto_id_seq OWNER TO sigbadmin;

--
-- TOC entry 3257 (class 0 OID 0)
-- Dependencies: 215
-- Name: stock_producto_id_seq; Type: SEQUENCE OWNED BY; Schema: public; Owner: sigbadmin
--

ALTER SEQUENCE stock_producto_id_seq OWNED BY stock_producto.id;


--
-- TOC entry 296 (class 1259 OID 116435)
-- Name: stock_productocompuestodetalle; Type: TABLE; Schema: public; Owner: sigbadmin; Tablespace: 
--

CREATE TABLE stock_productocompuestodetalle (
    id integer NOT NULL,
    cantidad_producto numeric(10,3) NOT NULL,
    producto_id integer,
    producto_compuesto_id integer,
    costo_unidad_medida numeric(18,0) NOT NULL,
    total_costo numeric(18,0) NOT NULL
);


ALTER TABLE stock_productocompuestodetalle OWNER TO sigbadmin;

--
-- TOC entry 295 (class 1259 OID 116433)
-- Name: stock_productocompuestodetalle_id_seq; Type: SEQUENCE; Schema: public; Owner: sigbadmin
--

CREATE SEQUENCE stock_productocompuestodetalle_id_seq
    START WITH 1
    INCREMENT BY 1
    NO MINVALUE
    NO MAXVALUE
    CACHE 1;


ALTER TABLE stock_productocompuestodetalle_id_seq OWNER TO sigbadmin;

--
-- TOC entry 3258 (class 0 OID 0)
-- Dependencies: 295
-- Name: stock_productocompuestodetalle_id_seq; Type: SEQUENCE OWNED BY; Schema: public; Owner: sigbadmin
--

ALTER SEQUENCE stock_productocompuestodetalle_id_seq OWNED BY stock_productocompuestodetalle.id;


--
-- TOC entry 294 (class 1259 OID 109075)
-- Name: stock_stock; Type: TABLE; Schema: public; Owner: sigbadmin; Tablespace: 
--

CREATE TABLE stock_stock (
    id integer NOT NULL,
    stock_minimo numeric(10,3) NOT NULL,
    cantidad_existente numeric(10,3) NOT NULL,
    producto_stock_id integer NOT NULL
);


ALTER TABLE stock_stock OWNER TO sigbadmin;

--
-- TOC entry 293 (class 1259 OID 109073)
-- Name: stock_stock_id_seq; Type: SEQUENCE; Schema: public; Owner: sigbadmin
--

CREATE SEQUENCE stock_stock_id_seq
    START WITH 1
    INCREMENT BY 1
    NO MINVALUE
    NO MAXVALUE
    CACHE 1;


ALTER TABLE stock_stock_id_seq OWNER TO sigbadmin;

--
-- TOC entry 3259 (class 0 OID 0)
-- Dependencies: 293
-- Name: stock_stock_id_seq; Type: SEQUENCE OWNED BY; Schema: public; Owner: sigbadmin
--

ALTER SEQUENCE stock_stock_id_seq OWNED BY stock_stock.id;


--
-- TOC entry 333 (class 1259 OID 118653)
-- Name: stock_stockdeposito; Type: TABLE; Schema: public; Owner: sigbadmin; Tablespace: 
--

CREATE TABLE stock_stockdeposito (
    id integer NOT NULL
);


ALTER TABLE stock_stockdeposito OWNER TO sigbadmin;

--
-- TOC entry 332 (class 1259 OID 118651)
-- Name: stock_stockdeposito_id_seq; Type: SEQUENCE; Schema: public; Owner: sigbadmin
--

CREATE SEQUENCE stock_stockdeposito_id_seq
    START WITH 1
    INCREMENT BY 1
    NO MINVALUE
    NO MAXVALUE
    CACHE 1;


ALTER TABLE stock_stockdeposito_id_seq OWNER TO sigbadmin;

--
-- TOC entry 3260 (class 0 OID 0)
-- Dependencies: 332
-- Name: stock_stockdeposito_id_seq; Type: SEQUENCE OWNED BY; Schema: public; Owner: sigbadmin
--

ALTER SEQUENCE stock_stockdeposito_id_seq OWNED BY stock_stockdeposito.id;


--
-- TOC entry 298 (class 1259 OID 116443)
-- Name: stock_stockdetalle; Type: TABLE; Schema: public; Owner: sigbadmin; Tablespace: 
--

CREATE TABLE stock_stockdetalle (
    id integer NOT NULL,
    fecha_hora_registro_stock timestamp with time zone NOT NULL,
    cantidad_entrante numeric(10,3) NOT NULL,
    cantidad_saliente numeric(10,3) NOT NULL,
    stock_id integer NOT NULL,
    tipo_movimiento_id integer NOT NULL,
    id_movimiento integer NOT NULL,
    ubicacion_destino_id integer NOT NULL,
    ubicacion_origen_id integer NOT NULL,
    CONSTRAINT stock_stockdetalle_id_movimiento_check CHECK ((id_movimiento >= 0))
);


ALTER TABLE stock_stockdetalle OWNER TO sigbadmin;

--
-- TOC entry 297 (class 1259 OID 116441)
-- Name: stock_stockdetalle_id_seq; Type: SEQUENCE; Schema: public; Owner: sigbadmin
--

CREATE SEQUENCE stock_stockdetalle_id_seq
    START WITH 1
    INCREMENT BY 1
    NO MINVALUE
    NO MAXVALUE
    CACHE 1;


ALTER TABLE stock_stockdetalle_id_seq OWNER TO sigbadmin;

--
-- TOC entry 3261 (class 0 OID 0)
-- Dependencies: 297
-- Name: stock_stockdetalle_id_seq; Type: SEQUENCE OWNED BY; Schema: public; Owner: sigbadmin
--

ALTER SEQUENCE stock_stockdetalle_id_seq OWNED BY stock_stockdetalle.id;


--
-- TOC entry 335 (class 1259 OID 118661)
-- Name: stock_stockproducto; Type: TABLE; Schema: public; Owner: sigbadmin; Tablespace: 
--

CREATE TABLE stock_stockproducto (
    id integer NOT NULL
);


ALTER TABLE stock_stockproducto OWNER TO sigbadmin;

--
-- TOC entry 334 (class 1259 OID 118659)
-- Name: stock_stockproducto_id_seq; Type: SEQUENCE; Schema: public; Owner: sigbadmin
--

CREATE SEQUENCE stock_stockproducto_id_seq
    START WITH 1
    INCREMENT BY 1
    NO MINVALUE
    NO MAXVALUE
    CACHE 1;


ALTER TABLE stock_stockproducto_id_seq OWNER TO sigbadmin;

--
-- TOC entry 3262 (class 0 OID 0)
-- Dependencies: 334
-- Name: stock_stockproducto_id_seq; Type: SEQUENCE OWNED BY; Schema: public; Owner: sigbadmin
--

ALTER SEQUENCE stock_stockproducto_id_seq OWNED BY stock_stockproducto.id;


--
-- TOC entry 329 (class 1259 OID 118422)
-- Name: stock_transferenciastock; Type: TABLE; Schema: public; Owner: sigbadmin; Tablespace: 
--

CREATE TABLE stock_transferenciastock (
    id integer NOT NULL,
    cantidad_existente_stock numeric(10,3) NOT NULL,
    cantidad_producto_transferencia numeric(10,3) NOT NULL,
    fecha_hora_registro_transferencia timestamp with time zone NOT NULL,
    deposito_proveedor_transferencia_id integer NOT NULL,
    deposito_solicitante_transferencia_id integer NOT NULL,
    estado_transferencia_id integer NOT NULL,
    producto_transferencia_id integer NOT NULL,
    usuario_autorizante_transferencia_id integer,
    usuario_solicitante_transferencia_id integer NOT NULL
);


ALTER TABLE stock_transferenciastock OWNER TO sigbadmin;

--
-- TOC entry 328 (class 1259 OID 118420)
-- Name: stock_transferenciastock_id_seq; Type: SEQUENCE; Schema: public; Owner: sigbadmin
--

CREATE SEQUENCE stock_transferenciastock_id_seq
    START WITH 1
    INCREMENT BY 1
    NO MINVALUE
    NO MAXVALUE
    CACHE 1;


ALTER TABLE stock_transferenciastock_id_seq OWNER TO sigbadmin;

--
-- TOC entry 3263 (class 0 OID 0)
-- Dependencies: 328
-- Name: stock_transferenciastock_id_seq; Type: SEQUENCE OWNED BY; Schema: public; Owner: sigbadmin
--

ALTER SEQUENCE stock_transferenciastock_id_seq OWNED BY stock_transferenciastock.id;


--
-- TOC entry 288 (class 1259 OID 108879)
-- Name: ventas_aperturacaja; Type: TABLE; Schema: public; Owner: sigbadmin; Tablespace: 
--

CREATE TABLE ventas_aperturacaja (
    id integer NOT NULL,
    fecha_hora_apertura_caja timestamp with time zone NOT NULL,
    monto_apertura numeric(18,0) NOT NULL,
    caja_id integer NOT NULL,
    cajero_id integer NOT NULL
);


ALTER TABLE ventas_aperturacaja OWNER TO sigbadmin;

--
-- TOC entry 287 (class 1259 OID 108877)
-- Name: ventas_aperturacaja_id_seq; Type: SEQUENCE; Schema: public; Owner: sigbadmin
--

CREATE SEQUENCE ventas_aperturacaja_id_seq
    START WITH 1
    INCREMENT BY 1
    NO MINVALUE
    NO MAXVALUE
    CACHE 1;


ALTER TABLE ventas_aperturacaja_id_seq OWNER TO sigbadmin;

--
-- TOC entry 3264 (class 0 OID 0)
-- Dependencies: 287
-- Name: ventas_aperturacaja_id_seq; Type: SEQUENCE OWNED BY; Schema: public; Owner: sigbadmin
--

ALTER SEQUENCE ventas_aperturacaja_id_seq OWNED BY ventas_aperturacaja.id;


--
-- TOC entry 317 (class 1259 OID 118099)
-- Name: ventas_cierrecaja; Type: TABLE; Schema: public; Owner: sigbadmin; Tablespace: 
--

CREATE TABLE ventas_cierrecaja (
    id integer NOT NULL
);


ALTER TABLE ventas_cierrecaja OWNER TO sigbadmin;

--
-- TOC entry 316 (class 1259 OID 118097)
-- Name: ventas_cierrecaja_id_seq; Type: SEQUENCE; Schema: public; Owner: sigbadmin
--

CREATE SEQUENCE ventas_cierrecaja_id_seq
    START WITH 1
    INCREMENT BY 1
    NO MINVALUE
    NO MAXVALUE
    CACHE 1;


ALTER TABLE ventas_cierrecaja_id_seq OWNER TO sigbadmin;

--
-- TOC entry 3265 (class 0 OID 0)
-- Dependencies: 316
-- Name: ventas_cierrecaja_id_seq; Type: SEQUENCE OWNED BY; Schema: public; Owner: sigbadmin
--

ALTER SEQUENCE ventas_cierrecaja_id_seq OWNED BY ventas_cierrecaja.id;


--
-- TOC entry 325 (class 1259 OID 118182)
-- Name: ventas_comanda; Type: TABLE; Schema: public; Owner: sigbadmin; Tablespace: 
--

CREATE TABLE ventas_comanda (
    id integer NOT NULL,
    area_encargada character varying(3) NOT NULL,
    fecha_hora_pedido_comanda timestamp with time zone NOT NULL,
    estado_comanda character varying(3) NOT NULL,
    fecha_hora_procesamiento_comanda timestamp with time zone NOT NULL,
    producto_a_elaborar_id integer NOT NULL
);


ALTER TABLE ventas_comanda OWNER TO sigbadmin;

--
-- TOC entry 324 (class 1259 OID 118180)
-- Name: ventas_comanda_id_seq; Type: SEQUENCE; Schema: public; Owner: sigbadmin
--

CREATE SEQUENCE ventas_comanda_id_seq
    START WITH 1
    INCREMENT BY 1
    NO MINVALUE
    NO MAXVALUE
    CACHE 1;


ALTER TABLE ventas_comanda_id_seq OWNER TO sigbadmin;

--
-- TOC entry 3266 (class 0 OID 0)
-- Dependencies: 324
-- Name: ventas_comanda_id_seq; Type: SEQUENCE OWNED BY; Schema: public; Owner: sigbadmin
--

ALTER SEQUENCE ventas_comanda_id_seq OWNED BY ventas_comanda.id;


--
-- TOC entry 319 (class 1259 OID 118107)
-- Name: ventas_ingresovalorcaja; Type: TABLE; Schema: public; Owner: sigbadmin; Tablespace: 
--

CREATE TABLE ventas_ingresovalorcaja (
    id integer NOT NULL
);


ALTER TABLE ventas_ingresovalorcaja OWNER TO sigbadmin;

--
-- TOC entry 318 (class 1259 OID 118105)
-- Name: ventas_ingresovalorcaja_id_seq; Type: SEQUENCE; Schema: public; Owner: sigbadmin
--

CREATE SEQUENCE ventas_ingresovalorcaja_id_seq
    START WITH 1
    INCREMENT BY 1
    NO MINVALUE
    NO MAXVALUE
    CACHE 1;


ALTER TABLE ventas_ingresovalorcaja_id_seq OWNER TO sigbadmin;

--
-- TOC entry 3267 (class 0 OID 0)
-- Dependencies: 318
-- Name: ventas_ingresovalorcaja_id_seq; Type: SEQUENCE OWNED BY; Schema: public; Owner: sigbadmin
--

ALTER SEQUENCE ventas_ingresovalorcaja_id_seq OWNED BY ventas_ingresovalorcaja.id;


--
-- TOC entry 321 (class 1259 OID 118115)
-- Name: ventas_movimientocaja; Type: TABLE; Schema: public; Owner: sigbadmin; Tablespace: 
--

CREATE TABLE ventas_movimientocaja (
    id integer NOT NULL
);


ALTER TABLE ventas_movimientocaja OWNER TO sigbadmin;

--
-- TOC entry 320 (class 1259 OID 118113)
-- Name: ventas_movimientocaja_id_seq; Type: SEQUENCE; Schema: public; Owner: sigbadmin
--

CREATE SEQUENCE ventas_movimientocaja_id_seq
    START WITH 1
    INCREMENT BY 1
    NO MINVALUE
    NO MAXVALUE
    CACHE 1;


ALTER TABLE ventas_movimientocaja_id_seq OWNER TO sigbadmin;

--
-- TOC entry 3268 (class 0 OID 0)
-- Dependencies: 320
-- Name: ventas_movimientocaja_id_seq; Type: SEQUENCE OWNED BY; Schema: public; Owner: sigbadmin
--

ALTER SEQUENCE ventas_movimientocaja_id_seq OWNED BY ventas_movimientocaja.id;


--
-- TOC entry 220 (class 1259 OID 57781)
-- Name: ventas_pedido; Type: TABLE; Schema: public; Owner: sigbadmin; Tablespace: 
--

CREATE TABLE ventas_pedido (
    id integer NOT NULL,
    estado_pedido_id integer NOT NULL,
    fecha_pedido timestamp with time zone NOT NULL,
    mozo_pedido_id integer NOT NULL,
    total_pedido numeric(18,0) NOT NULL,
    reserva_id integer,
    monto_entrega_reserva numeric(18,0)
);


ALTER TABLE ventas_pedido OWNER TO sigbadmin;

--
-- TOC entry 219 (class 1259 OID 57779)
-- Name: ventas_pedido_id_seq; Type: SEQUENCE; Schema: public; Owner: sigbadmin
--

CREATE SEQUENCE ventas_pedido_id_seq
    START WITH 1
    INCREMENT BY 1
    NO MINVALUE
    NO MAXVALUE
    CACHE 1;


ALTER TABLE ventas_pedido_id_seq OWNER TO sigbadmin;

--
-- TOC entry 3269 (class 0 OID 0)
-- Dependencies: 219
-- Name: ventas_pedido_id_seq; Type: SEQUENCE OWNED BY; Schema: public; Owner: sigbadmin
--

ALTER SEQUENCE ventas_pedido_id_seq OWNED BY ventas_pedido.id;


--
-- TOC entry 305 (class 1259 OID 117286)
-- Name: ventas_pedido_mesa_pedido; Type: TABLE; Schema: public; Owner: sigbadmin; Tablespace: 
--

CREATE TABLE ventas_pedido_mesa_pedido (
    id integer NOT NULL,
    pedido_id integer NOT NULL,
    mesa_id integer NOT NULL
);


ALTER TABLE ventas_pedido_mesa_pedido OWNER TO sigbadmin;

--
-- TOC entry 304 (class 1259 OID 117284)
-- Name: ventas_pedido_mesa_pedido_id_seq; Type: SEQUENCE; Schema: public; Owner: sigbadmin
--

CREATE SEQUENCE ventas_pedido_mesa_pedido_id_seq
    START WITH 1
    INCREMENT BY 1
    NO MINVALUE
    NO MAXVALUE
    CACHE 1;


ALTER TABLE ventas_pedido_mesa_pedido_id_seq OWNER TO sigbadmin;

--
-- TOC entry 3270 (class 0 OID 0)
-- Dependencies: 304
-- Name: ventas_pedido_mesa_pedido_id_seq; Type: SEQUENCE OWNED BY; Schema: public; Owner: sigbadmin
--

ALTER SEQUENCE ventas_pedido_mesa_pedido_id_seq OWNED BY ventas_pedido_mesa_pedido.id;


--
-- TOC entry 222 (class 1259 OID 57789)
-- Name: ventas_pedidodetalle; Type: TABLE; Schema: public; Owner: sigbadmin; Tablespace: 
--

CREATE TABLE ventas_pedidodetalle (
    id integer NOT NULL,
    pedido_id integer NOT NULL,
    producto_pedido_id integer NOT NULL,
    cantidad_producto_pedido numeric(10,3) NOT NULL,
    fecha_pedido_detalle timestamp with time zone NOT NULL,
    total_producto_pedido numeric(18,0) NOT NULL,
    precio_producto_pedido numeric(18,0) NOT NULL
);


ALTER TABLE ventas_pedidodetalle OWNER TO sigbadmin;

--
-- TOC entry 221 (class 1259 OID 57787)
-- Name: ventas_pedidodetalle_id_seq; Type: SEQUENCE; Schema: public; Owner: sigbadmin
--

CREATE SEQUENCE ventas_pedidodetalle_id_seq
    START WITH 1
    INCREMENT BY 1
    NO MINVALUE
    NO MAXVALUE
    CACHE 1;


ALTER TABLE ventas_pedidodetalle_id_seq OWNER TO sigbadmin;

--
-- TOC entry 3271 (class 0 OID 0)
-- Dependencies: 221
-- Name: ventas_pedidodetalle_id_seq; Type: SEQUENCE OWNED BY; Schema: public; Owner: sigbadmin
--

ALTER SEQUENCE ventas_pedidodetalle_id_seq OWNED BY ventas_pedidodetalle.id;


--
-- TOC entry 323 (class 1259 OID 118123)
-- Name: ventas_retirovalorcaja; Type: TABLE; Schema: public; Owner: sigbadmin; Tablespace: 
--

CREATE TABLE ventas_retirovalorcaja (
    id integer NOT NULL
);


ALTER TABLE ventas_retirovalorcaja OWNER TO sigbadmin;

--
-- TOC entry 322 (class 1259 OID 118121)
-- Name: ventas_retirovalorcaja_id_seq; Type: SEQUENCE; Schema: public; Owner: sigbadmin
--

CREATE SEQUENCE ventas_retirovalorcaja_id_seq
    START WITH 1
    INCREMENT BY 1
    NO MINVALUE
    NO MAXVALUE
    CACHE 1;


ALTER TABLE ventas_retirovalorcaja_id_seq OWNER TO sigbadmin;

--
-- TOC entry 3272 (class 0 OID 0)
-- Dependencies: 322
-- Name: ventas_retirovalorcaja_id_seq; Type: SEQUENCE OWNED BY; Schema: public; Owner: sigbadmin
--

ALTER SEQUENCE ventas_retirovalorcaja_id_seq OWNED BY ventas_retirovalorcaja.id;


--
-- TOC entry 290 (class 1259 OID 108895)
-- Name: ventas_venta; Type: TABLE; Schema: public; Owner: sigbadmin; Tablespace: 
--

CREATE TABLE ventas_venta (
    id integer NOT NULL,
    fecha_venta timestamp with time zone NOT NULL,
    total_venta numeric(18,0) NOT NULL,
    cliente_id integer NOT NULL,
    estado_venta_id integer NOT NULL,
    forma_pago_id integer NOT NULL,
    reserva_id integer NOT NULL,
    numero_factura_venta_id integer NOT NULL,
    caja_id integer NOT NULL,
    empresa_id integer NOT NULL,
    numero_pedido_id integer NOT NULL
);


ALTER TABLE ventas_venta OWNER TO sigbadmin;

--
-- TOC entry 289 (class 1259 OID 108893)
-- Name: ventas_venta_id_seq; Type: SEQUENCE; Schema: public; Owner: sigbadmin
--

CREATE SEQUENCE ventas_venta_id_seq
    START WITH 1
    INCREMENT BY 1
    NO MINVALUE
    NO MAXVALUE
    CACHE 1;


ALTER TABLE ventas_venta_id_seq OWNER TO sigbadmin;

--
-- TOC entry 3273 (class 0 OID 0)
-- Dependencies: 289
-- Name: ventas_venta_id_seq; Type: SEQUENCE OWNED BY; Schema: public; Owner: sigbadmin
--

ALTER SEQUENCE ventas_venta_id_seq OWNED BY ventas_venta.id;


--
-- TOC entry 292 (class 1259 OID 108903)
-- Name: ventas_ventadetalle; Type: TABLE; Schema: public; Owner: sigbadmin; Tablespace: 
--

CREATE TABLE ventas_ventadetalle (
    id integer NOT NULL,
    cantidad_producto_venta numeric(10,3) NOT NULL,
    total_producto_venta numeric(18,0) NOT NULL,
    producto_venta_id integer NOT NULL,
    venta_id integer NOT NULL,
    precio_producto_venta numeric(18,0) NOT NULL
);


ALTER TABLE ventas_ventadetalle OWNER TO sigbadmin;

--
-- TOC entry 291 (class 1259 OID 108901)
-- Name: ventas_ventadetalle_id_seq; Type: SEQUENCE; Schema: public; Owner: sigbadmin
--

CREATE SEQUENCE ventas_ventadetalle_id_seq
    START WITH 1
    INCREMENT BY 1
    NO MINVALUE
    NO MAXVALUE
    CACHE 1;


ALTER TABLE ventas_ventadetalle_id_seq OWNER TO sigbadmin;

--
-- TOC entry 3274 (class 0 OID 0)
-- Dependencies: 291
-- Name: ventas_ventadetalle_id_seq; Type: SEQUENCE OWNED BY; Schema: public; Owner: sigbadmin
--

ALTER SEQUENCE ventas_ventadetalle_id_seq OWNED BY ventas_ventadetalle.id;


--
-- TOC entry 2378 (class 2604 OID 49650)
-- Name: id; Type: DEFAULT; Schema: public; Owner: sigbadmin
--

ALTER TABLE ONLY auth_group ALTER COLUMN id SET DEFAULT nextval('auth_group_id_seq'::regclass);


--
-- TOC entry 2379 (class 2604 OID 49660)
-- Name: id; Type: DEFAULT; Schema: public; Owner: sigbadmin
--

ALTER TABLE ONLY auth_group_permissions ALTER COLUMN id SET DEFAULT nextval('auth_group_permissions_id_seq'::regclass);


--
-- TOC entry 2377 (class 2604 OID 49640)
-- Name: id; Type: DEFAULT; Schema: public; Owner: sigbadmin
--

ALTER TABLE ONLY auth_permission ALTER COLUMN id SET DEFAULT nextval('auth_permission_id_seq'::regclass);


--
-- TOC entry 2380 (class 2604 OID 49670)
-- Name: id; Type: DEFAULT; Schema: public; Owner: sigbadmin
--

ALTER TABLE ONLY auth_user ALTER COLUMN id SET DEFAULT nextval('auth_user_id_seq'::regclass);


--
-- TOC entry 2381 (class 2604 OID 49680)
-- Name: id; Type: DEFAULT; Schema: public; Owner: sigbadmin
--

ALTER TABLE ONLY auth_user_groups ALTER COLUMN id SET DEFAULT nextval('auth_user_groups_id_seq'::regclass);


--
-- TOC entry 2382 (class 2604 OID 49690)
-- Name: id; Type: DEFAULT; Schema: public; Owner: sigbadmin
--

ALTER TABLE ONLY auth_user_user_permissions ALTER COLUMN id SET DEFAULT nextval('auth_user_user_permissions_id_seq'::regclass);


--
-- TOC entry 2403 (class 2604 OID 65562)
-- Name: id; Type: DEFAULT; Schema: public; Owner: sigbadmin
--

ALTER TABLE ONLY bar_caja ALTER COLUMN id SET DEFAULT nextval('bar_caja_id_seq'::regclass);


--
-- TOC entry 2385 (class 2604 OID 49768)
-- Name: id; Type: DEFAULT; Schema: public; Owner: sigbadmin
--

ALTER TABLE ONLY bar_cajaestado ALTER COLUMN id SET DEFAULT nextval('bar_cajaestado_id_seq'::regclass);


--
-- TOC entry 2405 (class 2604 OID 65570)
-- Name: id; Type: DEFAULT; Schema: public; Owner: sigbadmin
--

ALTER TABLE ONLY bar_cajaubicacion ALTER COLUMN id SET DEFAULT nextval('bar_cajaubicacion_id_seq'::regclass);


--
-- TOC entry 2398 (class 2604 OID 57349)
-- Name: id; Type: DEFAULT; Schema: public; Owner: sigbadmin
--

ALTER TABLE ONLY bar_categoriaproducto ALTER COLUMN id SET DEFAULT nextval('bar_categoriaproducto_id_seq'::regclass);


--
-- TOC entry 2421 (class 2604 OID 82012)
-- Name: id; Type: DEFAULT; Schema: public; Owner: sigbadmin
--

ALTER TABLE ONLY bar_ciudad ALTER COLUMN id SET DEFAULT nextval('bar_ciudad_id_seq'::regclass);


--
-- TOC entry 2434 (class 2604 OID 100089)
-- Name: id; Type: DEFAULT; Schema: public; Owner: sigbadmin
--

ALTER TABLE ONLY bar_codigooperadoratelefono ALTER COLUMN id SET DEFAULT nextval('bar_codigooperadoratelefono_id_seq'::regclass);


--
-- TOC entry 2414 (class 2604 OID 73862)
-- Name: id; Type: DEFAULT; Schema: public; Owner: sigbadmin
--

ALTER TABLE ONLY bar_codigopaistelefono ALTER COLUMN id SET DEFAULT nextval('bar_codigopaistelefono_id_seq'::regclass);


--
-- TOC entry 2423 (class 2604 OID 90135)
-- Name: id; Type: DEFAULT; Schema: public; Owner: sigbadmin
--

ALTER TABLE ONLY bar_compraestado ALTER COLUMN id SET DEFAULT nextval('bar_compraestado_id_seq'::regclass);


--
-- TOC entry 2411 (class 2604 OID 73794)
-- Name: id; Type: DEFAULT; Schema: public; Owner: sigbadmin
--

ALTER TABLE ONLY bar_cotizacion ALTER COLUMN id SET DEFAULT nextval('bar_cotizacion_id_seq'::regclass);


--
-- TOC entry 2433 (class 2604 OID 92255)
-- Name: id; Type: DEFAULT; Schema: public; Owner: sigbadmin
--

ALTER TABLE ONLY bar_deposito ALTER COLUMN id SET DEFAULT nextval('bar_deposito_id_seq'::regclass);


--
-- TOC entry 2386 (class 2604 OID 49776)
-- Name: id; Type: DEFAULT; Schema: public; Owner: sigbadmin
--

ALTER TABLE ONLY bar_documento ALTER COLUMN id SET DEFAULT nextval('bar_documento_id_seq'::regclass);


--
-- TOC entry 2464 (class 2604 OID 118620)
-- Name: id; Type: DEFAULT; Schema: public; Owner: sigbadmin
--

ALTER TABLE ONLY bar_facturaventa ALTER COLUMN id SET DEFAULT nextval('bar_facturaventa_id_seq'::regclass);


--
-- TOC entry 2416 (class 2604 OID 74081)
-- Name: id; Type: DEFAULT; Schema: public; Owner: sigbadmin
--

ALTER TABLE ONLY bar_formapagocompra ALTER COLUMN id SET DEFAULT nextval('bar_formapagocompra_id_seq'::regclass);


--
-- TOC entry 2418 (class 2604 OID 74089)
-- Name: id; Type: DEFAULT; Schema: public; Owner: sigbadmin
--

ALTER TABLE ONLY bar_formapagoventa ALTER COLUMN id SET DEFAULT nextval('bar_formapagoventa_id_seq'::regclass);


--
-- TOC entry 2406 (class 2604 OID 65578)
-- Name: id; Type: DEFAULT; Schema: public; Owner: sigbadmin
--

ALTER TABLE ONLY bar_mesa ALTER COLUMN id SET DEFAULT nextval('bar_mesa_id_seq'::regclass);


--
-- TOC entry 2387 (class 2604 OID 49784)
-- Name: id; Type: DEFAULT; Schema: public; Owner: sigbadmin
--

ALTER TABLE ONLY bar_mesaestado ALTER COLUMN id SET DEFAULT nextval('bar_mesaestado_id_seq'::regclass);


--
-- TOC entry 2408 (class 2604 OID 65586)
-- Name: id; Type: DEFAULT; Schema: public; Owner: sigbadmin
--

ALTER TABLE ONLY bar_mesaubicacion ALTER COLUMN id SET DEFAULT nextval('bar_mesaubicacion_id_seq'::regclass);


--
-- TOC entry 2412 (class 2604 OID 73802)
-- Name: id; Type: DEFAULT; Schema: public; Owner: sigbadmin
--

ALTER TABLE ONLY bar_moneda ALTER COLUMN id SET DEFAULT nextval('bar_moneda_id_seq'::regclass);


--
-- TOC entry 2424 (class 2604 OID 90822)
-- Name: id; Type: DEFAULT; Schema: public; Owner: sigbadmin
--

ALTER TABLE ONLY bar_ordencompraestado ALTER COLUMN id SET DEFAULT nextval('bar_ordencompraestado_id_seq'::regclass);


--
-- TOC entry 2422 (class 2604 OID 82020)
-- Name: id; Type: DEFAULT; Schema: public; Owner: sigbadmin
--

ALTER TABLE ONLY bar_pais ALTER COLUMN id SET DEFAULT nextval('bar_pais_id_seq'::regclass);


--
-- TOC entry 2439 (class 2604 OID 108841)
-- Name: id; Type: DEFAULT; Schema: public; Owner: sigbadmin
--

ALTER TABLE ONLY bar_pedidoestado ALTER COLUMN id SET DEFAULT nextval('bar_pedidoestado_id_seq'::regclass);


--
-- TOC entry 2432 (class 2604 OID 92162)
-- Name: id; Type: DEFAULT; Schema: public; Owner: sigbadmin
--

ALTER TABLE ONLY bar_persona ALTER COLUMN id SET DEFAULT nextval('bar_persona_id_seq'::regclass);


--
-- TOC entry 2388 (class 2604 OID 49792)
-- Name: id; Type: DEFAULT; Schema: public; Owner: sigbadmin
--

ALTER TABLE ONLY bar_reservaestado ALTER COLUMN id SET DEFAULT nextval('bar_reservaestado_id_seq'::regclass);


--
-- TOC entry 2430 (class 2604 OID 92006)
-- Name: id; Type: DEFAULT; Schema: public; Owner: sigbadmin
--

ALTER TABLE ONLY bar_subcategoriaproducto ALTER COLUMN id SET DEFAULT nextval('bar_subcategoriaproducto_id_seq'::regclass);


--
-- TOC entry 2448 (class 2604 OID 116538)
-- Name: id; Type: DEFAULT; Schema: public; Owner: sigbadmin
--

ALTER TABLE ONLY bar_timbrado ALTER COLUMN id SET DEFAULT nextval('bar_timbrado_id_seq'::regclass);


--
-- TOC entry 2409 (class 2604 OID 65645)
-- Name: id; Type: DEFAULT; Schema: public; Owner: sigbadmin
--

ALTER TABLE ONLY bar_tipodeposito ALTER COLUMN id SET DEFAULT nextval('bar_tipodeposito_id_seq'::regclass);


--
-- TOC entry 2453 (class 2604 OID 117555)
-- Name: id; Type: DEFAULT; Schema: public; Owner: sigbadmin
--

ALTER TABLE ONLY bar_tipofacturacompra ALTER COLUMN id SET DEFAULT nextval('bar_tipofacturacompra_id_seq'::regclass);


--
-- TOC entry 2451 (class 2604 OID 117425)
-- Name: id; Type: DEFAULT; Schema: public; Owner: sigbadmin
--

ALTER TABLE ONLY bar_tipomovimientostock ALTER COLUMN id SET DEFAULT nextval('bar_tipomovimientostock_id_seq'::regclass);


--
-- TOC entry 2410 (class 2604 OID 65653)
-- Name: id; Type: DEFAULT; Schema: public; Owner: sigbadmin
--

ALTER TABLE ONLY bar_tipoproducto ALTER COLUMN id SET DEFAULT nextval('bar_tipoproducto_id_seq'::regclass);


--
-- TOC entry 2452 (class 2604 OID 117433)
-- Name: id; Type: DEFAULT; Schema: public; Owner: sigbadmin
--

ALTER TABLE ONLY bar_transferenciastockestado ALTER COLUMN id SET DEFAULT nextval('bar_transferenciastockestado_id_seq'::regclass);


--
-- TOC entry 2431 (class 2604 OID 92014)
-- Name: id; Type: DEFAULT; Schema: public; Owner: sigbadmin
--

ALTER TABLE ONLY bar_unidadmedidaproducto ALTER COLUMN id SET DEFAULT nextval('bar_unidadmedidaproducto_id_seq'::regclass);


--
-- TOC entry 2440 (class 2604 OID 108849)
-- Name: id; Type: DEFAULT; Schema: public; Owner: sigbadmin
--

ALTER TABLE ONLY bar_ventaestado ALTER COLUMN id SET DEFAULT nextval('bar_ventaestado_id_seq'::regclass);


--
-- TOC entry 2389 (class 2604 OID 49856)
-- Name: id; Type: DEFAULT; Schema: public; Owner: sigbadmin
--

ALTER TABLE ONLY clientes_cliente ALTER COLUMN id SET DEFAULT nextval('clientes_cliente_id_seq'::regclass);


--
-- TOC entry 2390 (class 2604 OID 49867)
-- Name: id; Type: DEFAULT; Schema: public; Owner: sigbadmin
--

ALTER TABLE ONLY clientes_clientedocumento ALTER COLUMN id SET DEFAULT nextval('clientes_clientedocumento_id_seq'::regclass);


--
-- TOC entry 2419 (class 2604 OID 81935)
-- Name: id; Type: DEFAULT; Schema: public; Owner: sigbadmin
--

ALTER TABLE ONLY clientes_clientetelefono ALTER COLUMN id SET DEFAULT nextval('clientes_clientetelefono_id_seq'::regclass);


--
-- TOC entry 2391 (class 2604 OID 49875)
-- Name: id; Type: DEFAULT; Schema: public; Owner: sigbadmin
--

ALTER TABLE ONLY clientes_reserva ALTER COLUMN id SET DEFAULT nextval('clientes_reserva_id_seq'::regclass);


--
-- TOC entry 2393 (class 2604 OID 49883)
-- Name: id; Type: DEFAULT; Schema: public; Owner: sigbadmin
--

ALTER TABLE ONLY clientes_reserva_mesas ALTER COLUMN id SET DEFAULT nextval('clientes_reserva_mesas_id_seq'::regclass);


--
-- TOC entry 2437 (class 2604 OID 108164)
-- Name: numero_compra; Type: DEFAULT; Schema: public; Owner: sigbadmin
--

ALTER TABLE ONLY compras_compra ALTER COLUMN numero_compra SET DEFAULT nextval('compras_compra_numero_compra_seq'::regclass);


--
-- TOC entry 2438 (class 2604 OID 108172)
-- Name: id; Type: DEFAULT; Schema: public; Owner: sigbadmin
--

ALTER TABLE ONLY compras_compradetalle ALTER COLUMN id SET DEFAULT nextval('compras_compradetalle_id_seq'::regclass);


--
-- TOC entry 2454 (class 2604 OID 117577)
-- Name: id; Type: DEFAULT; Schema: public; Owner: sigbadmin
--

ALTER TABLE ONLY compras_facturaproveedor ALTER COLUMN id SET DEFAULT nextval('compras_facturaproveedor_id_seq'::regclass);


--
-- TOC entry 2426 (class 2604 OID 91359)
-- Name: id; Type: DEFAULT; Schema: public; Owner: sigbadmin
--

ALTER TABLE ONLY compras_lineacreditoproveedor ALTER COLUMN id SET DEFAULT nextval('compras_lineacreditoproveedor_id_seq'::regclass);


--
-- TOC entry 2456 (class 2604 OID 117736)
-- Name: id; Type: DEFAULT; Schema: public; Owner: sigbadmin
--

ALTER TABLE ONLY compras_lineacreditoproveedordetalle ALTER COLUMN id SET DEFAULT nextval('compras_lineacreditoproveedordetalle_id_seq'::regclass);


--
-- TOC entry 2428 (class 2604 OID 91662)
-- Name: numero_orden_compra; Type: DEFAULT; Schema: public; Owner: sigbadmin
--

ALTER TABLE ONLY compras_ordencompra ALTER COLUMN numero_orden_compra SET DEFAULT nextval('compras_ordencompra_numero_orden_compra_seq'::regclass);


--
-- TOC entry 2429 (class 2604 OID 91670)
-- Name: id; Type: DEFAULT; Schema: public; Owner: sigbadmin
--

ALTER TABLE ONLY compras_ordencompradetalle ALTER COLUMN id SET DEFAULT nextval('compras_ordencompradetalle_id_seq'::regclass);


--
-- TOC entry 2449 (class 2604 OID 117146)
-- Name: id; Type: DEFAULT; Schema: public; Owner: sigbadmin
--

ALTER TABLE ONLY compras_pagoproveedor ALTER COLUMN id SET DEFAULT nextval('compras_pagoproveedor_id_seq'::regclass);


--
-- TOC entry 2427 (class 2604 OID 91388)
-- Name: id; Type: DEFAULT; Schema: public; Owner: sigbadmin
--

ALTER TABLE ONLY compras_productoproveedor ALTER COLUMN id SET DEFAULT nextval('compras_productoproveedor_id_seq'::regclass);


--
-- TOC entry 2425 (class 2604 OID 91323)
-- Name: id; Type: DEFAULT; Schema: public; Owner: sigbadmin
--

ALTER TABLE ONLY compras_proveedor ALTER COLUMN id SET DEFAULT nextval('compras_proveedor_id_seq'::regclass);


--
-- TOC entry 2436 (class 2604 OID 100201)
-- Name: id; Type: DEFAULT; Schema: public; Owner: sigbadmin
--

ALTER TABLE ONLY compras_proveedortelefono ALTER COLUMN id SET DEFAULT nextval('compras_proveedortelefono_id_seq'::regclass);


--
-- TOC entry 2383 (class 2604 OID 49744)
-- Name: id; Type: DEFAULT; Schema: public; Owner: sigbadmin
--

ALTER TABLE ONLY django_admin_log ALTER COLUMN id SET DEFAULT nextval('django_admin_log_id_seq'::regclass);


--
-- TOC entry 2376 (class 2604 OID 49630)
-- Name: id; Type: DEFAULT; Schema: public; Owner: sigbadmin
--

ALTER TABLE ONLY django_content_type ALTER COLUMN id SET DEFAULT nextval('django_content_type_id_seq'::regclass);


--
-- TOC entry 2375 (class 2604 OID 49619)
-- Name: id; Type: DEFAULT; Schema: public; Owner: sigbadmin
--

ALTER TABLE ONLY django_migrations ALTER COLUMN id SET DEFAULT nextval('django_migrations_id_seq'::regclass);


--
-- TOC entry 2400 (class 2604 OID 57757)
-- Name: id; Type: DEFAULT; Schema: public; Owner: sigbadmin
--

ALTER TABLE ONLY personal_cargo ALTER COLUMN id SET DEFAULT nextval('personal_cargo_id_seq'::regclass);


--
-- TOC entry 2394 (class 2604 OID 49929)
-- Name: id; Type: DEFAULT; Schema: public; Owner: sigbadmin
--

ALTER TABLE ONLY personal_empleado ALTER COLUMN id SET DEFAULT nextval('personal_empleado_id_seq'::regclass);


--
-- TOC entry 2396 (class 2604 OID 49940)
-- Name: id; Type: DEFAULT; Schema: public; Owner: sigbadmin
--

ALTER TABLE ONLY personal_empleadodocumento ALTER COLUMN id SET DEFAULT nextval('personal_empleadodocumento_id_seq'::regclass);


--
-- TOC entry 2420 (class 2604 OID 81974)
-- Name: id; Type: DEFAULT; Schema: public; Owner: sigbadmin
--

ALTER TABLE ONLY personal_empleadotelefono ALTER COLUMN id SET DEFAULT nextval('personal_empleadotelefono_id_seq'::regclass);


--
-- TOC entry 2397 (class 2604 OID 49948)
-- Name: id; Type: DEFAULT; Schema: public; Owner: sigbadmin
--

ALTER TABLE ONLY personal_horario ALTER COLUMN id SET DEFAULT nextval('personal_horario_id_seq'::regclass);


--
-- TOC entry 2462 (class 2604 OID 118204)
-- Name: id; Type: DEFAULT; Schema: public; Owner: sigbadmin
--

ALTER TABLE ONLY stock_devolucion ALTER COLUMN id SET DEFAULT nextval('stock_devolucion_id_seq'::regclass);


--
-- TOC entry 2399 (class 2604 OID 57494)
-- Name: id; Type: DEFAULT; Schema: public; Owner: sigbadmin
--

ALTER TABLE ONLY stock_producto ALTER COLUMN id SET DEFAULT nextval('stock_producto_id_seq'::regclass);


--
-- TOC entry 2445 (class 2604 OID 116438)
-- Name: id; Type: DEFAULT; Schema: public; Owner: sigbadmin
--

ALTER TABLE ONLY stock_productocompuestodetalle ALTER COLUMN id SET DEFAULT nextval('stock_productocompuestodetalle_id_seq'::regclass);


--
-- TOC entry 2444 (class 2604 OID 109078)
-- Name: id; Type: DEFAULT; Schema: public; Owner: sigbadmin
--

ALTER TABLE ONLY stock_stock ALTER COLUMN id SET DEFAULT nextval('stock_stock_id_seq'::regclass);


--
-- TOC entry 2465 (class 2604 OID 118656)
-- Name: id; Type: DEFAULT; Schema: public; Owner: sigbadmin
--

ALTER TABLE ONLY stock_stockdeposito ALTER COLUMN id SET DEFAULT nextval('stock_stockdeposito_id_seq'::regclass);


--
-- TOC entry 2446 (class 2604 OID 116446)
-- Name: id; Type: DEFAULT; Schema: public; Owner: sigbadmin
--

ALTER TABLE ONLY stock_stockdetalle ALTER COLUMN id SET DEFAULT nextval('stock_stockdetalle_id_seq'::regclass);


--
-- TOC entry 2466 (class 2604 OID 118664)
-- Name: id; Type: DEFAULT; Schema: public; Owner: sigbadmin
--

ALTER TABLE ONLY stock_stockproducto ALTER COLUMN id SET DEFAULT nextval('stock_stockproducto_id_seq'::regclass);


--
-- TOC entry 2463 (class 2604 OID 118425)
-- Name: id; Type: DEFAULT; Schema: public; Owner: sigbadmin
--

ALTER TABLE ONLY stock_transferenciastock ALTER COLUMN id SET DEFAULT nextval('stock_transferenciastock_id_seq'::regclass);


--
-- TOC entry 2441 (class 2604 OID 108882)
-- Name: id; Type: DEFAULT; Schema: public; Owner: sigbadmin
--

ALTER TABLE ONLY ventas_aperturacaja ALTER COLUMN id SET DEFAULT nextval('ventas_aperturacaja_id_seq'::regclass);


--
-- TOC entry 2457 (class 2604 OID 118102)
-- Name: id; Type: DEFAULT; Schema: public; Owner: sigbadmin
--

ALTER TABLE ONLY ventas_cierrecaja ALTER COLUMN id SET DEFAULT nextval('ventas_cierrecaja_id_seq'::regclass);


--
-- TOC entry 2461 (class 2604 OID 118185)
-- Name: id; Type: DEFAULT; Schema: public; Owner: sigbadmin
--

ALTER TABLE ONLY ventas_comanda ALTER COLUMN id SET DEFAULT nextval('ventas_comanda_id_seq'::regclass);


--
-- TOC entry 2458 (class 2604 OID 118110)
-- Name: id; Type: DEFAULT; Schema: public; Owner: sigbadmin
--

ALTER TABLE ONLY ventas_ingresovalorcaja ALTER COLUMN id SET DEFAULT nextval('ventas_ingresovalorcaja_id_seq'::regclass);


--
-- TOC entry 2459 (class 2604 OID 118118)
-- Name: id; Type: DEFAULT; Schema: public; Owner: sigbadmin
--

ALTER TABLE ONLY ventas_movimientocaja ALTER COLUMN id SET DEFAULT nextval('ventas_movimientocaja_id_seq'::regclass);


--
-- TOC entry 2401 (class 2604 OID 57784)
-- Name: id; Type: DEFAULT; Schema: public; Owner: sigbadmin
--

ALTER TABLE ONLY ventas_pedido ALTER COLUMN id SET DEFAULT nextval('ventas_pedido_id_seq'::regclass);


--
-- TOC entry 2450 (class 2604 OID 117289)
-- Name: id; Type: DEFAULT; Schema: public; Owner: sigbadmin
--

ALTER TABLE ONLY ventas_pedido_mesa_pedido ALTER COLUMN id SET DEFAULT nextval('ventas_pedido_mesa_pedido_id_seq'::regclass);


--
-- TOC entry 2402 (class 2604 OID 57792)
-- Name: id; Type: DEFAULT; Schema: public; Owner: sigbadmin
--

ALTER TABLE ONLY ventas_pedidodetalle ALTER COLUMN id SET DEFAULT nextval('ventas_pedidodetalle_id_seq'::regclass);


--
-- TOC entry 2460 (class 2604 OID 118126)
-- Name: id; Type: DEFAULT; Schema: public; Owner: sigbadmin
--

ALTER TABLE ONLY ventas_retirovalorcaja ALTER COLUMN id SET DEFAULT nextval('ventas_retirovalorcaja_id_seq'::regclass);


--
-- TOC entry 2442 (class 2604 OID 108898)
-- Name: id; Type: DEFAULT; Schema: public; Owner: sigbadmin
--

ALTER TABLE ONLY ventas_venta ALTER COLUMN id SET DEFAULT nextval('ventas_venta_id_seq'::regclass);


--
-- TOC entry 2443 (class 2604 OID 108906)
-- Name: id; Type: DEFAULT; Schema: public; Owner: sigbadmin
--

ALTER TABLE ONLY ventas_ventadetalle ALTER COLUMN id SET DEFAULT nextval('ventas_ventadetalle_id_seq'::regclass);


--
-- TOC entry 3029 (class 0 OID 49647)
-- Dependencies: 179
-- Data for Name: auth_group; Type: TABLE DATA; Schema: public; Owner: sigbadmin
--

INSERT INTO auth_group VALUES (1, 'Mozo');
INSERT INTO auth_group VALUES (2, 'Cajero');
INSERT INTO auth_group VALUES (4, 'Barman');
INSERT INTO auth_group VALUES (3, 'Depositero');
INSERT INTO auth_group VALUES (5, 'Cocinero');


--
-- TOC entry 3275 (class 0 OID 0)
-- Dependencies: 178
-- Name: auth_group_id_seq; Type: SEQUENCE SET; Schema: public; Owner: sigbadmin
--

SELECT pg_catalog.setval('auth_group_id_seq', 5, true);


--
-- TOC entry 3031 (class 0 OID 49657)
-- Dependencies: 181
-- Data for Name: auth_group_permissions; Type: TABLE DATA; Schema: public; Owner: sigbadmin
--

INSERT INTO auth_group_permissions VALUES (1, 1, 100);
INSERT INTO auth_group_permissions VALUES (2, 1, 101);
INSERT INTO auth_group_permissions VALUES (3, 1, 102);
INSERT INTO auth_group_permissions VALUES (4, 1, 103);
INSERT INTO auth_group_permissions VALUES (5, 1, 104);
INSERT INTO auth_group_permissions VALUES (6, 1, 105);
INSERT INTO auth_group_permissions VALUES (7, 2, 100);
INSERT INTO auth_group_permissions VALUES (8, 2, 101);
INSERT INTO auth_group_permissions VALUES (9, 2, 102);
INSERT INTO auth_group_permissions VALUES (10, 2, 103);
INSERT INTO auth_group_permissions VALUES (11, 2, 104);
INSERT INTO auth_group_permissions VALUES (12, 2, 105);
INSERT INTO auth_group_permissions VALUES (13, 4, 100);
INSERT INTO auth_group_permissions VALUES (14, 4, 101);
INSERT INTO auth_group_permissions VALUES (15, 4, 102);
INSERT INTO auth_group_permissions VALUES (16, 4, 103);
INSERT INTO auth_group_permissions VALUES (17, 4, 104);
INSERT INTO auth_group_permissions VALUES (18, 4, 105);
INSERT INTO auth_group_permissions VALUES (25, 3, 67);
INSERT INTO auth_group_permissions VALUES (26, 3, 68);
INSERT INTO auth_group_permissions VALUES (27, 3, 69);
INSERT INTO auth_group_permissions VALUES (40, 5, 100);
INSERT INTO auth_group_permissions VALUES (41, 5, 101);
INSERT INTO auth_group_permissions VALUES (42, 5, 102);
INSERT INTO auth_group_permissions VALUES (43, 5, 103);
INSERT INTO auth_group_permissions VALUES (44, 5, 104);
INSERT INTO auth_group_permissions VALUES (45, 5, 105);


--
-- TOC entry 3276 (class 0 OID 0)
-- Dependencies: 180
-- Name: auth_group_permissions_id_seq; Type: SEQUENCE SET; Schema: public; Owner: sigbadmin
--

SELECT pg_catalog.setval('auth_group_permissions_id_seq', 51, true);


--
-- TOC entry 3027 (class 0 OID 49637)
-- Dependencies: 177
-- Data for Name: auth_permission; Type: TABLE DATA; Schema: public; Owner: sigbadmin
--

INSERT INTO auth_permission VALUES (1, 'Can add log entry', 1, 'add_logentry');
INSERT INTO auth_permission VALUES (2, 'Can change log entry', 1, 'change_logentry');
INSERT INTO auth_permission VALUES (3, 'Can delete log entry', 1, 'delete_logentry');
INSERT INTO auth_permission VALUES (4, 'Can add permission', 2, 'add_permission');
INSERT INTO auth_permission VALUES (5, 'Can change permission', 2, 'change_permission');
INSERT INTO auth_permission VALUES (6, 'Can delete permission', 2, 'delete_permission');
INSERT INTO auth_permission VALUES (7, 'Can add group', 3, 'add_group');
INSERT INTO auth_permission VALUES (8, 'Can change group', 3, 'change_group');
INSERT INTO auth_permission VALUES (9, 'Can delete group', 3, 'delete_group');
INSERT INTO auth_permission VALUES (10, 'Can add user', 4, 'add_user');
INSERT INTO auth_permission VALUES (11, 'Can change user', 4, 'change_user');
INSERT INTO auth_permission VALUES (12, 'Can delete user', 4, 'delete_user');
INSERT INTO auth_permission VALUES (13, 'Can add content type', 5, 'add_contenttype');
INSERT INTO auth_permission VALUES (14, 'Can change content type', 5, 'change_contenttype');
INSERT INTO auth_permission VALUES (15, 'Can delete content type', 5, 'delete_contenttype');
INSERT INTO auth_permission VALUES (16, 'Can add session', 6, 'add_session');
INSERT INTO auth_permission VALUES (17, 'Can change session', 6, 'change_session');
INSERT INTO auth_permission VALUES (18, 'Can delete session', 6, 'delete_session');
INSERT INTO auth_permission VALUES (19, 'Can add reserva estado', 7, 'add_reservaestado');
INSERT INTO auth_permission VALUES (20, 'Can change reserva estado', 7, 'change_reservaestado');
INSERT INTO auth_permission VALUES (21, 'Can delete reserva estado', 7, 'delete_reservaestado');
INSERT INTO auth_permission VALUES (22, 'Can add mesa estado', 8, 'add_mesaestado');
INSERT INTO auth_permission VALUES (23, 'Can change mesa estado', 8, 'change_mesaestado');
INSERT INTO auth_permission VALUES (24, 'Can delete mesa estado', 8, 'delete_mesaestado');
INSERT INTO auth_permission VALUES (25, 'Can add caja estado', 9, 'add_cajaestado');
INSERT INTO auth_permission VALUES (26, 'Can change caja estado', 9, 'change_cajaestado');
INSERT INTO auth_permission VALUES (27, 'Can delete caja estado', 9, 'delete_cajaestado');
INSERT INTO auth_permission VALUES (28, 'Can add documento', 10, 'add_documento');
INSERT INTO auth_permission VALUES (29, 'Can change documento', 10, 'change_documento');
INSERT INTO auth_permission VALUES (30, 'Can delete documento', 10, 'delete_documento');
INSERT INTO auth_permission VALUES (31, 'Can add cliente', 11, 'add_cliente');
INSERT INTO auth_permission VALUES (32, 'Can change cliente', 11, 'change_cliente');
INSERT INTO auth_permission VALUES (33, 'Can delete cliente', 11, 'delete_cliente');
INSERT INTO auth_permission VALUES (34, 'Can add reserva', 12, 'add_reserva');
INSERT INTO auth_permission VALUES (35, 'Can change reserva', 12, 'change_reserva');
INSERT INTO auth_permission VALUES (36, 'Can delete reserva', 12, 'delete_reserva');
INSERT INTO auth_permission VALUES (37, 'Can add cliente documento', 13, 'add_clientedocumento');
INSERT INTO auth_permission VALUES (38, 'Can change cliente documento', 13, 'change_clientedocumento');
INSERT INTO auth_permission VALUES (39, 'Can delete cliente documento', 13, 'delete_clientedocumento');
INSERT INTO auth_permission VALUES (40, 'Can add empleado', 14, 'add_empleado');
INSERT INTO auth_permission VALUES (41, 'Can change empleado', 14, 'change_empleado');
INSERT INTO auth_permission VALUES (42, 'Can delete empleado', 14, 'delete_empleado');
INSERT INTO auth_permission VALUES (43, 'Can add horario', 15, 'add_horario');
INSERT INTO auth_permission VALUES (44, 'Can change horario', 15, 'change_horario');
INSERT INTO auth_permission VALUES (45, 'Can delete horario', 15, 'delete_horario');
INSERT INTO auth_permission VALUES (46, 'Can add empleado documento', 16, 'add_empleadodocumento');
INSERT INTO auth_permission VALUES (47, 'Can change empleado documento', 16, 'change_empleadodocumento');
INSERT INTO auth_permission VALUES (48, 'Can delete empleado documento', 16, 'delete_empleadodocumento');
INSERT INTO auth_permission VALUES (64, 'Can add categoria producto', 22, 'add_categoriaproducto');
INSERT INTO auth_permission VALUES (65, 'Can change categoria producto', 22, 'change_categoriaproducto');
INSERT INTO auth_permission VALUES (66, 'Can delete categoria producto', 22, 'delete_categoriaproducto');
INSERT INTO auth_permission VALUES (67, 'Can add proveedor', 23, 'add_proveedor');
INSERT INTO auth_permission VALUES (68, 'Can change proveedor', 23, 'change_proveedor');
INSERT INTO auth_permission VALUES (69, 'Can delete proveedor', 23, 'delete_proveedor');
INSERT INTO auth_permission VALUES (283, 'Can add Confirmacion de Compra', 95, 'add_compra');
INSERT INTO auth_permission VALUES (284, 'Can change Confirmacion de Compra', 95, 'change_compra');
INSERT INTO auth_permission VALUES (285, 'Can delete Confirmacion de Compra', 95, 'delete_compra');
INSERT INTO auth_permission VALUES (76, 'Can add cargo', 26, 'add_cargo');
INSERT INTO auth_permission VALUES (77, 'Can change cargo', 26, 'change_cargo');
INSERT INTO auth_permission VALUES (78, 'Can delete cargo', 26, 'delete_cargo');
INSERT INTO auth_permission VALUES (79, 'Can add producto', 27, 'add_producto');
INSERT INTO auth_permission VALUES (80, 'Can change producto', 27, 'change_producto');
INSERT INTO auth_permission VALUES (81, 'Can delete producto', 27, 'delete_producto');
INSERT INTO auth_permission VALUES (286, 'Can add Compra - Detalle', 96, 'add_compradetalle');
INSERT INTO auth_permission VALUES (287, 'Can change Compra - Detalle', 96, 'change_compradetalle');
INSERT INTO auth_permission VALUES (288, 'Can delete Compra - Detalle', 96, 'delete_compradetalle');
INSERT INTO auth_permission VALUES (100, 'Can add pedido', 34, 'add_pedido');
INSERT INTO auth_permission VALUES (101, 'Can change pedido', 34, 'change_pedido');
INSERT INTO auth_permission VALUES (319, 'Can add Productos Compuestos o Elaborados (Recetas)', 107, 'add_productocompuesto');
INSERT INTO auth_permission VALUES (320, 'Can change Productos Compuestos o Elaborados (Recetas)', 107, 'change_productocompuesto');
INSERT INTO auth_permission VALUES (321, 'Can delete Productos Compuestos o Elaborados (Recetas)', 107, 'delete_productocompuesto');
INSERT INTO auth_permission VALUES (322, 'Can add Productos Compuestos o Elaborados (Recetas) - Detalles', 108, 'add_productocompuestodetalle');
INSERT INTO auth_permission VALUES (323, 'Can change Productos Compuestos o Elaborados (Recetas) - Detalles', 108, 'change_productocompuestodetalle');
INSERT INTO auth_permission VALUES (324, 'Can delete Productos Compuestos o Elaborados (Recetas) - Detalles', 108, 'delete_productocompuestodetalle');
INSERT INTO auth_permission VALUES (325, 'Can add Detalle de Inventario de Productos', 109, 'add_stockdetalle');
INSERT INTO auth_permission VALUES (326, 'Can change Detalle de Inventario de Productos', 109, 'change_stockdetalle');
INSERT INTO auth_permission VALUES (327, 'Can delete Detalle de Inventario de Productos', 109, 'delete_stockdetalle');
INSERT INTO auth_permission VALUES (349, 'Can add Stock - Tipo de Movimiento', 117, 'add_tipomovimientostock');
INSERT INTO auth_permission VALUES (350, 'Can change Stock - Tipo de Movimiento', 117, 'change_tipomovimientostock');
INSERT INTO auth_permission VALUES (351, 'Can delete Stock - Tipo de Movimiento', 117, 'delete_tipomovimientostock');
INSERT INTO auth_permission VALUES (352, 'Can add Stock - Transferencia - Estado', 118, 'add_transferenciastockestado');
INSERT INTO auth_permission VALUES (353, 'Can change Stock - Transferencia - Estado', 118, 'change_transferenciastockestado');
INSERT INTO auth_permission VALUES (354, 'Can delete Stock - Transferencia - Estado', 118, 'delete_transferenciastockestado');
INSERT INTO auth_permission VALUES (102, 'Can delete pedido', 34, 'delete_pedido');
INSERT INTO auth_permission VALUES (103, 'Can add pedido detalle', 35, 'add_pedidodetalle');
INSERT INTO auth_permission VALUES (104, 'Can change pedido detalle', 35, 'change_pedidodetalle');
INSERT INTO auth_permission VALUES (105, 'Can delete pedido detalle', 35, 'delete_pedidodetalle');
INSERT INTO auth_permission VALUES (106, 'Can add mesa', 36, 'add_mesa');
INSERT INTO auth_permission VALUES (107, 'Can change mesa', 36, 'change_mesa');
INSERT INTO auth_permission VALUES (108, 'Can delete mesa', 36, 'delete_mesa');
INSERT INTO auth_permission VALUES (109, 'Can add mesa ubicacion', 37, 'add_mesaubicacion');
INSERT INTO auth_permission VALUES (110, 'Can change mesa ubicacion', 37, 'change_mesaubicacion');
INSERT INTO auth_permission VALUES (111, 'Can delete mesa ubicacion', 37, 'delete_mesaubicacion');
INSERT INTO auth_permission VALUES (112, 'Can add caja', 38, 'add_caja');
INSERT INTO auth_permission VALUES (113, 'Can change caja', 38, 'change_caja');
INSERT INTO auth_permission VALUES (114, 'Can delete caja', 38, 'delete_caja');
INSERT INTO auth_permission VALUES (115, 'Can add caja ubicacion', 39, 'add_cajaubicacion');
INSERT INTO auth_permission VALUES (116, 'Can change caja ubicacion', 39, 'change_cajaubicacion');
INSERT INTO auth_permission VALUES (117, 'Can delete caja ubicacion', 39, 'delete_cajaubicacion');
INSERT INTO auth_permission VALUES (118, 'Can add tipo deposito', 40, 'add_tipodeposito');
INSERT INTO auth_permission VALUES (119, 'Can change tipo deposito', 40, 'change_tipodeposito');
INSERT INTO auth_permission VALUES (120, 'Can delete tipo deposito', 40, 'delete_tipodeposito');
INSERT INTO auth_permission VALUES (121, 'Can add tipo producto', 41, 'add_tipoproducto');
INSERT INTO auth_permission VALUES (122, 'Can change tipo producto', 41, 'change_tipoproducto');
INSERT INTO auth_permission VALUES (123, 'Can delete tipo producto', 41, 'delete_tipoproducto');
INSERT INTO auth_permission VALUES (127, 'Can add moneda', 43, 'add_moneda');
INSERT INTO auth_permission VALUES (128, 'Can change moneda', 43, 'change_moneda');
INSERT INTO auth_permission VALUES (129, 'Can delete moneda', 43, 'delete_moneda');
INSERT INTO auth_permission VALUES (130, 'Can add cotizacion', 44, 'add_cotizacion');
INSERT INTO auth_permission VALUES (131, 'Can change cotizacion', 44, 'change_cotizacion');
INSERT INTO auth_permission VALUES (132, 'Can delete cotizacion', 44, 'delete_cotizacion');
INSERT INTO auth_permission VALUES (133, 'Can add codigo pais telefono', 45, 'add_codigopaistelefono');
INSERT INTO auth_permission VALUES (134, 'Can change codigo pais telefono', 45, 'change_codigopaistelefono');
INSERT INTO auth_permission VALUES (135, 'Can delete codigo pais telefono', 45, 'delete_codigopaistelefono');
INSERT INTO auth_permission VALUES (292, 'Can add Pedido - Estado', 98, 'add_pedidoestado');
INSERT INTO auth_permission VALUES (293, 'Can change Pedido - Estado', 98, 'change_pedidoestado');
INSERT INTO auth_permission VALUES (294, 'Can delete Pedido - Estado', 98, 'delete_pedidoestado');
INSERT INTO auth_permission VALUES (295, 'Can add Venta - Estado', 99, 'add_ventaestado');
INSERT INTO auth_permission VALUES (296, 'Can change Venta - Estado', 99, 'change_ventaestado');
INSERT INTO auth_permission VALUES (297, 'Can delete Venta - Estado', 99, 'delete_ventaestado');
INSERT INTO auth_permission VALUES (148, 'Can add forma pago venta', 50, 'add_formapagoventa');
INSERT INTO auth_permission VALUES (149, 'Can change forma pago venta', 50, 'change_formapagoventa');
INSERT INTO auth_permission VALUES (150, 'Can delete forma pago venta', 50, 'delete_formapagoventa');
INSERT INTO auth_permission VALUES (151, 'Can add forma pago compra', 51, 'add_formapagocompra');
INSERT INTO auth_permission VALUES (152, 'Can change forma pago compra', 51, 'change_formapagocompra');
INSERT INTO auth_permission VALUES (153, 'Can delete forma pago compra', 51, 'delete_formapagocompra');
INSERT INTO auth_permission VALUES (301, 'Can add Venta', 101, 'add_venta');
INSERT INTO auth_permission VALUES (302, 'Can change Venta', 101, 'change_venta');
INSERT INTO auth_permission VALUES (303, 'Can delete Venta', 101, 'delete_venta');
INSERT INTO auth_permission VALUES (160, 'Can add cliente telefono', 54, 'add_clientetelefono');
INSERT INTO auth_permission VALUES (161, 'Can change cliente telefono', 54, 'change_clientetelefono');
INSERT INTO auth_permission VALUES (162, 'Can delete cliente telefono', 54, 'delete_clientetelefono');
INSERT INTO auth_permission VALUES (163, 'Can add empleado telefono', 55, 'add_empleadotelefono');
INSERT INTO auth_permission VALUES (164, 'Can change empleado telefono', 55, 'change_empleadotelefono');
INSERT INTO auth_permission VALUES (165, 'Can delete empleado telefono', 55, 'delete_empleadotelefono');
INSERT INTO auth_permission VALUES (166, 'Can add pais', 56, 'add_pais');
INSERT INTO auth_permission VALUES (167, 'Can change pais', 56, 'change_pais');
INSERT INTO auth_permission VALUES (168, 'Can delete pais', 56, 'delete_pais');
INSERT INTO auth_permission VALUES (169, 'Can add ciudad', 57, 'add_ciudad');
INSERT INTO auth_permission VALUES (170, 'Can change ciudad', 57, 'change_ciudad');
INSERT INTO auth_permission VALUES (171, 'Can delete ciudad', 57, 'delete_ciudad');
INSERT INTO auth_permission VALUES (172, 'Can add compra estado', 58, 'add_compraestado');
INSERT INTO auth_permission VALUES (173, 'Can change compra estado', 58, 'change_compraestado');
INSERT INTO auth_permission VALUES (174, 'Can delete compra estado', 58, 'delete_compraestado');
INSERT INTO auth_permission VALUES (304, 'Can add Venta - Detalle', 102, 'add_ventadetalle');
INSERT INTO auth_permission VALUES (305, 'Can change Venta - Detalle', 102, 'change_ventadetalle');
INSERT INTO auth_permission VALUES (306, 'Can delete Venta - Detalle', 102, 'delete_ventadetalle');
INSERT INTO auth_permission VALUES (310, 'Can add apertura caja', 104, 'add_aperturacaja');
INSERT INTO auth_permission VALUES (311, 'Can change apertura caja', 104, 'change_aperturacaja');
INSERT INTO auth_permission VALUES (312, 'Can delete apertura caja', 104, 'delete_aperturacaja');
INSERT INTO auth_permission VALUES (184, 'Can add Orden de Compra - Estado', 62, 'add_ordencompraestado');
INSERT INTO auth_permission VALUES (185, 'Can change Orden de Compra - Estado', 62, 'change_ordencompraestado');
INSERT INTO auth_permission VALUES (186, 'Can delete Orden de Compra - Estado', 62, 'delete_ordencompraestado');
INSERT INTO auth_permission VALUES (187, 'Can add linea credito proveedor', 63, 'add_lineacreditoproveedor');
INSERT INTO auth_permission VALUES (188, 'Can change linea credito proveedor', 63, 'change_lineacreditoproveedor');
INSERT INTO auth_permission VALUES (189, 'Can delete linea credito proveedor', 63, 'delete_lineacreditoproveedor');
INSERT INTO auth_permission VALUES (328, 'Can add timbrado', 110, 'add_timbrado');
INSERT INTO auth_permission VALUES (329, 'Can change timbrado', 110, 'change_timbrado');
INSERT INTO auth_permission VALUES (330, 'Can delete timbrado', 110, 'delete_timbrado');
INSERT INTO auth_permission VALUES (340, 'Can add Empresa', 114, 'add_empresa');
INSERT INTO auth_permission VALUES (341, 'Can change Empresa', 114, 'change_empresa');
INSERT INTO auth_permission VALUES (342, 'Can delete Empresa', 114, 'delete_empresa');
INSERT INTO auth_permission VALUES (364, 'Can add Linea de Credito con Proveedor - Detalle', 122, 'add_lineacreditoproveedordetalle');
INSERT INTO auth_permission VALUES (365, 'Can change Linea de Credito con Proveedor - Detalle', 122, 'change_lineacreditoproveedordetalle');
INSERT INTO auth_permission VALUES (366, 'Can delete Linea de Credito con Proveedor - Detalle', 122, 'delete_lineacreditoproveedordetalle');
INSERT INTO auth_permission VALUES (370, 'Can add movimiento caja', 123, 'add_movimientocaja');
INSERT INTO auth_permission VALUES (371, 'Can change movimiento caja', 123, 'change_movimientocaja');
INSERT INTO auth_permission VALUES (372, 'Can delete movimiento caja', 123, 'delete_movimientocaja');
INSERT INTO auth_permission VALUES (373, 'Can add cierre caja', 124, 'add_cierrecaja');
INSERT INTO auth_permission VALUES (374, 'Can change cierre caja', 124, 'change_cierrecaja');
INSERT INTO auth_permission VALUES (375, 'Can delete cierre caja', 124, 'delete_cierrecaja');
INSERT INTO auth_permission VALUES (376, 'Can add ingreso valor caja', 125, 'add_ingresovalorcaja');
INSERT INTO auth_permission VALUES (377, 'Can change ingreso valor caja', 125, 'change_ingresovalorcaja');
INSERT INTO auth_permission VALUES (378, 'Can delete ingreso valor caja', 125, 'delete_ingresovalorcaja');
INSERT INTO auth_permission VALUES (379, 'Can add retiro valor caja', 126, 'add_retirovalorcaja');
INSERT INTO auth_permission VALUES (205, 'Can add Producto por Proveedor', 69, 'add_productoproveedor');
INSERT INTO auth_permission VALUES (206, 'Can change Producto por Proveedor', 69, 'change_productoproveedor');
INSERT INTO auth_permission VALUES (207, 'Can delete Producto por Proveedor', 69, 'delete_productoproveedor');
INSERT INTO auth_permission VALUES (208, 'Can add Orden de Compra', 70, 'add_ordencompra');
INSERT INTO auth_permission VALUES (209, 'Can change Orden de Compra', 70, 'change_ordencompra');
INSERT INTO auth_permission VALUES (210, 'Can delete Orden de Compra', 70, 'delete_ordencompra');
INSERT INTO auth_permission VALUES (211, 'Can add Orden Compra - Detalle', 71, 'add_ordencompradetalle');
INSERT INTO auth_permission VALUES (212, 'Can change Orden Compra - Detalle', 71, 'change_ordencompradetalle');
INSERT INTO auth_permission VALUES (213, 'Can delete Orden Compra - Detalle', 71, 'delete_ordencompradetalle');
INSERT INTO auth_permission VALUES (277, 'Can add Telefono - Codigo por ciudad/operadora', 93, 'add_codigooperadoratelefono');
INSERT INTO auth_permission VALUES (278, 'Can change Telefono - Codigo por ciudad/operadora', 93, 'change_codigooperadoratelefono');
INSERT INTO auth_permission VALUES (279, 'Can delete Telefono - Codigo por ciudad/operadora', 93, 'delete_codigooperadoratelefono');
INSERT INTO auth_permission VALUES (280, 'Can add Proveedor - Telefono', 94, 'add_proveedortelefono');
INSERT INTO auth_permission VALUES (281, 'Can change Proveedor - Telefono', 94, 'change_proveedortelefono');
INSERT INTO auth_permission VALUES (220, 'Can add Producto - SubCategoria', 74, 'add_subcategoriaproducto');
INSERT INTO auth_permission VALUES (221, 'Can change Producto - SubCategoria', 74, 'change_subcategoriaproducto');
INSERT INTO auth_permission VALUES (222, 'Can delete Producto - SubCategoria', 74, 'delete_subcategoriaproducto');
INSERT INTO auth_permission VALUES (223, 'Can add Producto - Unidad de Medida', 75, 'add_unidadmedidaproducto');
INSERT INTO auth_permission VALUES (224, 'Can change Producto - Unidad de Medida', 75, 'change_unidadmedidaproducto');
INSERT INTO auth_permission VALUES (225, 'Can delete Producto - Unidad de Medida', 75, 'delete_unidadmedidaproducto');
INSERT INTO auth_permission VALUES (226, 'Can add persona', 76, 'add_persona');
INSERT INTO auth_permission VALUES (227, 'Can change persona', 76, 'change_persona');
INSERT INTO auth_permission VALUES (228, 'Can delete persona', 76, 'delete_persona');
INSERT INTO auth_permission VALUES (229, 'Can add deposito', 77, 'add_deposito');
INSERT INTO auth_permission VALUES (230, 'Can change deposito', 77, 'change_deposito');
INSERT INTO auth_permission VALUES (231, 'Can delete deposito', 77, 'delete_deposito');
INSERT INTO auth_permission VALUES (282, 'Can delete Proveedor - Telefono', 94, 'delete_proveedortelefono');
INSERT INTO auth_permission VALUES (313, 'Can add Inventario de Productos', 105, 'add_stock');
INSERT INTO auth_permission VALUES (314, 'Can change Inventario de Productos', 105, 'change_stock');
INSERT INTO auth_permission VALUES (315, 'Can delete Inventario de Productos', 105, 'delete_stock');
INSERT INTO auth_permission VALUES (343, 'Can add Pago a Proveedores', 115, 'add_pagoproveedor');
INSERT INTO auth_permission VALUES (344, 'Can change Pago a Proveedores', 115, 'change_pagoproveedor');
INSERT INTO auth_permission VALUES (345, 'Can delete Pago a Proveedores', 115, 'delete_pagoproveedor');
INSERT INTO auth_permission VALUES (358, 'Can add Compra - Tipo de Factura', 120, 'add_tipofacturacompra');
INSERT INTO auth_permission VALUES (359, 'Can change Compra - Tipo de Factura', 120, 'change_tipofacturacompra');
INSERT INTO auth_permission VALUES (360, 'Can delete Compra - Tipo de Factura', 120, 'delete_tipofacturacompra');
INSERT INTO auth_permission VALUES (361, 'Can add Proveedor - Factura', 121, 'add_facturaproveedor');
INSERT INTO auth_permission VALUES (362, 'Can change Proveedor - Factura', 121, 'change_facturaproveedor');
INSERT INTO auth_permission VALUES (363, 'Can delete Proveedor - Factura', 121, 'delete_facturaproveedor');
INSERT INTO auth_permission VALUES (367, 'Can add producto compuesto', 27, 'add_productocompuesto');
INSERT INTO auth_permission VALUES (368, 'Can change producto compuesto', 27, 'change_productocompuesto');
INSERT INTO auth_permission VALUES (369, 'Can delete producto compuesto', 27, 'delete_productocompuesto');
INSERT INTO auth_permission VALUES (380, 'Can change retiro valor caja', 126, 'change_retirovalorcaja');
INSERT INTO auth_permission VALUES (381, 'Can delete retiro valor caja', 126, 'delete_retirovalorcaja');
INSERT INTO auth_permission VALUES (382, 'Can add Comanda', 127, 'add_comanda');
INSERT INTO auth_permission VALUES (383, 'Can change Comanda', 127, 'change_comanda');
INSERT INTO auth_permission VALUES (384, 'Can delete Comanda', 127, 'delete_comanda');
INSERT INTO auth_permission VALUES (385, 'Can add Stock - Devolucion', 128, 'add_devolucion');
INSERT INTO auth_permission VALUES (386, 'Can change Stock - Devolucion', 128, 'change_devolucion');
INSERT INTO auth_permission VALUES (387, 'Can delete Stock - Devolucion', 128, 'delete_devolucion');
INSERT INTO auth_permission VALUES (388, 'Can add Transferencias de Productos entre Depositos', 129, 'add_transferenciastock');
INSERT INTO auth_permission VALUES (389, 'Can change Transferencias de Productos entre Depositos', 129, 'change_transferenciastock');
INSERT INTO auth_permission VALUES (390, 'Can delete Transferencias de Productos entre Depositos', 129, 'delete_transferenciastock');
INSERT INTO auth_permission VALUES (391, 'Can add Stock - Confirmacion de Transferencia de Producto entre Deposito', 129, 'add_solicitatransferenciastock');
INSERT INTO auth_permission VALUES (392, 'Can change Stock - Confirmacion de Transferencia de Producto entre Deposito', 129, 'change_solicitatransferenciastock');
INSERT INTO auth_permission VALUES (393, 'Can delete Stock - Confirmacion de Transferencia de Producto entre Deposito', 129, 'delete_solicitatransferenciastock');
INSERT INTO auth_permission VALUES (394, 'Can add Stock - Confirmacion de Transferencia de Producto entre Deposito', 129, 'add_confirmatransferenciastock');
INSERT INTO auth_permission VALUES (395, 'Can change Stock - Confirmacion de Transferencia de Producto entre Deposito', 129, 'change_confirmatransferenciastock');
INSERT INTO auth_permission VALUES (396, 'Can delete Stock - Confirmacion de Transferencia de Producto entre Deposito', 129, 'delete_confirmatransferenciastock');
INSERT INTO auth_permission VALUES (397, 'Can add factura venta', 132, 'add_facturaventa');
INSERT INTO auth_permission VALUES (398, 'Can change factura venta', 132, 'change_facturaventa');
INSERT INTO auth_permission VALUES (399, 'Can delete factura venta', 132, 'delete_facturaventa');
INSERT INTO auth_permission VALUES (400, 'Can add Inventario por Producto', 133, 'add_stockproducto');
INSERT INTO auth_permission VALUES (401, 'Can change Inventario por Producto', 133, 'change_stockproducto');
INSERT INTO auth_permission VALUES (402, 'Can delete Inventario por Producto', 133, 'delete_stockproducto');
INSERT INTO auth_permission VALUES (403, 'Can add Inventario por Deposito', 134, 'add_stockdeposito');
INSERT INTO auth_permission VALUES (404, 'Can change Inventario por Deposito', 134, 'change_stockdeposito');
INSERT INTO auth_permission VALUES (405, 'Can delete Inventario por Deposito', 134, 'delete_stockdeposito');


--
-- TOC entry 3277 (class 0 OID 0)
-- Dependencies: 176
-- Name: auth_permission_id_seq; Type: SEQUENCE SET; Schema: public; Owner: sigbadmin
--

SELECT pg_catalog.setval('auth_permission_id_seq', 405, true);


--
-- TOC entry 3033 (class 0 OID 49667)
-- Dependencies: 183
-- Data for Name: auth_user; Type: TABLE DATA; Schema: public; Owner: sigbadmin
--

INSERT INTO auth_user VALUES (10, 'pbkdf2_sha256$20000$FprpEd5uEGzk$mN8dRhSypUPB3xNAA0UbLK6l5t2YA+d+A2Mldg6d3J4=', NULL, false, 'rmartinez', '', '', '', false, true, '2016-08-12 20:50:10.947-04');
INSERT INTO auth_user VALUES (11, 'pbkdf2_sha256$20000$7g1yCWELtZS3$GRQhmowiPC8747WtbcPxi/QWZ5clI+HjtabK2qUZoLw=', NULL, false, 'rburgos', '', '', '', false, true, '2016-08-12 20:50:38.341-04');
INSERT INTO auth_user VALUES (12, 'pbkdf2_sha256$20000$4SLiV9UwSRkj$U7ZF/9Tb1zRv7M/zuvItlPSBCtCZMRG3WlbiW4fEhWI=', NULL, false, 'jayala', '', '', '', false, true, '2016-08-12 20:50:59.077-04');
INSERT INTO auth_user VALUES (13, 'pbkdf2_sha256$20000$IQoDSFdwfZOW$Jglhg6px4z8aBZXg25MS/jG/wlwJcwT8zIOTfdbWLi8=', NULL, false, 'fcano', '', '', '', false, true, '2016-08-13 11:03:20.92-04');
INSERT INTO auth_user VALUES (14, 'pbkdf2_sha256$20000$4pE4FspwKMFD$WvoT8mQ+5Y8yi1dg0MGknQYDWBItmPWUqA1BKZlEOko=', NULL, false, 'crecalde', '', '', '', false, true, '2016-08-13 11:57:56.727-04');
INSERT INTO auth_user VALUES (15, 'pbkdf2_sha256$20000$OFJ6uUDR5YB4$AFX+RAdI8+CsFm9FTQ9DReFYUc/qIu81e2yK4fDqGIA=', NULL, false, 'cgamarra', '', '', '', false, true, '2016-08-13 13:41:08.407-04');
INSERT INTO auth_user VALUES (2, 'pbkdf2_sha256$20000$3unQcSxXgt7g$rKtYCl9eXdhq9QDdxmWrZ8/vjnL28wAkm5/LHmxoX2k=', '2016-08-13 17:25:38.256-04', false, 'raquel', 'Raquel', 'Cogliolo', 'quelcogliolo@gmail.com', true, true, '2015-09-28 19:23:13-04');
INSERT INTO auth_user VALUES (3, 'pbkdf2_sha256$20000$LVTzCfT7hG3v$n3RwjQzqmX8ou7GFdl7enA4N/Qkkrsybjf47ndV0+N4=', '2016-08-13 18:06:37.8-04', false, 'fmolas', '', '', '', true, true, '2015-12-11 12:50:08-03');
INSERT INTO auth_user VALUES (16, 'pbkdf2_sha256$20000$LlQPZFlKvLyk$T+/VX1jXq+5dkYiPeJAnL6XxZR33wfQUcEnfPXvcLLI=', NULL, false, 'frojas', '', '', '', false, true, '2016-08-17 19:52:35.269-04');
INSERT INTO auth_user VALUES (1, 'pbkdf2_sha256$20000$SmaWj2oLupI4$Dfv9c73DnPZo74mOKWd3WeCbLrraIaz8lIwp3f138mc=', '2016-08-27 11:04:07.197-04', true, 'admin', 'Pedro', 'Molas', 'pmmr.py@gmail.com', true, true, '2015-09-28 19:14:56-04');
INSERT INTO auth_user VALUES (5, 'pbkdf2_sha256$20000$5NQQnxv0Sd5F$xOtuEP6wQ3PGS9T+WohURjpLrdys6ocM2oqEZEkm1yo=', NULL, false, 'edelgado', '', '', '', false, true, '2016-08-12 20:44:52.085-04');
INSERT INTO auth_user VALUES (4, 'pbkdf2_sha256$20000$3f1vFxvFesz1$z93uWhw6DXvL6eEwkmTMKKwPcKrxrlhl2cUpy6TtScw=', NULL, false, 'rmedina', '', '', '', false, true, '2016-08-12 20:43:48-04');
INSERT INTO auth_user VALUES (6, 'pbkdf2_sha256$20000$SAsEHIfN7mdb$T95FGiUr8gLCDGQ7MT0zLuHgrWyIq/1vPB9gAmip7aw=', NULL, false, 'ofernandez', '', '', '', false, true, '2016-08-12 20:46:44.785-04');
INSERT INTO auth_user VALUES (7, 'pbkdf2_sha256$20000$AlfvkpboLcKX$s8ot4Y5y8/eBqOVcpKo2FftCi3yHgd3/+F5REJ2/VNw=', NULL, false, 'scuevas', '', '', '', false, true, '2016-08-12 20:47:31.819-04');
INSERT INTO auth_user VALUES (8, 'pbkdf2_sha256$20000$pXSH5uLXxEy5$T1415NehgBtRVzLNQYrpmdrJqTKtb2G8cYVbde2+49Q=', NULL, false, 'briveros', '', '', '', false, true, '2016-08-12 20:48:42.153-04');
INSERT INTO auth_user VALUES (9, 'pbkdf2_sha256$20000$KeeR1NVnVZYl$McjBQ8hNjSq198cpDU6vpx2h4JA3ZDpGevP0z5X6TG8=', NULL, false, 'cbalbuena', '', '', '', false, true, '2016-08-12 20:49:18.705-04');


--
-- TOC entry 3035 (class 0 OID 49677)
-- Dependencies: 185
-- Data for Name: auth_user_groups; Type: TABLE DATA; Schema: public; Owner: sigbadmin
--

INSERT INTO auth_user_groups VALUES (4, 2, 1);


--
-- TOC entry 3278 (class 0 OID 0)
-- Dependencies: 184
-- Name: auth_user_groups_id_seq; Type: SEQUENCE SET; Schema: public; Owner: sigbadmin
--

SELECT pg_catalog.setval('auth_user_groups_id_seq', 4, true);


--
-- TOC entry 3279 (class 0 OID 0)
-- Dependencies: 182
-- Name: auth_user_id_seq; Type: SEQUENCE SET; Schema: public; Owner: sigbadmin
--

SELECT pg_catalog.setval('auth_user_id_seq', 16, true);


--
-- TOC entry 3037 (class 0 OID 49687)
-- Dependencies: 187
-- Data for Name: auth_user_user_permissions; Type: TABLE DATA; Schema: public; Owner: sigbadmin
--

INSERT INTO auth_user_user_permissions VALUES (1, 2, 1);
INSERT INTO auth_user_user_permissions VALUES (2, 2, 2);
INSERT INTO auth_user_user_permissions VALUES (3, 2, 3);
INSERT INTO auth_user_user_permissions VALUES (4, 2, 4);
INSERT INTO auth_user_user_permissions VALUES (5, 2, 5);
INSERT INTO auth_user_user_permissions VALUES (6, 2, 6);
INSERT INTO auth_user_user_permissions VALUES (7, 2, 7);
INSERT INTO auth_user_user_permissions VALUES (8, 2, 8);
INSERT INTO auth_user_user_permissions VALUES (9, 2, 9);
INSERT INTO auth_user_user_permissions VALUES (10, 2, 10);
INSERT INTO auth_user_user_permissions VALUES (11, 2, 11);
INSERT INTO auth_user_user_permissions VALUES (12, 2, 12);
INSERT INTO auth_user_user_permissions VALUES (13, 2, 13);
INSERT INTO auth_user_user_permissions VALUES (14, 2, 14);
INSERT INTO auth_user_user_permissions VALUES (15, 2, 15);
INSERT INTO auth_user_user_permissions VALUES (16, 2, 16);
INSERT INTO auth_user_user_permissions VALUES (17, 2, 17);
INSERT INTO auth_user_user_permissions VALUES (18, 2, 18);
INSERT INTO auth_user_user_permissions VALUES (19, 2, 19);
INSERT INTO auth_user_user_permissions VALUES (20, 2, 20);
INSERT INTO auth_user_user_permissions VALUES (21, 2, 21);
INSERT INTO auth_user_user_permissions VALUES (22, 2, 22);
INSERT INTO auth_user_user_permissions VALUES (23, 2, 23);
INSERT INTO auth_user_user_permissions VALUES (24, 2, 24);
INSERT INTO auth_user_user_permissions VALUES (25, 2, 25);
INSERT INTO auth_user_user_permissions VALUES (26, 2, 26);
INSERT INTO auth_user_user_permissions VALUES (27, 2, 27);
INSERT INTO auth_user_user_permissions VALUES (28, 2, 28);
INSERT INTO auth_user_user_permissions VALUES (29, 2, 29);
INSERT INTO auth_user_user_permissions VALUES (30, 2, 30);
INSERT INTO auth_user_user_permissions VALUES (31, 2, 31);
INSERT INTO auth_user_user_permissions VALUES (32, 2, 32);
INSERT INTO auth_user_user_permissions VALUES (33, 2, 33);
INSERT INTO auth_user_user_permissions VALUES (34, 2, 34);
INSERT INTO auth_user_user_permissions VALUES (35, 2, 35);
INSERT INTO auth_user_user_permissions VALUES (36, 2, 36);
INSERT INTO auth_user_user_permissions VALUES (37, 2, 37);
INSERT INTO auth_user_user_permissions VALUES (38, 2, 38);
INSERT INTO auth_user_user_permissions VALUES (39, 2, 39);
INSERT INTO auth_user_user_permissions VALUES (40, 2, 40);
INSERT INTO auth_user_user_permissions VALUES (41, 2, 41);
INSERT INTO auth_user_user_permissions VALUES (42, 2, 42);
INSERT INTO auth_user_user_permissions VALUES (43, 2, 43);
INSERT INTO auth_user_user_permissions VALUES (44, 2, 44);
INSERT INTO auth_user_user_permissions VALUES (45, 2, 45);
INSERT INTO auth_user_user_permissions VALUES (46, 2, 46);
INSERT INTO auth_user_user_permissions VALUES (47, 2, 47);
INSERT INTO auth_user_user_permissions VALUES (48, 2, 48);
INSERT INTO auth_user_user_permissions VALUES (49, 2, 64);
INSERT INTO auth_user_user_permissions VALUES (50, 2, 65);
INSERT INTO auth_user_user_permissions VALUES (51, 2, 66);
INSERT INTO auth_user_user_permissions VALUES (52, 2, 67);
INSERT INTO auth_user_user_permissions VALUES (53, 2, 68);
INSERT INTO auth_user_user_permissions VALUES (54, 2, 69);
INSERT INTO auth_user_user_permissions VALUES (55, 2, 76);
INSERT INTO auth_user_user_permissions VALUES (56, 2, 77);
INSERT INTO auth_user_user_permissions VALUES (57, 2, 78);
INSERT INTO auth_user_user_permissions VALUES (58, 2, 79);
INSERT INTO auth_user_user_permissions VALUES (59, 2, 80);
INSERT INTO auth_user_user_permissions VALUES (60, 2, 81);
INSERT INTO auth_user_user_permissions VALUES (76, 2, 100);
INSERT INTO auth_user_user_permissions VALUES (77, 2, 101);
INSERT INTO auth_user_user_permissions VALUES (78, 2, 102);
INSERT INTO auth_user_user_permissions VALUES (79, 2, 103);
INSERT INTO auth_user_user_permissions VALUES (80, 2, 104);
INSERT INTO auth_user_user_permissions VALUES (81, 2, 105);
INSERT INTO auth_user_user_permissions VALUES (82, 2, 106);
INSERT INTO auth_user_user_permissions VALUES (83, 2, 107);
INSERT INTO auth_user_user_permissions VALUES (84, 2, 108);
INSERT INTO auth_user_user_permissions VALUES (85, 2, 109);
INSERT INTO auth_user_user_permissions VALUES (86, 2, 110);
INSERT INTO auth_user_user_permissions VALUES (87, 2, 111);
INSERT INTO auth_user_user_permissions VALUES (88, 2, 112);
INSERT INTO auth_user_user_permissions VALUES (89, 2, 113);
INSERT INTO auth_user_user_permissions VALUES (90, 2, 114);
INSERT INTO auth_user_user_permissions VALUES (91, 2, 115);
INSERT INTO auth_user_user_permissions VALUES (92, 2, 116);
INSERT INTO auth_user_user_permissions VALUES (93, 2, 117);
INSERT INTO auth_user_user_permissions VALUES (94, 2, 118);
INSERT INTO auth_user_user_permissions VALUES (95, 2, 119);
INSERT INTO auth_user_user_permissions VALUES (96, 2, 120);
INSERT INTO auth_user_user_permissions VALUES (97, 2, 121);
INSERT INTO auth_user_user_permissions VALUES (98, 2, 122);
INSERT INTO auth_user_user_permissions VALUES (99, 2, 123);
INSERT INTO auth_user_user_permissions VALUES (100, 2, 127);
INSERT INTO auth_user_user_permissions VALUES (101, 2, 128);
INSERT INTO auth_user_user_permissions VALUES (102, 2, 129);
INSERT INTO auth_user_user_permissions VALUES (103, 2, 130);
INSERT INTO auth_user_user_permissions VALUES (104, 2, 131);
INSERT INTO auth_user_user_permissions VALUES (105, 2, 132);
INSERT INTO auth_user_user_permissions VALUES (106, 2, 133);
INSERT INTO auth_user_user_permissions VALUES (107, 2, 134);
INSERT INTO auth_user_user_permissions VALUES (108, 2, 135);
INSERT INTO auth_user_user_permissions VALUES (112, 2, 148);
INSERT INTO auth_user_user_permissions VALUES (113, 2, 149);
INSERT INTO auth_user_user_permissions VALUES (114, 2, 150);
INSERT INTO auth_user_user_permissions VALUES (115, 2, 151);
INSERT INTO auth_user_user_permissions VALUES (116, 2, 152);
INSERT INTO auth_user_user_permissions VALUES (117, 2, 153);
INSERT INTO auth_user_user_permissions VALUES (118, 2, 160);
INSERT INTO auth_user_user_permissions VALUES (119, 2, 161);
INSERT INTO auth_user_user_permissions VALUES (120, 2, 162);
INSERT INTO auth_user_user_permissions VALUES (121, 2, 163);
INSERT INTO auth_user_user_permissions VALUES (122, 2, 164);
INSERT INTO auth_user_user_permissions VALUES (123, 2, 165);
INSERT INTO auth_user_user_permissions VALUES (124, 2, 166);
INSERT INTO auth_user_user_permissions VALUES (125, 2, 167);
INSERT INTO auth_user_user_permissions VALUES (126, 2, 168);
INSERT INTO auth_user_user_permissions VALUES (127, 2, 169);
INSERT INTO auth_user_user_permissions VALUES (128, 2, 170);
INSERT INTO auth_user_user_permissions VALUES (129, 2, 171);
INSERT INTO auth_user_user_permissions VALUES (130, 2, 172);
INSERT INTO auth_user_user_permissions VALUES (131, 2, 173);
INSERT INTO auth_user_user_permissions VALUES (132, 2, 174);
INSERT INTO auth_user_user_permissions VALUES (133, 2, 184);
INSERT INTO auth_user_user_permissions VALUES (134, 2, 185);
INSERT INTO auth_user_user_permissions VALUES (135, 2, 186);
INSERT INTO auth_user_user_permissions VALUES (136, 2, 187);
INSERT INTO auth_user_user_permissions VALUES (137, 2, 188);
INSERT INTO auth_user_user_permissions VALUES (138, 2, 189);
INSERT INTO auth_user_user_permissions VALUES (142, 2, 205);
INSERT INTO auth_user_user_permissions VALUES (143, 2, 206);
INSERT INTO auth_user_user_permissions VALUES (144, 2, 207);
INSERT INTO auth_user_user_permissions VALUES (145, 2, 208);
INSERT INTO auth_user_user_permissions VALUES (146, 2, 209);
INSERT INTO auth_user_user_permissions VALUES (147, 2, 210);
INSERT INTO auth_user_user_permissions VALUES (148, 2, 211);
INSERT INTO auth_user_user_permissions VALUES (149, 2, 212);
INSERT INTO auth_user_user_permissions VALUES (150, 2, 213);
INSERT INTO auth_user_user_permissions VALUES (160, 3, 32);
INSERT INTO auth_user_user_permissions VALUES (161, 3, 33);
INSERT INTO auth_user_user_permissions VALUES (162, 3, 34);
INSERT INTO auth_user_user_permissions VALUES (163, 3, 35);
INSERT INTO auth_user_user_permissions VALUES (164, 3, 36);
INSERT INTO auth_user_user_permissions VALUES (165, 3, 31);


--
-- TOC entry 3280 (class 0 OID 0)
-- Dependencies: 186
-- Name: auth_user_user_permissions_id_seq; Type: SEQUENCE SET; Schema: public; Owner: sigbadmin
--

SELECT pg_catalog.setval('auth_user_user_permissions_id_seq', 165, true);


--
-- TOC entry 3074 (class 0 OID 65559)
-- Dependencies: 224
-- Data for Name: bar_caja; Type: TABLE DATA; Schema: public; Owner: sigbadmin
--

INSERT INTO bar_caja VALUES (1, 2, 1, 1, '001', 'PC Standard', 'PC Standard Proc. Intel - 4 GBs de RAM', '1234567890');
INSERT INTO bar_caja VALUES (2, 2, 2, 2, '002', 'PC Standard', 'PC Standard Proc. Intel - 4 GBs de RAM', '1234567890');
INSERT INTO bar_caja VALUES (3, 2, 3, 3, '003', 'PC Standard', 'PC Standard Proc. Intel - 4 GBs de RAM', '1234567890');
INSERT INTO bar_caja VALUES (4, 3, 1, 4, '004', 'PC Standard', 'PC Standard Proc. Intel - 4 GBs de RAM', '1234567890');


--
-- TOC entry 3281 (class 0 OID 0)
-- Dependencies: 223
-- Name: bar_caja_id_seq; Type: SEQUENCE SET; Schema: public; Owner: sigbadmin
--

SELECT pg_catalog.setval('bar_caja_id_seq', 4, true);


--
-- TOC entry 3041 (class 0 OID 49765)
-- Dependencies: 191
-- Data for Name: bar_cajaestado; Type: TABLE DATA; Schema: public; Owner: sigbadmin
--

INSERT INTO bar_cajaestado VALUES (3, 'CL', 'Este estado se asigna cuando una Caja no se encuentra disponible por algun motivo.');
INSERT INTO bar_cajaestado VALUES (2, 'CE', 'Este estado se asigna automaticamente cuando se realiza el Cierre de Caja para finalizar las operaciones del dia.');
INSERT INTO bar_cajaestado VALUES (1, 'AB', 'Este estado se asigna automaticamente cuando se realiza la Apertura de Caja para iniciar las operaciones del dia.');


--
-- TOC entry 3282 (class 0 OID 0)
-- Dependencies: 190
-- Name: bar_cajaestado_id_seq; Type: SEQUENCE SET; Schema: public; Owner: sigbadmin
--

SELECT pg_catalog.setval('bar_cajaestado_id_seq', 3, true);


--
-- TOC entry 3076 (class 0 OID 65567)
-- Dependencies: 226
-- Data for Name: bar_cajaubicacion; Type: TABLE DATA; Schema: public; Owner: sigbadmin
--

INSERT INTO bar_cajaubicacion VALUES (1, 'Caja principal', 'Barra Principal');
INSERT INTO bar_cajaubicacion VALUES (2, 'Caja ubicada en la Barrita', 'Barrita');
INSERT INTO bar_cajaubicacion VALUES (3, 'Caja ubicada en el galpn subiendo las escaleras', 'Barra Arriba');


--
-- TOC entry 3283 (class 0 OID 0)
-- Dependencies: 225
-- Name: bar_cajaubicacion_id_seq; Type: SEQUENCE SET; Schema: public; Owner: sigbadmin
--

SELECT pg_catalog.setval('bar_cajaubicacion_id_seq', 3, true);


--
-- TOC entry 3064 (class 0 OID 57346)
-- Dependencies: 214
-- Data for Name: bar_categoriaproducto; Type: TABLE DATA; Schema: public; Owner: sigbadmin
--

INSERT INTO bar_categoriaproducto VALUES (3, 'BE', 'Bebidas');
INSERT INTO bar_categoriaproducto VALUES (4, 'CO', 'Comidas');
INSERT INTO bar_categoriaproducto VALUES (5, 'CI', 'Cigarrillos');
INSERT INTO bar_categoriaproducto VALUES (6, 'GO', 'Golosinas');
INSERT INTO bar_categoriaproducto VALUES (8, 'AL', 'Articulos de Limpieza');


--
-- TOC entry 3284 (class 0 OID 0)
-- Dependencies: 213
-- Name: bar_categoriaproducto_id_seq; Type: SEQUENCE SET; Schema: public; Owner: sigbadmin
--

SELECT pg_catalog.setval('bar_categoriaproducto_id_seq', 8, true);


--
-- TOC entry 3100 (class 0 OID 82009)
-- Dependencies: 250
-- Data for Name: bar_ciudad; Type: TABLE DATA; Schema: public; Owner: sigbadmin
--

INSERT INTO bar_ciudad VALUES (2, 'Fdo. de la Mora', 1);
INSERT INTO bar_ciudad VALUES (3, 'San Antonio', 1);
INSERT INTO bar_ciudad VALUES (4, 'Lambare', 1);
INSERT INTO bar_ciudad VALUES (6, 'Capiata', 1);
INSERT INTO bar_ciudad VALUES (7, 'San Lorenzo', 1);
INSERT INTO bar_ciudad VALUES (1, 'Asuncion', 1);
INSERT INTO bar_ciudad VALUES (8, 'Limpio', 1);
INSERT INTO bar_ciudad VALUES (9, 'Buenos Aires', 2);
INSERT INTO bar_ciudad VALUES (10, 'Sao Paulo', 3);
INSERT INTO bar_ciudad VALUES (12, 'Montevideo', 5);
INSERT INTO bar_ciudad VALUES (13, 'Nemby', 1);
INSERT INTO bar_ciudad VALUES (15, 'Santiago', 13);
INSERT INTO bar_ciudad VALUES (17, 'Merida', 15);
INSERT INTO bar_ciudad VALUES (18, 'Merida', 7);
INSERT INTO bar_ciudad VALUES (19, 'Merida', 16);
INSERT INTO bar_ciudad VALUES (20, 'Rosario', 2);
INSERT INTO bar_ciudad VALUES (21, 'Villa Elisa', 1);
INSERT INTO bar_ciudad VALUES (22, 'Villa Elisa', 2);
INSERT INTO bar_ciudad VALUES (23, 'Mariano Roque Alonso', 1);
INSERT INTO bar_ciudad VALUES (24, 'Itaugua', 1);
INSERT INTO bar_ciudad VALUES (25, 'Luque', 1);
INSERT INTO bar_ciudad VALUES (14, 'Guarambare', 1);
INSERT INTO bar_ciudad VALUES (26, 'Lambare', 3);


--
-- TOC entry 3285 (class 0 OID 0)
-- Dependencies: 249
-- Name: bar_ciudad_id_seq; Type: SEQUENCE SET; Schema: public; Owner: sigbadmin
--

SELECT pg_catalog.setval('bar_ciudad_id_seq', 26, true);


--
-- TOC entry 3126 (class 0 OID 100086)
-- Dependencies: 276
-- Data for Name: bar_codigooperadoratelefono; Type: TABLE DATA; Schema: public; Owner: sigbadmin
--

INSERT INTO bar_codigooperadoratelefono VALUES (1, 60, 'TM', 11);
INSERT INTO bar_codigooperadoratelefono VALUES (2, 61, 'TF', 11);
INSERT INTO bar_codigooperadoratelefono VALUES (3, 21, 'TF', 2);
INSERT INTO bar_codigooperadoratelefono VALUES (4, 981, 'TM', 2);
INSERT INTO bar_codigooperadoratelefono VALUES (5, 991, 'TM', 2);
INSERT INTO bar_codigooperadoratelefono VALUES (6, 961, 'TM', 2);
INSERT INTO bar_codigooperadoratelefono VALUES (7, 986, 'TM', 2);
INSERT INTO bar_codigooperadoratelefono VALUES (8, 971, 'TM', 2);
INSERT INTO bar_codigooperadoratelefono VALUES (9, 983, 'TM', 2);
INSERT INTO bar_codigooperadoratelefono VALUES (10, 982, 'TM', 2);
INSERT INTO bar_codigooperadoratelefono VALUES (11, 972, 'TM', 2);
INSERT INTO bar_codigooperadoratelefono VALUES (12, 984, 'TM', 2);
INSERT INTO bar_codigooperadoratelefono VALUES (13, 985, 'TM', 2);
INSERT INTO bar_codigooperadoratelefono VALUES (14, 974, 'TM', 2);


--
-- TOC entry 3286 (class 0 OID 0)
-- Dependencies: 275
-- Name: bar_codigooperadoratelefono_id_seq; Type: SEQUENCE SET; Schema: public; Owner: sigbadmin
--

SELECT pg_catalog.setval('bar_codigooperadoratelefono_id_seq', 14, true);


--
-- TOC entry 3090 (class 0 OID 73859)
-- Dependencies: 240
-- Data for Name: bar_codigopaistelefono; Type: TABLE DATA; Schema: public; Owner: sigbadmin
--

INSERT INTO bar_codigopaistelefono VALUES (2, 595, 1);
INSERT INTO bar_codigopaistelefono VALUES (6, 598, 5);
INSERT INTO bar_codigopaistelefono VALUES (7, 1, 6);
INSERT INTO bar_codigopaistelefono VALUES (4, 55, 3);
INSERT INTO bar_codigopaistelefono VALUES (3, 52, 7);
INSERT INTO bar_codigopaistelefono VALUES (5, 57, 8);
INSERT INTO bar_codigopaistelefono VALUES (8, 54, 2);
INSERT INTO bar_codigopaistelefono VALUES (11, 56, 13);
INSERT INTO bar_codigopaistelefono VALUES (13, 34, 15);
INSERT INTO bar_codigopaistelefono VALUES (14, 58, 16);
INSERT INTO bar_codigopaistelefono VALUES (15, 51, 12);


--
-- TOC entry 3287 (class 0 OID 0)
-- Dependencies: 239
-- Name: bar_codigopaistelefono_id_seq; Type: SEQUENCE SET; Schema: public; Owner: sigbadmin
--

SELECT pg_catalog.setval('bar_codigopaistelefono_id_seq', 15, true);


--
-- TOC entry 3104 (class 0 OID 90132)
-- Dependencies: 254
-- Data for Name: bar_compraestado; Type: TABLE DATA; Schema: public; Owner: sigbadmin
--

INSERT INTO bar_compraestado VALUES (2, 'CON', 'Se asigna cuando se confirma la Compra, tambien se asigna ENT a la Orden de Compra asociada. Si una Compra confirmada debe ser devuelta se debe registrar el proceso en Devoluciones.');
INSERT INTO bar_compraestado VALUES (3, 'CAN', 'Este estado se asigna automaticamente cuando se cancela la Compra. Tambien se asigna el estado CAN a la Orden de Compra asociada.');
INSERT INTO bar_compraestado VALUES (1, 'PEN', 'El estado PEN es necesario para poder realizar la copia de los datos de la OrdenCompra a la Compra.');


--
-- TOC entry 3288 (class 0 OID 0)
-- Dependencies: 253
-- Name: bar_compraestado_id_seq; Type: SEQUENCE SET; Schema: public; Owner: sigbadmin
--

SELECT pg_catalog.setval('bar_compraestado_id_seq', 3, true);


--
-- TOC entry 3086 (class 0 OID 73791)
-- Dependencies: 236
-- Data for Name: bar_cotizacion; Type: TABLE DATA; Schema: public; Owner: sigbadmin
--

INSERT INTO bar_cotizacion VALUES (6, '2015-11-06 23:02:08-03', 1.00, 2);
INSERT INTO bar_cotizacion VALUES (7, '2015-11-06 23:04:28-03', 5670.00, 3);
INSERT INTO bar_cotizacion VALUES (8, '2015-12-16 15:36:19-03', 380.00, 4);
INSERT INTO bar_cotizacion VALUES (9, '2015-12-16 15:37:40-03', 5810.00, 3);
INSERT INTO bar_cotizacion VALUES (10, '2016-07-06 11:17:01.367-04', 5595.00, 3);


--
-- TOC entry 3289 (class 0 OID 0)
-- Dependencies: 235
-- Name: bar_cotizacion_id_seq; Type: SEQUENCE SET; Schema: public; Owner: sigbadmin
--

SELECT pg_catalog.setval('bar_cotizacion_id_seq', 10, true);


--
-- TOC entry 3124 (class 0 OID 92252)
-- Dependencies: 274
-- Data for Name: bar_deposito; Type: TABLE DATA; Schema: public; Owner: sigbadmin
--

INSERT INTO bar_deposito VALUES (1, 'DCE', 'Deposito Central', 1);
INSERT INTO bar_deposito VALUES (2, 'DBP', 'Deposito Barra Principal', 2);
INSERT INTO bar_deposito VALUES (3, 'DBA', 'Deposito Barra Arriba', 2);
INSERT INTO bar_deposito VALUES (4, 'DCO', 'Deposito Cocina', 2);
INSERT INTO bar_deposito VALUES (5, 'DBI', 'Deposito Barrita', 2);
INSERT INTO bar_deposito VALUES (6, 'PRO', 'Proveedor', 1);


--
-- TOC entry 3290 (class 0 OID 0)
-- Dependencies: 273
-- Name: bar_deposito_id_seq; Type: SEQUENCE SET; Schema: public; Owner: sigbadmin
--

SELECT pg_catalog.setval('bar_deposito_id_seq', 5, true);


--
-- TOC entry 3043 (class 0 OID 49773)
-- Dependencies: 193
-- Data for Name: bar_documento; Type: TABLE DATA; Schema: public; Owner: sigbadmin
--

INSERT INTO bar_documento VALUES (1, 'CI', 'Cedula de Identidad');
INSERT INTO bar_documento VALUES (2, 'PAS', 'Pasaporte');
INSERT INTO bar_documento VALUES (3, 'RUC', 'Registro Unico del Contribuyente');
INSERT INTO bar_documento VALUES (4, 'RC', 'Registro de Conducir');


--
-- TOC entry 3291 (class 0 OID 0)
-- Dependencies: 192
-- Name: bar_documento_id_seq; Type: SEQUENCE SET; Schema: public; Owner: sigbadmin
--

SELECT pg_catalog.setval('bar_documento_id_seq', 4, true);


--
-- TOC entry 3181 (class 0 OID 118617)
-- Dependencies: 331
-- Data for Name: bar_facturaventa; Type: TABLE DATA; Schema: public; Owner: sigbadmin
--



--
-- TOC entry 3292 (class 0 OID 0)
-- Dependencies: 330
-- Name: bar_facturaventa_id_seq; Type: SEQUENCE SET; Schema: public; Owner: sigbadmin
--

SELECT pg_catalog.setval('bar_facturaventa_id_seq', 1, false);


--
-- TOC entry 3092 (class 0 OID 74078)
-- Dependencies: 242
-- Data for Name: bar_formapagocompra; Type: TABLE DATA; Schema: public; Owner: sigbadmin
--

INSERT INTO bar_formapagocompra VALUES (1, 'CO', 0);
INSERT INTO bar_formapagocompra VALUES (2, 'CR', 30);
INSERT INTO bar_formapagocompra VALUES (3, 'CR', 60);


--
-- TOC entry 3293 (class 0 OID 0)
-- Dependencies: 241
-- Name: bar_formapagocompra_id_seq; Type: SEQUENCE SET; Schema: public; Owner: sigbadmin
--

SELECT pg_catalog.setval('bar_formapagocompra_id_seq', 6, true);


--
-- TOC entry 3094 (class 0 OID 74086)
-- Dependencies: 244
-- Data for Name: bar_formapagoventa; Type: TABLE DATA; Schema: public; Owner: sigbadmin
--

INSERT INTO bar_formapagoventa VALUES (1, 'CO');
INSERT INTO bar_formapagoventa VALUES (2, 'TC');
INSERT INTO bar_formapagoventa VALUES (3, 'TD');


--
-- TOC entry 3294 (class 0 OID 0)
-- Dependencies: 243
-- Name: bar_formapagoventa_id_seq; Type: SEQUENCE SET; Schema: public; Owner: sigbadmin
--

SELECT pg_catalog.setval('bar_formapagoventa_id_seq', 3, true);


--
-- TOC entry 3078 (class 0 OID 65575)
-- Dependencies: 228
-- Data for Name: bar_mesa; Type: TABLE DATA; Schema: public; Owner: sigbadmin
--

INSERT INTO bar_mesa VALUES (3, 2, 3, 'Mesa 3', 3);
INSERT INTO bar_mesa VALUES (1, 4, 1, 'Mesa 1', 1);
INSERT INTO bar_mesa VALUES (2, 3, 2, 'Mesa 2', 2);
INSERT INTO bar_mesa VALUES (4, 4, 1, 'Mesa 4', 4);
INSERT INTO bar_mesa VALUES (5, 4, 1, 'Mesa 5', 5);
INSERT INTO bar_mesa VALUES (6, 4, 1, 'Mesa 6', 6);
INSERT INTO bar_mesa VALUES (7, 4, 3, 'Mesa 7', 7);
INSERT INTO bar_mesa VALUES (8, 4, 3, 'Mesa 8', 8);
INSERT INTO bar_mesa VALUES (9, 4, 2, 'Mesa 9', 9);
INSERT INTO bar_mesa VALUES (10, 4, 2, 'Mesa 10', 10);


--
-- TOC entry 3295 (class 0 OID 0)
-- Dependencies: 227
-- Name: bar_mesa_id_seq; Type: SEQUENCE SET; Schema: public; Owner: sigbadmin
--

SELECT pg_catalog.setval('bar_mesa_id_seq', 10, true);


--
-- TOC entry 3045 (class 0 OID 49781)
-- Dependencies: 195
-- Data for Name: bar_mesaestado; Type: TABLE DATA; Schema: public; Owner: sigbadmin
--

INSERT INTO bar_mesaestado VALUES (2, 'IN', 'Se asigna cuando una Mesa no se encuentra operativa.');
INSERT INTO bar_mesaestado VALUES (3, 'OC', 'Se asigna automaticamente cuando un Mozo registra un Pedido y lo asigna a dicha Mesa.');
INSERT INTO bar_mesaestado VALUES (4, 'DI', 'Se asigna automaticamente cuando se cierra una Venta.');


--
-- TOC entry 3296 (class 0 OID 0)
-- Dependencies: 194
-- Name: bar_mesaestado_id_seq; Type: SEQUENCE SET; Schema: public; Owner: sigbadmin
--

SELECT pg_catalog.setval('bar_mesaestado_id_seq', 4, true);


--
-- TOC entry 3080 (class 0 OID 65583)
-- Dependencies: 230
-- Data for Name: bar_mesaubicacion; Type: TABLE DATA; Schema: public; Owner: sigbadmin
--

INSERT INTO bar_mesaubicacion VALUES (1, 'Frente al escenario', 'Escenario');
INSERT INTO bar_mesaubicacion VALUES (3, 'Area ubicada al costado de la Barra Principal y de', 'Tarima');
INSERT INTO bar_mesaubicacion VALUES (2, 'Area ubicada en el galpon subiendo las escaleras', 'Galpon');


--
-- TOC entry 3297 (class 0 OID 0)
-- Dependencies: 229
-- Name: bar_mesaubicacion_id_seq; Type: SEQUENCE SET; Schema: public; Owner: sigbadmin
--

SELECT pg_catalog.setval('bar_mesaubicacion_id_seq', 3, true);


--
-- TOC entry 3088 (class 0 OID 73799)
-- Dependencies: 238
-- Data for Name: bar_moneda; Type: TABLE DATA; Schema: public; Owner: sigbadmin
--

INSERT INTO bar_moneda VALUES (4, 32, 'Peso argentino', 'ARS');
INSERT INTO bar_moneda VALUES (3, 840, 'Dolar americano', 'USD');
INSERT INTO bar_moneda VALUES (2, 600, 'Guarani', 'PYG');
INSERT INTO bar_moneda VALUES (5, 986, 'Real brasileo', 'BRL');
INSERT INTO bar_moneda VALUES (6, 858, 'Peso uruguayo', 'UYU');


--
-- TOC entry 3298 (class 0 OID 0)
-- Dependencies: 237
-- Name: bar_moneda_id_seq; Type: SEQUENCE SET; Schema: public; Owner: sigbadmin
--

SELECT pg_catalog.setval('bar_moneda_id_seq', 7, true);


--
-- TOC entry 3106 (class 0 OID 90819)
-- Dependencies: 256
-- Data for Name: bar_ordencompraestado; Type: TABLE DATA; Schema: public; Owner: sigbadmin
--

INSERT INTO bar_ordencompraestado VALUES (1, 'EPP', 'Se asigna al momento de registrar la Orden de Compra. Puede ser reasignada si la Fecha de Entrega de la Orden de Compra es modificada.');
INSERT INTO bar_ordencompraestado VALUES (3, 'PEP', 'Se asigna cuando la Fecha de Entrega supera a la fecha actual, o sea, cuando el Proveedor no cumple con la Fecha de Entrega.');
INSERT INTO bar_ordencompraestado VALUES (2, 'ENT', 'Se asigna cuando se confirma la Compra.');
INSERT INTO bar_ordencompraestado VALUES (4, 'CAN', 'Se asigna cuando se cancela la Compra o se cancela la Orden de Compra propiamente.');


--
-- TOC entry 3299 (class 0 OID 0)
-- Dependencies: 255
-- Name: bar_ordencompraestado_id_seq; Type: SEQUENCE SET; Schema: public; Owner: sigbadmin
--

SELECT pg_catalog.setval('bar_ordencompraestado_id_seq', 4, true);


--
-- TOC entry 3102 (class 0 OID 82017)
-- Dependencies: 252
-- Data for Name: bar_pais; Type: TABLE DATA; Schema: public; Owner: sigbadmin
--

INSERT INTO bar_pais VALUES (1, 'Paraguay');
INSERT INTO bar_pais VALUES (2, 'Argentina');
INSERT INTO bar_pais VALUES (3, 'Brasil');
INSERT INTO bar_pais VALUES (5, 'Uruguay');
INSERT INTO bar_pais VALUES (6, 'USA');
INSERT INTO bar_pais VALUES (7, 'Mexico');
INSERT INTO bar_pais VALUES (8, 'Colombia');
INSERT INTO bar_pais VALUES (9, 'Congo');
INSERT INTO bar_pais VALUES (12, 'Peru');
INSERT INTO bar_pais VALUES (13, 'Chile');
INSERT INTO bar_pais VALUES (15, 'Espana');
INSERT INTO bar_pais VALUES (16, 'Venezuela');


--
-- TOC entry 3300 (class 0 OID 0)
-- Dependencies: 251
-- Name: bar_pais_id_seq; Type: SEQUENCE SET; Schema: public; Owner: sigbadmin
--

SELECT pg_catalog.setval('bar_pais_id_seq', 16, true);


--
-- TOC entry 3134 (class 0 OID 108838)
-- Dependencies: 284
-- Data for Name: bar_pedidoestado; Type: TABLE DATA; Schema: public; Owner: sigbadmin
--

INSERT INTO bar_pedidoestado VALUES (1, 'VIG', 'Estado inicial del Pedido.');
INSERT INTO bar_pedidoestado VALUES (2, 'PRO', 'Estado asignado cuando el Pedido se convierte en una Venta cerrada.');
INSERT INTO bar_pedidoestado VALUES (3, 'CAN', 'Se asigna este Estado cuando el Cliente decide desistir un Pedido realizado. Se debe justificar el motivo de cancelacin del Pedido.');


--
-- TOC entry 3301 (class 0 OID 0)
-- Dependencies: 283
-- Name: bar_pedidoestado_id_seq; Type: SEQUENCE SET; Schema: public; Owner: sigbadmin
--

SELECT pg_catalog.setval('bar_pedidoestado_id_seq', 3, true);


--
-- TOC entry 3122 (class 0 OID 92159)
-- Dependencies: 272
-- Data for Name: bar_persona; Type: TABLE DATA; Schema: public; Owner: sigbadmin
--

INSERT INTO bar_persona VALUES (1, 'F');
INSERT INTO bar_persona VALUES (2, 'J');


--
-- TOC entry 3302 (class 0 OID 0)
-- Dependencies: 271
-- Name: bar_persona_id_seq; Type: SEQUENCE SET; Schema: public; Owner: sigbadmin
--

SELECT pg_catalog.setval('bar_persona_id_seq', 1, false);


--
-- TOC entry 3047 (class 0 OID 49789)
-- Dependencies: 197
-- Data for Name: bar_reservaestado; Type: TABLE DATA; Schema: public; Owner: sigbadmin
--

INSERT INTO bar_reservaestado VALUES (1, 'VIG', 'Se asigna cuando se registra la Reserva.');
INSERT INTO bar_reservaestado VALUES (3, 'UTI', 'Se asigna cuando el Cliente se presenta al bar para usufructuar la Reserva.');
INSERT INTO bar_reservaestado VALUES (2, 'CAD', 'Se asigna cuando la Reserva NO fue utilizada por el Cliente.');


--
-- TOC entry 3303 (class 0 OID 0)
-- Dependencies: 196
-- Name: bar_reservaestado_id_seq; Type: SEQUENCE SET; Schema: public; Owner: sigbadmin
--

SELECT pg_catalog.setval('bar_reservaestado_id_seq', 3, true);


--
-- TOC entry 3118 (class 0 OID 92003)
-- Dependencies: 268
-- Data for Name: bar_subcategoriaproducto; Type: TABLE DATA; Schema: public; Owner: sigbadmin
--

INSERT INTO bar_subcategoriaproducto VALUES (1, 'GAS', 'Gaseosas', 3);
INSERT INTO bar_subcategoriaproducto VALUES (2, 'CER', 'Cervezas', 3);
INSERT INTO bar_subcategoriaproducto VALUES (3, 'WHI', 'Whiskies', 3);
INSERT INTO bar_subcategoriaproducto VALUES (4, 'LIC', 'Licores', 3);
INSERT INTO bar_subcategoriaproducto VALUES (5, 'TRA', 'Tragos', 3);
INSERT INTO bar_subcategoriaproducto VALUES (6, 'FRI', 'Fritas', 4);
INSERT INTO bar_subcategoriaproducto VALUES (7, 'ALH', 'Al horno', 4);
INSERT INTO bar_subcategoriaproducto VALUES (8, 'VER', 'Verduras', 4);
INSERT INTO bar_subcategoriaproducto VALUES (9, 'FRU', 'Frutas', 4);
INSERT INTO bar_subcategoriaproducto VALUES (10, 'PAN', 'Panificados', 4);
INSERT INTO bar_subcategoriaproducto VALUES (11, 'ENV', 'Envasados', 4);
INSERT INTO bar_subcategoriaproducto VALUES (12, 'CAR', 'Carnicos', 4);
INSERT INTO bar_subcategoriaproducto VALUES (13, 'CAR', 'Caramelos', 6);
INSERT INTO bar_subcategoriaproducto VALUES (14, 'CHI', 'Chicles', 6);
INSERT INTO bar_subcategoriaproducto VALUES (15, 'AHP', 'Articulos de Higiene Personal', 8);


--
-- TOC entry 3304 (class 0 OID 0)
-- Dependencies: 267
-- Name: bar_subcategoriaproducto_id_seq; Type: SEQUENCE SET; Schema: public; Owner: sigbadmin
--

SELECT pg_catalog.setval('bar_subcategoriaproducto_id_seq', 15, true);


--
-- TOC entry 3150 (class 0 OID 116535)
-- Dependencies: 300
-- Data for Name: bar_timbrado; Type: TABLE DATA; Schema: public; Owner: sigbadmin
--

INSERT INTO bar_timbrado VALUES (1, 'Timbrado correspondiente al periodo Set-2011 a Set-2012', '2012-09-30', '2011-09-01', 'IN', 17684653, 9);


--
-- TOC entry 3305 (class 0 OID 0)
-- Dependencies: 299
-- Name: bar_timbrado_id_seq; Type: SEQUENCE SET; Schema: public; Owner: sigbadmin
--

SELECT pg_catalog.setval('bar_timbrado_id_seq', 1, true);


--
-- TOC entry 3082 (class 0 OID 65642)
-- Dependencies: 232
-- Data for Name: bar_tipodeposito; Type: TABLE DATA; Schema: public; Owner: sigbadmin
--

INSERT INTO bar_tipodeposito VALUES (1, 'DC', 'Deposito Central');
INSERT INTO bar_tipodeposito VALUES (2, 'DO', 'Deposito Operativo');


--
-- TOC entry 3306 (class 0 OID 0)
-- Dependencies: 231
-- Name: bar_tipodeposito_id_seq; Type: SEQUENCE SET; Schema: public; Owner: sigbadmin
--

SELECT pg_catalog.setval('bar_tipodeposito_id_seq', 2, true);


--
-- TOC entry 3161 (class 0 OID 117552)
-- Dependencies: 311
-- Data for Name: bar_tipofacturacompra; Type: TABLE DATA; Schema: public; Owner: sigbadmin
--

INSERT INTO bar_tipofacturacompra VALUES (1, 'CON', 'Contado');
INSERT INTO bar_tipofacturacompra VALUES (2, 'CRE', 'Credito');


--
-- TOC entry 3307 (class 0 OID 0)
-- Dependencies: 310
-- Name: bar_tipofacturacompra_id_seq; Type: SEQUENCE SET; Schema: public; Owner: sigbadmin
--

SELECT pg_catalog.setval('bar_tipofacturacompra_id_seq', 1, false);


--
-- TOC entry 3157 (class 0 OID 117422)
-- Dependencies: 307
-- Data for Name: bar_tipomovimientostock; Type: TABLE DATA; Schema: public; Owner: sigbadmin
--

INSERT INTO bar_tipomovimientostock VALUES (1, 'VE', 'Venta');
INSERT INTO bar_tipomovimientostock VALUES (2, 'CO', 'Compra');


--
-- TOC entry 3308 (class 0 OID 0)
-- Dependencies: 306
-- Name: bar_tipomovimientostock_id_seq; Type: SEQUENCE SET; Schema: public; Owner: sigbadmin
--

SELECT pg_catalog.setval('bar_tipomovimientostock_id_seq', 1, false);


--
-- TOC entry 3084 (class 0 OID 65650)
-- Dependencies: 234
-- Data for Name: bar_tipoproducto; Type: TABLE DATA; Schema: public; Owner: sigbadmin
--

INSERT INTO bar_tipoproducto VALUES (2, 'VE', 'Para la venta');
INSERT INTO bar_tipoproducto VALUES (3, 'IN', 'Insumos');


--
-- TOC entry 3309 (class 0 OID 0)
-- Dependencies: 233
-- Name: bar_tipoproducto_id_seq; Type: SEQUENCE SET; Schema: public; Owner: sigbadmin
--

SELECT pg_catalog.setval('bar_tipoproducto_id_seq', 3, true);


--
-- TOC entry 3159 (class 0 OID 117430)
-- Dependencies: 309
-- Data for Name: bar_transferenciastockestado; Type: TABLE DATA; Schema: public; Owner: sigbadmin
--

INSERT INTO bar_transferenciastockestado VALUES (2, 'PEN', 'Estado inicial asignado a una Transferencia de Productos entre Depositos.');
INSERT INTO bar_transferenciastockestado VALUES (3, 'PRO', 'Una vez autorizada la Transferencia y recepcionados los productos en el Deposito Solicitante se asigna este Estado a la Transferencia.');
INSERT INTO bar_transferenciastockestado VALUES (4, 'CAN', 'Estado asignado cuando la Transferencia es cancelada.');


--
-- TOC entry 3310 (class 0 OID 0)
-- Dependencies: 308
-- Name: bar_transferenciastockestado_id_seq; Type: SEQUENCE SET; Schema: public; Owner: sigbadmin
--

SELECT pg_catalog.setval('bar_transferenciastockestado_id_seq', 4, true);


--
-- TOC entry 3120 (class 0 OID 92011)
-- Dependencies: 270
-- Data for Name: bar_unidadmedidaproducto; Type: TABLE DATA; Schema: public; Owner: sigbadmin
--

INSERT INTO bar_unidadmedidaproducto VALUES (1, 'UN', 'Se asigna a los Productos comercializados por unidades. Ej: Botellas de whiskies, vinos, cervezas, pan de sandwich, pan de hamburguesa.');
INSERT INTO bar_unidadmedidaproducto VALUES (2, 'LI', 'Litros');
INSERT INTO bar_unidadmedidaproducto VALUES (3, 'KG', 'Kilogramos');


--
-- TOC entry 3311 (class 0 OID 0)
-- Dependencies: 269
-- Name: bar_unidadmedidaproducto_id_seq; Type: SEQUENCE SET; Schema: public; Owner: sigbadmin
--

SELECT pg_catalog.setval('bar_unidadmedidaproducto_id_seq', 2, true);


--
-- TOC entry 3136 (class 0 OID 108846)
-- Dependencies: 286
-- Data for Name: bar_ventaestado; Type: TABLE DATA; Schema: public; Owner: sigbadmin
--



--
-- TOC entry 3312 (class 0 OID 0)
-- Dependencies: 285
-- Name: bar_ventaestado_id_seq; Type: SEQUENCE SET; Schema: public; Owner: sigbadmin
--

SELECT pg_catalog.setval('bar_ventaestado_id_seq', 1, false);


--
-- TOC entry 3049 (class 0 OID 49853)
-- Dependencies: 199
-- Data for Name: clientes_cliente; Type: TABLE DATA; Schema: public; Owner: sigbadmin
--

INSERT INTO clientes_cliente VALUES (9, 'Horacio', 'Cartes', '1960-09-05', 'Espaa 2550', 'hola@hola.com', 'M', 1, 1);
INSERT INTO clientes_cliente VALUES (8, 'Federico', 'Franco', '1960-10-10', 'Fdo. de la Mora 1690', 'prueba@hola.com', 'M', 2, 1);
INSERT INTO clientes_cliente VALUES (4, 'Rocio', 'Sanabria', '1981-05-13', 'Avda. San Martin 970', 'rocio@example.com', 'F', 2, 1);
INSERT INTO clientes_cliente VALUES (2, 'Eva', 'Cogliolo', '1996-06-01', 'Avda. San Antonio 593', 'mail@example.com', 'F', 3, 1);
INSERT INTO clientes_cliente VALUES (17, 'Jorge Luis', 'Santana Benitez', '1985-05-24', 'Pozo Favorito 698', 'jorge@gmail.com', 'M', 6, 1);
INSERT INTO clientes_cliente VALUES (19, 'Pablo', 'Kosec', '1980-06-23', 'Ramplas 960', 'pkosec@intermedia.com.uy', 'M', 12, 5);
INSERT INTO clientes_cliente VALUES (21, 'Luis', 'Santana', '1975-10-22', 'Valparaiso 470 casi Alameda', 'lsantana@ps.com.cl', 'M', 15, 13);
INSERT INTO clientes_cliente VALUES (24, 'Pedro Miguel', 'Molas Rodriguez', '1983-11-27', 'Avda. San Antonio 324', 'pmmr.py@gmail.com', 'M', 3, 1);
INSERT INTO clientes_cliente VALUES (25, 'Maximo Joaquin', 'Salinas Alvarenga', '1996-05-31', 'Jose Asuncion Flores 850', 'maxjsalalv@yahoo.com', 'M', 23, 1);
INSERT INTO clientes_cliente VALUES (7, 'Carmen', 'Brizuela', '1944-07-13', 'Avda. San Antonio 593', 'cbrizuela@outlook.com', 'F', 3, 1);
INSERT INTO clientes_cliente VALUES (22, 'Marcos David', 'Torales Mendieta', '1985-10-09', 'Colon casi 7ma.', 'mtoralesm@gmail.com', 'M', 1, 1);
INSERT INTO clientes_cliente VALUES (27, 'Juan Bernardo', 'Duarte', '1990-06-13', 'Concordia entre El Salvador y Dominicana', 'juanber2.0@gmail.com', 'M', 7, 1);
INSERT INTO clientes_cliente VALUES (12, 'Alejandro', 'Cespedes', '1987-10-27', 'Avda. Fernando de la Mora 1680 casi San Isidro', 'acespedes@gmail.com', 'M', 1, 1);
INSERT INTO clientes_cliente VALUES (14, 'Diego', 'Ruiz Diaz', '1981-08-11', 'Mcal. Estigarribia 980 casi EE.UU.', 'druizdiaz@copaco.com.py', 'M', 1, 1);
INSERT INTO clientes_cliente VALUES (6, 'Sandra', 'Lopez', '1980-05-27', 'Felix Bogado 1560 casi 21 Proyectadas', 'slopez@gmail.com', 'F', 4, 1);
INSERT INTO clientes_cliente VALUES (20, 'Alberto Geronimo', 'Contreras Benitez', '1988-04-17', 'Las Garzas 855', 'agcontreras@gmail.com', 'M', 13, 1);
INSERT INTO clientes_cliente VALUES (11, 'Fabiana', 'Ramirez', '1982-02-24', '25 de Mayo casi Gral. Aquino', 'framirez@hotmail.com', 'F', 1, 1);
INSERT INTO clientes_cliente VALUES (13, 'Jose', 'Leguizamon', '1985-03-23', 'Julio Correa 550', 'josel@outlook.com', 'M', 1, 1);
INSERT INTO clientes_cliente VALUES (16, 'Alberto Gabriel', 'Gimenez Gonzalez', '2016-05-11', 'Herminio Maldonado y Moises Bertoni', 'alberto@python.org', 'M', 1, 1);
INSERT INTO clientes_cliente VALUES (18, 'Maximo Alejandro', 'Lopez Moreira', '1984-06-03', 'Las Palmas 1440', 'maxlopez84@gmail.com', 'M', 1, 2);
INSERT INTO clientes_cliente VALUES (23, 'Gustavo', 'Acosta', '1975-02-14', 'Tte. Rivarola 980', 'gusaco@hotmail.com', 'M', 25, 1);
INSERT INTO clientes_cliente VALUES (1, 'Raquel', 'Cogliolo', '1981-05-13', 'Avda. San Antonio 593', 'quelcogliolo@gmail.com', 'F', 3, 1);


--
-- TOC entry 3313 (class 0 OID 0)
-- Dependencies: 198
-- Name: clientes_cliente_id_seq; Type: SEQUENCE SET; Schema: public; Owner: sigbadmin
--

SELECT pg_catalog.setval('clientes_cliente_id_seq', 27, true);


--
-- TOC entry 3051 (class 0 OID 49864)
-- Dependencies: 201
-- Data for Name: clientes_clientedocumento; Type: TABLE DATA; Schema: public; Owner: sigbadmin
--

INSERT INTO clientes_clientedocumento VALUES (3, '4561324', 2, 1);
INSERT INTO clientes_clientedocumento VALUES (5, '2345671', 4, 1);
INSERT INTO clientes_clientedocumento VALUES (9, '4536178-6', 6, 3);
INSERT INTO clientes_clientedocumento VALUES (13, '223157', 7, 1);
INSERT INTO clientes_clientedocumento VALUES (14, '850819', 8, 1);
INSERT INTO clientes_clientedocumento VALUES (16, '886573-5', 9, 3);
INSERT INTO clientes_clientedocumento VALUES (25, '4561790', 12, 1);
INSERT INTO clientes_clientedocumento VALUES (26, '4561790-8', 12, 3);
INSERT INTO clientes_clientedocumento VALUES (28, '2607843', 14, 1);
INSERT INTO clientes_clientedocumento VALUES (29, '2607843-5', 14, 3);
INSERT INTO clientes_clientedocumento VALUES (31, '4112445', 17, 1);
INSERT INTO clientes_clientedocumento VALUES (32, '3050610', 18, 1);
INSERT INTO clientes_clientedocumento VALUES (33, '5781225', 19, 1);
INSERT INTO clientes_clientedocumento VALUES (35, '5444668871', 21, 2);
INSERT INTO clientes_clientedocumento VALUES (36, '4005698', 22, 1);
INSERT INTO clientes_clientedocumento VALUES (12, '2441658', 1, 3);
INSERT INTO clientes_clientedocumento VALUES (34, '4110532', 20, 3);
INSERT INTO clientes_clientedocumento VALUES (24, '2461797', 11, 3);
INSERT INTO clientes_clientedocumento VALUES (27, '3007890', 13, 3);
INSERT INTO clientes_clientedocumento VALUES (38, '2620123', 23, 3);
INSERT INTO clientes_clientedocumento VALUES (39, '2441658', 1, 1);
INSERT INTO clientes_clientedocumento VALUES (40, '3451629', 24, 3);
INSERT INTO clientes_clientedocumento VALUES (41, '2400589', 25, 3);
INSERT INTO clientes_clientedocumento VALUES (44, '4581609', 27, 1);


--
-- TOC entry 3314 (class 0 OID 0)
-- Dependencies: 200
-- Name: clientes_clientedocumento_id_seq; Type: SEQUENCE SET; Schema: public; Owner: sigbadmin
--

SELECT pg_catalog.setval('clientes_clientedocumento_id_seq', 44, true);


--
-- TOC entry 3096 (class 0 OID 81932)
-- Dependencies: 246
-- Data for Name: clientes_clientetelefono; Type: TABLE DATA; Schema: public; Owner: sigbadmin
--

INSERT INTO clientes_clientetelefono VALUES (40, 654987, 21, 11, 1);
INSERT INTO clientes_clientetelefono VALUES (41, 231148, 21, 11, 2);
INSERT INTO clientes_clientetelefono VALUES (42, 669871, 20, 2, 6);
INSERT INTO clientes_clientetelefono VALUES (43, 854050, 1, 2, 5);
INSERT INTO clientes_clientetelefono VALUES (44, 990944, 1, 2, 3);
INSERT INTO clientes_clientetelefono VALUES (45, 164105, 1, 2, 7);
INSERT INTO clientes_clientetelefono VALUES (46, 887425, 13, 2, 8);
INSERT INTO clientes_clientetelefono VALUES (47, 995166, 7, 2, 4);
INSERT INTO clientes_clientetelefono VALUES (48, 990944, 7, 2, 3);
INSERT INTO clientes_clientetelefono VALUES (49, 446799, 22, 2, 8);
INSERT INTO clientes_clientetelefono VALUES (50, 360009, 11, 2, 4);
INSERT INTO clientes_clientetelefono VALUES (51, 452998, 23, 2, 4);
INSERT INTO clientes_clientetelefono VALUES (52, 381698, 24, 2, 14);
INSERT INTO clientes_clientetelefono VALUES (53, 658890, 25, 2, 14);
INSERT INTO clientes_clientetelefono VALUES (55, 849365, 27, 2, 6);


--
-- TOC entry 3315 (class 0 OID 0)
-- Dependencies: 245
-- Name: clientes_clientetelefono_id_seq; Type: SEQUENCE SET; Schema: public; Owner: sigbadmin
--

SELECT pg_catalog.setval('clientes_clientetelefono_id_seq', 55, true);


--
-- TOC entry 3053 (class 0 OID 49872)
-- Dependencies: 203
-- Data for Name: clientes_reserva; Type: TABLE DATA; Schema: public; Owner: sigbadmin
--

INSERT INTO clientes_reserva VALUES (14, 'Reserva de Mesa', 18, 1, 2, 180000, 3, '2016-08-13 18:12:41.015-04', '2016-08-13 21:00:00-04');
INSERT INTO clientes_reserva VALUES (6, 'Reserva de Mesa para Alejandro Cespedes', 12, 3, 5, 600000, 3, '2016-08-01 16:10:34.851-04', '2016-08-01 16:10:34.851-04');
INSERT INTO clientes_reserva VALUES (7, 'Reserva de Mesa para Rocio Sanabria', 4, 1, 3, 300000, 3, '2016-08-01 16:10:34.851-04', '2016-08-01 16:10:34.851-04');
INSERT INTO clientes_reserva VALUES (8, 'Reserva de Mesa - Fabiana Ramirez', 11, 1, 5, 200000, 3, '2016-08-01 16:10:34.851-04', '2016-08-01 16:10:34.851-04');
INSERT INTO clientes_reserva VALUES (9, 'Reserva de Mesa', 6, 1, 0, 2000000, 3, '2016-08-01 16:10:34.851-04', '2016-08-01 16:10:34.851-04');
INSERT INTO clientes_reserva VALUES (10, 'Reserva de Mesa', 19, 1, 5, 100000, 3, '2016-08-01 16:10:34.851-04', '2016-08-01 16:10:34-04');
INSERT INTO clientes_reserva VALUES (11, 'Reserva de Mesa', 14, 1, 4, 150000, 3, '2016-08-01 17:37:03.588-04', '2016-08-05 22:00:00-04');
INSERT INTO clientes_reserva VALUES (12, 'Reserva de Mesa', 23, 1, 5, 300000, 3, '2016-08-13 17:23:07.631-04', '2016-08-13 22:00:00-04');
INSERT INTO clientes_reserva VALUES (13, 'Reserva de Mesa', 20, 1, 3, 100000, 3, '2016-08-13 17:47:20.52-04', '2016-08-13 20:00:00-04');
INSERT INTO clientes_reserva VALUES (15, 'Reserva de Mesa', 12, 1, 5, 200000, 17, '2016-08-15 15:43:22.68-04', '2016-08-17 22:00:00-04');


--
-- TOC entry 3316 (class 0 OID 0)
-- Dependencies: 202
-- Name: clientes_reserva_id_seq; Type: SEQUENCE SET; Schema: public; Owner: sigbadmin
--

SELECT pg_catalog.setval('clientes_reserva_id_seq', 15, true);


--
-- TOC entry 3055 (class 0 OID 49880)
-- Dependencies: 205
-- Data for Name: clientes_reserva_mesas; Type: TABLE DATA; Schema: public; Owner: sigbadmin
--

INSERT INTO clientes_reserva_mesas VALUES (18, 10, 1);
INSERT INTO clientes_reserva_mesas VALUES (19, 10, 2);
INSERT INTO clientes_reserva_mesas VALUES (20, 11, 3);
INSERT INTO clientes_reserva_mesas VALUES (21, 12, 2);
INSERT INTO clientes_reserva_mesas VALUES (23, 13, 3);
INSERT INTO clientes_reserva_mesas VALUES (25, 14, 2);
INSERT INTO clientes_reserva_mesas VALUES (26, 15, 2);


--
-- TOC entry 3317 (class 0 OID 0)
-- Dependencies: 204
-- Name: clientes_reserva_mesas_id_seq; Type: SEQUENCE SET; Schema: public; Owner: sigbadmin
--

SELECT pg_catalog.setval('clientes_reserva_mesas_id_seq', 26, true);


--
-- TOC entry 3130 (class 0 OID 108161)
-- Dependencies: 280
-- Data for Name: compras_compra; Type: TABLE DATA; Schema: public; Owner: sigbadmin
--

INSERT INTO compras_compra VALUES (44, '2016-08-16 08:33:19.865-04', 1950000, 897963, '2016-08-16', 2, 28, 1, 4, 1);
INSERT INTO compras_compra VALUES (46, '2016-08-11 20:29:01.311-04', 515000, 53341, '2016-08-11', 2, 29, 2, 3, 1);
INSERT INTO compras_compra VALUES (47, '2016-08-14 10:35:10.541-04', 70000, 4564654, '2016-08-14', 2, 30, 1, 7, 1);
INSERT INTO compras_compra VALUES (48, '2016-08-15 16:01:22.261-04', 400000, 51984, '2016-08-15', 2, 31, 2, 3, 1);
INSERT INTO compras_compra VALUES (39, '2016-08-10 12:20:20.454-04', 200000, 987898, '2016-08-10', 2, 18, 1, 2, 1);
INSERT INTO compras_compra VALUES (27, '2016-08-09 09:28:39.467-04', 105000, 545646, '2016-08-09', 2, 24, 1, 2, 1);
INSERT INTO compras_compra VALUES (36, '2016-08-09 11:27:34.222-04', 400000, 11368, '2016-08-09', 2, 19, 1, 4, 1);
INSERT INTO compras_compra VALUES (40, '2016-08-11 11:23:08.279-04', 105000, 879876, '2016-08-11', 2, 21, 2, 3, 1);
INSERT INTO compras_compra VALUES (41, '2016-08-15 18:08:15.735-04', 127500, 224636, '2016-08-11', 2, 20, 2, 7, 1);
INSERT INTO compras_compra VALUES (42, '2016-08-11 13:13:21.327-04', 270000, 634135, '2016-08-11', 2, 25, 2, 6, 1);
INSERT INTO compras_compra VALUES (43, '2016-08-11 19:44:46.875-04', 25000, 7150, '2016-08-15', 2, 26, 1, 7, 1);
INSERT INTO compras_compra VALUES (53, '2016-08-16 10:36:14.695-04', 125000, 61863, '2016-08-16', 2, 33, 2, 12, 1);
INSERT INTO compras_compra VALUES (49, '2016-08-16 10:39:41.957-04', 100000, 345006, '2016-08-16', 2, 32, 2, 13, 1);
INSERT INTO compras_compra VALUES (45, '2016-08-16 10:50:43.603-04', 300000, 87796, '2016-08-16', 2, 27, 2, 2, 1);
INSERT INTO compras_compra VALUES (54, '2016-08-17 10:44:49.889-04', 200000, 346987, '2016-08-17', 2, 34, 2, 13, 1);
INSERT INTO compras_compra VALUES (55, '2016-08-17 13:05:38.046-04', 120000, 4405, '2016-08-17', 2, 35, 2, 15, 1);


--
-- TOC entry 3318 (class 0 OID 0)
-- Dependencies: 279
-- Name: compras_compra_numero_compra_seq; Type: SEQUENCE SET; Schema: public; Owner: sigbadmin
--

SELECT pg_catalog.setval('compras_compra_numero_compra_seq', 55, true);


--
-- TOC entry 3132 (class 0 OID 108169)
-- Dependencies: 282
-- Data for Name: compras_compradetalle; Type: TABLE DATA; Schema: public; Owner: sigbadmin
--

INSERT INTO compras_compradetalle VALUES (33, 2000, 200.000, 400000, 36, 7);
INSERT INTO compras_compradetalle VALUES (34, 21000, 5.000, 105000, 27, 17);
INSERT INTO compras_compradetalle VALUES (88, 4000, 50.000, 200000, 39, 10);
INSERT INTO compras_compradetalle VALUES (89, 21000, 5.000, 105000, 40, 17);
INSERT INTO compras_compradetalle VALUES (93, 9000, 30.000, 270000, 42, 18);
INSERT INTO compras_compradetalle VALUES (96, 2500, 10.000, 25000, 43, 13);
INSERT INTO compras_compradetalle VALUES (111, 2000, 100.000, 200000, 44, 7);
INSERT INTO compras_compradetalle VALUES (112, 8500, 100.000, 850000, 44, 21);
INSERT INTO compras_compradetalle VALUES (113, 3000, 100.000, 300000, 45, 20);
INSERT INTO compras_compradetalle VALUES (114, 11000, 30.000, 330000, 46, 14);
INSERT INTO compras_compradetalle VALUES (115, 25000, 5.000, 125000, 46, 17);
INSERT INTO compras_compradetalle VALUES (116, 30000, 2.000, 60000, 46, 16);
INSERT INTO compras_compradetalle VALUES (117, 3000, 10.000, 30000, 47, 12);
INSERT INTO compras_compradetalle VALUES (118, 4000, 10.000, 40000, 47, 11);
INSERT INTO compras_compradetalle VALUES (119, 35000, 5.000, 175000, 48, 16);
INSERT INTO compras_compradetalle VALUES (120, 45000, 5.000, 225000, 48, 17);
INSERT INTO compras_compradetalle VALUES (122, 5000, 10.000, 50000, 41, 11);
INSERT INTO compras_compradetalle VALUES (123, 2500, 10.000, 25000, 41, 12);
INSERT INTO compras_compradetalle VALUES (124, 3000, 5.000, 15000, 41, 13);
INSERT INTO compras_compradetalle VALUES (125, 3500, 5.000, 17500, 41, 45);
INSERT INTO compras_compradetalle VALUES (126, 4000, 5.000, 20000, 41, 46);
INSERT INTO compras_compradetalle VALUES (127, 1000, 100.000, 100000, 49, 47);
INSERT INTO compras_compradetalle VALUES (128, 9000, 100.000, 900000, 44, 52);
INSERT INTO compras_compradetalle VALUES (129, 25000, 5.000, 125000, 53, 53);
INSERT INTO compras_compradetalle VALUES (130, 2000, 100.000, 200000, 54, 54);
INSERT INTO compras_compradetalle VALUES (131, 6500, 10.000, 65000, 55, 55);
INSERT INTO compras_compradetalle VALUES (132, 5500, 10.000, 55000, 55, 56);


--
-- TOC entry 3319 (class 0 OID 0)
-- Dependencies: 281
-- Name: compras_compradetalle_id_seq; Type: SEQUENCE SET; Schema: public; Owner: sigbadmin
--

SELECT pg_catalog.setval('compras_compradetalle_id_seq', 132, true);


--
-- TOC entry 3151 (class 0 OID 116900)
-- Dependencies: 301
-- Data for Name: compras_empresa; Type: TABLE DATA; Schema: public; Owner: sigbadmin
--

INSERT INTO compras_empresa VALUES (9, 'compras/empresa/logo_Kilk_yeqfzas.JPG', '2007-04-23', 'Compra/venta de productos gastronomicos', '001', 1824055);


--
-- TOC entry 3163 (class 0 OID 117574)
-- Dependencies: 313
-- Data for Name: compras_facturaproveedor; Type: TABLE DATA; Schema: public; Owner: sigbadmin
--

INSERT INTO compras_facturaproveedor VALUES (4, 879876, '2016-08-11', 30, 0, 40, 2, 2, 105000, 3, 'PEN');
INSERT INTO compras_facturaproveedor VALUES (19, 4564654, '2016-08-14', 0, 0, 47, 1, 1, 70000, 7, 'PEN');
INSERT INTO compras_facturaproveedor VALUES (20, 51984, '2016-08-15', 30, 0, 48, 2, 2, 400000, 3, 'PEN');
INSERT INTO compras_facturaproveedor VALUES (24, 53341, '2016-08-11', 30, 0, 46, 2, 2, 515000, 3, 'PEN');
INSERT INTO compras_facturaproveedor VALUES (25, 7150, '2016-08-15', 30, 0, 43, 2, 1, 25000, 7, 'PEN');
INSERT INTO compras_facturaproveedor VALUES (26, 224636, '2016-08-11', 30, 0, 41, 2, 2, 127500, 7, 'PEN');
INSERT INTO compras_facturaproveedor VALUES (10, 634135, '2016-08-11', 60, 0, 42, 3, 2, 270000, 6, 'PEN');
INSERT INTO compras_facturaproveedor VALUES (1, 987898, '2016-08-10', 30, 0, 39, 2, 1, 200000, 2, 'PEN');
INSERT INTO compras_facturaproveedor VALUES (27, 897963, '2016-08-16', 0, 0, 44, 1, 1, 1950000, 4, 'PEN');
INSERT INTO compras_facturaproveedor VALUES (28, 61863, '2016-08-16', 30, 0, 53, 2, 2, 125000, 12, 'PEN');
INSERT INTO compras_facturaproveedor VALUES (29, 345006, '2016-08-16', 30, 0, 49, 2, 2, 100000, 13, 'PEN');
INSERT INTO compras_facturaproveedor VALUES (30, 87796, '2016-08-16', 60, 0, 45, 3, 2, 300000, 2, 'PEN');
INSERT INTO compras_facturaproveedor VALUES (32, 346987, '2016-08-17', 30, 0, 54, 2, 2, 200000, 13, 'PEN');
INSERT INTO compras_facturaproveedor VALUES (33, 4405, '2016-08-17', 60, 0, 55, 3, 2, 120000, 15, 'PEN');


--
-- TOC entry 3320 (class 0 OID 0)
-- Dependencies: 312
-- Name: compras_facturaproveedor_id_seq; Type: SEQUENCE SET; Schema: public; Owner: sigbadmin
--

SELECT pg_catalog.setval('compras_facturaproveedor_id_seq', 33, true);


--
-- TOC entry 3110 (class 0 OID 91356)
-- Dependencies: 260
-- Data for Name: compras_lineacreditoproveedor; Type: TABLE DATA; Schema: public; Owner: sigbadmin
--

INSERT INTO compras_lineacreditoproveedor VALUES (9, '2016-08-04 16:49:27.664-04', 10000000, 10, 0, 0, 0, 'DEL', 0);
INSERT INTO compras_lineacreditoproveedor VALUES (12, '2016-08-16 10:36:14.678-04', 5000000, 12, 125000, 0, 125000, 'DEL', 0);
INSERT INTO compras_lineacreditoproveedor VALUES (2, '2016-08-16 10:50:43.598-04', 10000000, 2, 300000, 0, 300000, 'DEL', 0);
INSERT INTO compras_lineacreditoproveedor VALUES (13, '2016-08-17 10:44:49.882-04', 5000000, 13, 300000, 0, 300000, 'DEL', 0);
INSERT INTO compras_lineacreditoproveedor VALUES (11, '2016-08-16 08:53:00.863-04', 5000000, 6, 270000, 0, 270000, 'DEL', 0);
INSERT INTO compras_lineacreditoproveedor VALUES (6, '2016-08-16 08:52:00.757-04', 10000000, 7, 222500, 0, 222500, 'DEL', 0);
INSERT INTO compras_lineacreditoproveedor VALUES (4, '2016-06-01 12:10:44-04', 15000000, 4, 1950000, 0, 1950000, 'DEL', 0);
INSERT INTO compras_lineacreditoproveedor VALUES (3, '2016-08-11 11:31:17.929-04', 8000000, 3, 1020000, 0, 1020000, 'DEL', 0);
INSERT INTO compras_lineacreditoproveedor VALUES (14, '2016-08-17 13:05:38.036-04', 5000000, 15, 120000, 0, 120000, 'DEL', 4880000);


--
-- TOC entry 3321 (class 0 OID 0)
-- Dependencies: 259
-- Name: compras_lineacreditoproveedor_id_seq; Type: SEQUENCE SET; Schema: public; Owner: sigbadmin
--

SELECT pg_catalog.setval('compras_lineacreditoproveedor_id_seq', 14, true);


--
-- TOC entry 3165 (class 0 OID 117733)
-- Dependencies: 315
-- Data for Name: compras_lineacreditoproveedordetalle; Type: TABLE DATA; Schema: public; Owner: sigbadmin
--

INSERT INTO compras_lineacreditoproveedordetalle VALUES (1, 105000, 'FAC', 879876, '2016-08-11', 3);
INSERT INTO compras_lineacreditoproveedordetalle VALUES (16, 70000, 'FAC', 4564654, '2016-08-14', 6);
INSERT INTO compras_lineacreditoproveedordetalle VALUES (17, 400000, 'FAC', 51984, '2016-08-15', 3);
INSERT INTO compras_lineacreditoproveedordetalle VALUES (21, 515000, 'FAC', 53341, '2016-08-11', 3);
INSERT INTO compras_lineacreditoproveedordetalle VALUES (22, 25000, 'FAC', 7150, '2016-08-15', 6);
INSERT INTO compras_lineacreditoproveedordetalle VALUES (24, 1950000, 'FAC', 897963, '2016-08-16', 4);
INSERT INTO compras_lineacreditoproveedordetalle VALUES (23, 127500, 'FAC', 224636, '2016-08-11', 6);
INSERT INTO compras_lineacreditoproveedordetalle VALUES (7, 270000, 'FAC', 634135, '2016-08-11', 11);
INSERT INTO compras_lineacreditoproveedordetalle VALUES (25, 125000, 'FAC', 61863, '2016-08-16', 12);
INSERT INTO compras_lineacreditoproveedordetalle VALUES (26, 100000, 'FAC', 345006, '2016-08-16', 13);
INSERT INTO compras_lineacreditoproveedordetalle VALUES (27, 300000, 'FAC', 87796, '2016-08-16', 2);
INSERT INTO compras_lineacreditoproveedordetalle VALUES (29, 200000, 'FAC', 346987, '2016-08-17', 13);
INSERT INTO compras_lineacreditoproveedordetalle VALUES (30, 120000, 'FAC', 4405, '2016-08-17', 14);


--
-- TOC entry 3322 (class 0 OID 0)
-- Dependencies: 314
-- Name: compras_lineacreditoproveedordetalle_id_seq; Type: SEQUENCE SET; Schema: public; Owner: sigbadmin
--

SELECT pg_catalog.setval('compras_lineacreditoproveedordetalle_id_seq', 30, true);


--
-- TOC entry 3114 (class 0 OID 91659)
-- Dependencies: 264
-- Data for Name: compras_ordencompra; Type: TABLE DATA; Schema: public; Owner: sigbadmin
--

INSERT INTO compras_ordencompra VALUES (23, '2016-08-04 16:42:54.384-04', '2016-08-05 16:48:54-04', 400000, 4, 2, 10, '2016-08-24 22:20:25.573-04', 1);
INSERT INTO compras_ordencompra VALUES (22, '2016-08-04 16:42:54.384-04', '2016-08-05 16:44:32-04', 700000, 3, 1, 6, '2016-08-25 08:20:52.742-04', 1);
INSERT INTO compras_ordencompra VALUES (27, '2016-08-11 19:48:58.819-04', '2016-08-12 19:48:58-04', 300000, 2, 3, 2, '2016-08-24 22:26:21.186-04', 1);
INSERT INTO compras_ordencompra VALUES (29, '2016-08-11 20:24:12.151-04', '2016-08-12 20:24:12-04', 515000, 2, 2, 3, '2016-08-24 22:20:25.585-04', 1);
INSERT INTO compras_ordencompra VALUES (30, '2016-08-14 10:29:22.765-04', '2016-08-16 10:29:22-04', 70000, 2, 1, 7, '2016-08-24 22:26:21.188-04', 1);
INSERT INTO compras_ordencompra VALUES (32, '2016-08-15 18:05:22.081-04', '2016-08-17 17:38:46-04', 100000, 2, 2, 13, '2016-08-24 22:20:25.623-04', 1);
INSERT INTO compras_ordencompra VALUES (33, '2016-08-16 09:28:54.106-04', '2016-08-18 12:00:00-04', 125000, 2, 2, 12, '2016-08-24 22:26:21.192-04', 1);
INSERT INTO compras_ordencompra VALUES (35, '2016-08-17 13:04:13.578-04', '2016-08-19 16:00:00-04', 120000, 2, 3, 15, '2016-08-24 22:20:25.621-04', 1);
INSERT INTO compras_ordencompra VALUES (19, '2016-07-15 13:19:51.45-04', '2016-08-06 09:00:00-04', 400000, 2, 2, 4, '2016-08-24 22:20:25.577-04', 1);
INSERT INTO compras_ordencompra VALUES (25, '2016-08-11 13:08:13.646-04', '2016-08-12 13:08:13-04', 270000, 2, 3, 6, '2016-08-24 22:20:25.598-04', 1);
INSERT INTO compras_ordencompra VALUES (28, '2016-08-11 19:48:58.819-04', '2016-08-12 19:48:58-04', 200000, 2, 1, 4, '2016-08-24 22:20:25.609-04', 1);
INSERT INTO compras_ordencompra VALUES (31, '2016-08-15 15:59:22.724-04', '2016-08-17 16:00:00-04', 400000, 2, 2, 3, '2016-08-24 22:20:25.603-04', 1);
INSERT INTO compras_ordencompra VALUES (34, '2016-08-17 10:42:08.269-04', '2016-08-17 12:00:00-04', 200000, 2, 2, 13, '2016-08-24 22:20:25.617-04', 1);
INSERT INTO compras_ordencompra VALUES (18, '2016-07-06 15:02:41.021-04', '2016-08-04 15:19:00-04', 200000, 2, 2, 2, '2016-08-24 22:26:21.152-04', 1);
INSERT INTO compras_ordencompra VALUES (20, '2016-07-21 19:30:36.625-04', '2016-08-18 17:00:00-04', 127500, 2, 2, 7, '2016-08-24 22:20:25.606-04', 1);
INSERT INTO compras_ordencompra VALUES (21, '2016-07-26 13:49:08.33-04', '2016-08-06 11:00:00-04', 105000, 2, 2, 3, '2016-08-24 22:26:21.167-04', 1);
INSERT INTO compras_ordencompra VALUES (24, '2016-08-09 09:19:26.386-04', '2016-08-10 09:19:26-04', 100000, 2, 2, 2, '2016-08-24 22:26:21.173-04', 1);
INSERT INTO compras_ordencompra VALUES (26, '2016-08-11 19:06:21.733-04', '2016-08-15 18:00:00-04', 25000, 2, 2, 7, '2016-08-24 22:20:25.594-04', 1);


--
-- TOC entry 3323 (class 0 OID 0)
-- Dependencies: 263
-- Name: compras_ordencompra_numero_orden_compra_seq; Type: SEQUENCE SET; Schema: public; Owner: sigbadmin
--

SELECT pg_catalog.setval('compras_ordencompra_numero_orden_compra_seq', 35, true);


--
-- TOC entry 3116 (class 0 OID 91667)
-- Dependencies: 266
-- Data for Name: compras_ordencompradetalle; Type: TABLE DATA; Schema: public; Owner: sigbadmin
--

INSERT INTO compras_ordencompradetalle VALUES (36, 21000, 5.000, 105000, 21, 17);
INSERT INTO compras_ordencompradetalle VALUES (37, 5000, 10.000, 50000, 20, 11);
INSERT INTO compras_ordencompradetalle VALUES (38, 2500, 10.000, 25000, 20, 12);
INSERT INTO compras_ordencompradetalle VALUES (39, 3000, 5.000, 15000, 20, 13);
INSERT INTO compras_ordencompradetalle VALUES (41, 4000, 50.000, 200000, 18, 10);
INSERT INTO compras_ordencompradetalle VALUES (40, 2000, 200.000, 400000, 19, 7);
INSERT INTO compras_ordencompradetalle VALUES (42, 14000, 50.000, 700000, 22, 18);
INSERT INTO compras_ordencompradetalle VALUES (43, 8000, 50.000, 400000, 23, 19);
INSERT INTO compras_ordencompradetalle VALUES (45, 9000, 30.000, 270000, 25, 18);
INSERT INTO compras_ordencompradetalle VALUES (48, 2500, 10.000, 25000, 26, 13);
INSERT INTO compras_ordencompradetalle VALUES (49, 3000, 100.000, 300000, 27, 20);
INSERT INTO compras_ordencompradetalle VALUES (50, 2000, 100.000, 200000, 28, 7);
INSERT INTO compras_ordencompradetalle VALUES (51, 11000, 30.000, 330000, 29, 14);
INSERT INTO compras_ordencompradetalle VALUES (52, 25000, 5.000, 125000, 29, 17);
INSERT INTO compras_ordencompradetalle VALUES (53, 30000, 2.000, 60000, 29, 16);
INSERT INTO compras_ordencompradetalle VALUES (54, 3000, 10.000, 30000, 30, 12);
INSERT INTO compras_ordencompradetalle VALUES (55, 4000, 10.000, 40000, 30, 11);
INSERT INTO compras_ordencompradetalle VALUES (56, 35000, 5.000, 175000, 31, 16);
INSERT INTO compras_ordencompradetalle VALUES (57, 45000, 5.000, 225000, 31, 17);
INSERT INTO compras_ordencompradetalle VALUES (58, 3500, 5.000, 17500, 20, 45);
INSERT INTO compras_ordencompradetalle VALUES (59, 4000, 5.000, 20000, 20, 46);
INSERT INTO compras_ordencompradetalle VALUES (60, 1000, 100.000, 100000, 32, 47);
INSERT INTO compras_ordencompradetalle VALUES (61, 25000, 5.000, 125000, 33, 53);
INSERT INTO compras_ordencompradetalle VALUES (62, 2000, 100.000, 200000, 34, 54);
INSERT INTO compras_ordencompradetalle VALUES (63, 6500, 10.000, 65000, 35, 55);
INSERT INTO compras_ordencompradetalle VALUES (64, 5500, 10.000, 55000, 35, 56);


--
-- TOC entry 3324 (class 0 OID 0)
-- Dependencies: 265
-- Name: compras_ordencompradetalle_id_seq; Type: SEQUENCE SET; Schema: public; Owner: sigbadmin
--

SELECT pg_catalog.setval('compras_ordencompradetalle_id_seq', 64, true);


--
-- TOC entry 3153 (class 0 OID 117143)
-- Dependencies: 303
-- Data for Name: compras_pagoproveedor; Type: TABLE DATA; Schema: public; Owner: sigbadmin
--

INSERT INTO compras_pagoproveedor VALUES (1, 100000, '2016-08-11', 89797, 0, 1);


--
-- TOC entry 3325 (class 0 OID 0)
-- Dependencies: 302
-- Name: compras_pagoproveedor_id_seq; Type: SEQUENCE SET; Schema: public; Owner: sigbadmin
--

SELECT pg_catalog.setval('compras_pagoproveedor_id_seq', 1, true);


--
-- TOC entry 3112 (class 0 OID 91385)
-- Dependencies: 262
-- Data for Name: compras_productoproveedor; Type: TABLE DATA; Schema: public; Owner: sigbadmin
--

INSERT INTO compras_productoproveedor VALUES (3, 7, 4);
INSERT INTO compras_productoproveedor VALUES (8, 18, 6);
INSERT INTO compras_productoproveedor VALUES (9, 15, 3);


--
-- TOC entry 3326 (class 0 OID 0)
-- Dependencies: 261
-- Name: compras_productoproveedor_id_seq; Type: SEQUENCE SET; Schema: public; Owner: sigbadmin
--

SELECT pg_catalog.setval('compras_productoproveedor_id_seq', 9, true);


--
-- TOC entry 3108 (class 0 OID 91320)
-- Dependencies: 258
-- Data for Name: compras_proveedor; Type: TABLE DATA; Schema: public; Owner: sigbadmin
--

INSERT INTO compras_proveedor VALUES (2, 'PARESA', 'Acceso Sur casi Gral. Diaz', 'http://www.paresa.com.py', '2016-06-01 12:10:44.741-04', 1, 1, 1, '80003400', 7);
INSERT INTO compras_proveedor VALUES (3, 'Unilever', 'Avda. Von Poleski y Boqueron', 'http://www.unilever.com.py', '2016-06-01 12:10:44.741-04', 1, 1, 1, '80023081', 7);
INSERT INTO compras_proveedor VALUES (4, 'Cervepar', 'Avda. Mcal. Estigarribia Km. 11', 'http://www.cervepar.com.py', '2016-06-01 12:10:44.741-04', 2, 1, 1, '80086846', 3);
INSERT INTO compras_proveedor VALUES (6, 'Frigochaco', 'Limpio', 'http://www.paraguaymeat.com/', '2016-07-04 13:46:08.971-04', 2, 8, 1, '80003388', 4);
INSERT INTO compras_proveedor VALUES (7, 'Productos Robadin', 'Av. Defensores del Chaco y Pycaz, Local A', '', '2016-07-21 17:57:39.832-04', 1, 1, 1, '80037498', 3);
INSERT INTO compras_proveedor VALUES (10, 'Distribuidora Gloria', 'Av. Aviadores del Chaco 2665 e/ Molas Lopez', 'http://www.distrigloria.com.py/', '2016-08-04 16:49:27.625-04', 2, 1, 1, '80010138', 3);
INSERT INTO compras_proveedor VALUES (11, 'Pollpar S.A.', 'Ruta Transchaco - Km. 13,5, Mariano R. Alonso', 'http://www.pollpar.com/', '2016-08-13 11:40:29.264-04', 2, 23, 1, '80007167', 0);
INSERT INTO compras_proveedor VALUES (12, 'Las Tacuaras - Nutrihuevos', 'Av. La Victoria 801', 'http://www.nutrihuevos.com.py/', '2016-08-13 11:46:50.011-04', 2, 7, 1, '80025390', 6);
INSERT INTO compras_proveedor VALUES (13, 'PROFARCO S.A.', 'Avda. Boggiani 7180', 'http://www.profarco.com.py/', '2016-08-13 15:31:58.033-04', 2, 1, 1, '80002348', 0);
INSERT INTO compras_proveedor VALUES (15, 'Kimberly-Clark Paraguay', 'Herib Campos Cervera 886 casi Aviadores del Chaco - Edificio Australia - Of. 2, Entrepiso', 'http://www.kimberly-clark.com.py/', '2016-08-17 12:56:20.434-04', 2, 1, 1, '80065432', 3);
INSERT INTO compras_proveedor VALUES (9, 'Triskel S.A.', 'Malutin y Espaa - Paseo Carmelitas', 'http://www.kilkenny.com.py', '2016-07-31 19:56:28.42-04', 2, 1, 1, '80067533', 9);


--
-- TOC entry 3327 (class 0 OID 0)
-- Dependencies: 257
-- Name: compras_proveedor_id_seq; Type: SEQUENCE SET; Schema: public; Owner: sigbadmin
--

SELECT pg_catalog.setval('compras_proveedor_id_seq', 15, true);


--
-- TOC entry 3128 (class 0 OID 100198)
-- Dependencies: 278
-- Data for Name: compras_proveedortelefono; Type: TABLE DATA; Schema: public; Owner: sigbadmin
--

INSERT INTO compras_proveedortelefono VALUES (2, 225698, NULL, '', 4, 2, 2);
INSERT INTO compras_proveedortelefono VALUES (3, 6452000, 500, 'Cesar', 3, 2, 3);
INSERT INTO compras_proveedortelefono VALUES (4, 4144000, 600, 'Martin', 3, 2, 4);
INSERT INTO compras_proveedortelefono VALUES (5, 6895000, 800, 'Daniel', 3, 2, 6);
INSERT INTO compras_proveedortelefono VALUES (6, 506770, NULL, 'Antonio', 3, 2, 7);
INSERT INTO compras_proveedortelefono VALUES (7, 600083, NULL, 'Sebastian', 3, 2, 10);
INSERT INTO compras_proveedortelefono VALUES (8, 752131, NULL, '', 3, 2, 11);
INSERT INTO compras_proveedortelefono VALUES (9, 260707, NULL, '', 8, 2, 11);
INSERT INTO compras_proveedortelefono VALUES (10, 553131, NULL, '', 4, 2, 11);
INSERT INTO compras_proveedortelefono VALUES (11, 582390, NULL, '', 3, 2, 12);
INSERT INTO compras_proveedortelefono VALUES (12, 583381, NULL, '', 3, 2, 12);
INSERT INTO compras_proveedortelefono VALUES (13, 155179, NULL, '', 13, 2, 9);
INSERT INTO compras_proveedortelefono VALUES (14, 508670, NULL, '', 3, 2, 13);
INSERT INTO compras_proveedortelefono VALUES (16, 610990, NULL, '', 3, 2, 15);


--
-- TOC entry 3328 (class 0 OID 0)
-- Dependencies: 277
-- Name: compras_proveedortelefono_id_seq; Type: SEQUENCE SET; Schema: public; Owner: sigbadmin
--

SELECT pg_catalog.setval('compras_proveedortelefono_id_seq', 16, true);


--
-- TOC entry 3039 (class 0 OID 49741)
-- Dependencies: 189
-- Data for Name: django_admin_log; Type: TABLE DATA; Schema: public; Owner: sigbadmin
--

INSERT INTO django_admin_log VALUES (1, '2015-09-28 19:15:53.907-04', '1', 'CI', 1, '', 10, 1);
INSERT INTO django_admin_log VALUES (2, '2015-09-28 19:16:11.294-04', '2', 'PAS', 1, '', 10, 1);
INSERT INTO django_admin_log VALUES (3, '2015-09-28 19:16:23.261-04', '3', 'RUC', 1, '', 10, 1);
INSERT INTO django_admin_log VALUES (4, '2015-09-28 19:16:33.361-04', '4', 'RC', 1, '', 10, 1);
INSERT INTO django_admin_log VALUES (5, '2015-09-28 19:23:13.908-04', '2', 'raquel', 1, '', 4, 1);
INSERT INTO django_admin_log VALUES (6, '2015-09-28 19:24:19.561-04', '2', 'raquel', 2, 'Modificado/a first_name, last_name y email.', 4, 1);
INSERT INTO django_admin_log VALUES (7, '2015-09-28 19:25:32.357-04', '2', 'raquel', 2, 'Modificado/a is_staff.', 4, 1);
INSERT INTO django_admin_log VALUES (8, '2015-09-28 19:28:48.954-04', '1', 'Raquel Cogliolo', 1, '', 11, 1);
INSERT INTO django_admin_log VALUES (9, '2015-09-28 19:30:44.066-04', '1', 'Luis Solis', 1, '', 14, 1);
INSERT INTO django_admin_log VALUES (10, '2015-09-28 19:31:15.828-04', '1', 'Luis Solis', 2, 'Aadido/a "2890712" empleado documento.', 14, 1);
INSERT INTO django_admin_log VALUES (11, '2015-09-28 19:34:03.355-04', '1', 'Nocturno', 1, '', 15, 1);
INSERT INTO django_admin_log VALUES (12, '2015-09-28 19:34:34.521-04', '2', 'Matinal', 1, '', 15, 1);
INSERT INTO django_admin_log VALUES (13, '2015-09-28 19:35:21.228-04', '3', 'Tarde', 1, '', 15, 1);
INSERT INTO django_admin_log VALUES (14, '2015-10-03 11:19:31.417-04', '1', 'A - Abierta', 1, '', 9, 1);
INSERT INTO django_admin_log VALUES (15, '2015-10-03 11:19:46.584-04', '2', 'C - Cerrada', 1, '', 9, 1);
INSERT INTO django_admin_log VALUES (16, '2015-10-03 11:21:22.854-04', '1', 'Raquel Cogliolo', 2, 'Modificado/a email. Modificados numero_documento para "2441658" cliente documento. Modificados numero_documento para "2441658-4" cliente documento.', 11, 1);
INSERT INTO django_admin_log VALUES (17, '2015-10-03 11:24:28.339-04', '2', 'Eva Cogliolo', 1, '', 11, 1);
INSERT INTO django_admin_log VALUES (18, '2015-10-03 11:26:24.537-04', '1', 'A - Activa', 1, '', 8, 1);
INSERT INTO django_admin_log VALUES (19, '2015-10-03 11:26:38.812-04', '2', 'I - Inactiva', 1, '', 8, 1);
INSERT INTO django_admin_log VALUES (20, '2015-10-03 11:26:48.663-04', '3', 'O - Ocupada', 1, '', 8, 1);
INSERT INTO django_admin_log VALUES (21, '2015-10-03 11:27:10.991-04', '4', 'D - Disponible', 1, '', 8, 1);
INSERT INTO django_admin_log VALUES (22, '2015-10-03 11:31:23.73-04', '1', 'V - Vigente', 1, '', 7, 1);
INSERT INTO django_admin_log VALUES (23, '2015-10-03 11:31:29.461-04', '2', 'C - Caducada', 1, '', 7, 1);
INSERT INTO django_admin_log VALUES (31, '2015-10-24 18:52:29.202-03', '1', 'Compuesto', 1, '', 22, 1);
INSERT INTO django_admin_log VALUES (32, '2015-10-24 18:52:52.054-03', '2', 'Para la venta', 1, '', 22, 1);
INSERT INTO django_admin_log VALUES (37, '2015-10-24 20:24:01.543-03', '4', 'Reserva de Mesa', 1, '', 12, 1);
INSERT INTO django_admin_log VALUES (38, '2015-10-25 11:06:40.321-03', '1', 'Mozo', 1, '', 3, 1);
INSERT INTO django_admin_log VALUES (39, '2015-10-25 11:07:40.697-03', '2', 'raquel', 2, 'Modificado/a is_staff y groups.', 4, 1);
INSERT INTO django_admin_log VALUES (40, '2015-10-25 11:08:11.67-03', '2', 'raquel', 2, 'Modificado/a password.', 4, 1);
INSERT INTO django_admin_log VALUES (41, '2015-10-25 11:08:19.53-03', '2', 'raquel', 2, 'No ha cambiado ningn campo.', 4, 1);
INSERT INTO django_admin_log VALUES (42, '2015-10-25 11:10:02.161-03', '2', 'raquel', 2, 'Modificado/a is_staff.', 4, 1);
INSERT INTO django_admin_log VALUES (43, '2015-10-25 16:17:12.844-03', '1', 'admin', 2, 'Modificado/a first_name y last_name.', 4, 1);
INSERT INTO django_admin_log VALUES (44, '2015-10-25 18:16:08.989-03', '1', 'Compuesto', 1, '', 41, 1);
INSERT INTO django_admin_log VALUES (45, '2015-10-25 18:16:42.533-03', '2', 'Para la venta', 1, '', 41, 1);
INSERT INTO django_admin_log VALUES (46, '2015-10-25 18:18:14.266-03', '2', 'Para la venta', 3, '', 22, 1);
INSERT INTO django_admin_log VALUES (47, '2015-10-25 18:18:14.304-03', '1', 'Compuesto', 3, '', 22, 1);
INSERT INTO django_admin_log VALUES (48, '2015-10-25 18:18:44.263-03', '3', 'Bebidas', 1, '', 22, 1);
INSERT INTO django_admin_log VALUES (49, '2015-10-25 18:18:56.08-03', '4', 'Comidas', 1, '', 22, 1);
INSERT INTO django_admin_log VALUES (50, '2015-10-25 18:19:07.418-03', '5', 'Cigarrillos', 1, '', 22, 1);
INSERT INTO django_admin_log VALUES (51, '2015-10-25 18:20:09.203-03', '1', 'Cerveza', 1, '', 27, 1);
INSERT INTO django_admin_log VALUES (52, '2015-10-25 18:23:12.797-03', '1', 'Cerveza', 2, 'Aadido/a "PrecioProducto object" precio producto.', 27, 1);
INSERT INTO django_admin_log VALUES (54, '2015-10-25 18:32:33.334-03', '2', 'Cerveza', 1, '', 27, 1);
INSERT INTO django_admin_log VALUES (55, '2015-10-25 18:34:34.035-03', '2', 'Cerveza', 2, 'Aadido/a "PrecioProducto object" precio producto. Modificados activo para "PrecioProducto object" precio producto.', 27, 1);
INSERT INTO django_admin_log VALUES (56, '2015-10-25 18:37:51.304-03', '3', 'Insumos', 1, '', 41, 1);
INSERT INTO django_admin_log VALUES (58, '2015-10-25 18:38:26.944-03', '3', 'Papa frita', 1, '', 27, 1);
INSERT INTO django_admin_log VALUES (59, '2015-10-25 18:40:58.399-03', '4', 'Cerveza', 1, '', 27, 1);
INSERT INTO django_admin_log VALUES (60, '2015-10-25 18:43:09.558-03', '2', 'Cajero', 1, '', 3, 1);
INSERT INTO django_admin_log VALUES (61, '2015-10-25 18:43:56.557-03', '3', 'Depositero', 1, '', 3, 1);
INSERT INTO django_admin_log VALUES (62, '2015-10-25 18:44:22.715-03', '4', 'Barman', 1, '', 3, 1);
INSERT INTO django_admin_log VALUES (63, '2015-10-25 18:44:36.423-03', '5', 'Cocinero', 1, '', 3, 1);
INSERT INTO django_admin_log VALUES (64, '2015-10-25 18:52:34.404-03', '1', 'Laser Import', 1, '', 23, 1);
INSERT INTO django_admin_log VALUES (69, '2015-10-30 22:53:01.517-03', '5', 'Milanesas de pollo', 1, '', 27, 1);
INSERT INTO django_admin_log VALUES (70, '2015-11-01 21:08:08.512-03', '3', 'Diego Ruiz Diaz', 1, '', 11, 1);
INSERT INTO django_admin_log VALUES (71, '2015-11-01 21:11:51.804-03', '1', 'Frente escenario', 1, '', 37, 1);
INSERT INTO django_admin_log VALUES (72, '2015-11-01 21:11:55.122-03', '1', 'Mesa 1', 1, '', 36, 1);
INSERT INTO django_admin_log VALUES (73, '2015-11-01 21:12:07.147-03', '5', 'Reserva de Mesa', 1, '', 12, 1);
INSERT INTO django_admin_log VALUES (74, '2015-11-01 21:15:32.777-03', '2', 'Rodrigo Riveros', 1, '', 14, 1);
INSERT INTO django_admin_log VALUES (75, '2015-11-02 02:22:12.063-03', '1', 'Luis Solis', 2, 'Eliminado/a "2890712" empleado documento.', 14, 1);
INSERT INTO django_admin_log VALUES (76, '2015-11-02 02:22:33.405-03', '1', 'Luis Solis', 2, 'Aadido/a "2412356-6" empleado documento.', 14, 1);
INSERT INTO django_admin_log VALUES (77, '2015-11-06 22:55:06.042-03', '2', 'Guaranies', 1, '', 43, 1);
INSERT INTO django_admin_log VALUES (78, '2015-11-06 22:55:29.489-03', '3', 'Dlares americanos', 1, '', 43, 1);
INSERT INTO django_admin_log VALUES (79, '2015-11-06 23:04:30.51-03', '6', 'Cotizacion object', 1, '', 44, 1);
INSERT INTO django_admin_log VALUES (80, '2015-11-06 23:04:54.569-03', '7', 'Cotizacion object', 1, '', 44, 1);
INSERT INTO django_admin_log VALUES (81, '2015-11-07 11:33:54.735-03', '2', '595', 1, '', 45, 1);
INSERT INTO django_admin_log VALUES (83, '2015-11-07 11:39:53.808-03', '2', 'Laser Import', 1, '', 23, 1);
INSERT INTO django_admin_log VALUES (86, '2015-11-07 11:45:32.735-03', '3', 'Casa Imperial', 1, '', 23, 1);
INSERT INTO django_admin_log VALUES (87, '2015-11-07 13:50:10.817-03', '4', 'Laser Import', 1, '', 23, 1);
INSERT INTO django_admin_log VALUES (88, '2015-11-07 13:53:20.914-03', '5', 'Casa Imperial', 1, '', 23, 1);
INSERT INTO django_admin_log VALUES (90, '2015-11-07 13:55:38.966-03', '4', 'Laser Import', 2, 'Aadido/a "TelefonoProveedor object" telefono proveedor.', 23, 1);
INSERT INTO django_admin_log VALUES (93, '2015-11-07 14:04:40.295-03', '5', 'Casa Imperial', 2, 'Aadido/a "TelefonoProveedor object" telefono proveedor. Aadido/a "TelefonoProveedor object" telefono proveedor. Aadido/a "TelefonoProveedor object" telefono proveedor. Aadido/a "TelefonoProveedor object" telefono proveedor.', 23, 1);
INSERT INTO django_admin_log VALUES (94, '2015-11-08 12:18:11.131-03', '1', 'Contado', 1, '', 51, 1);
INSERT INTO django_admin_log VALUES (95, '2015-11-08 12:18:49.165-03', '2', 'Credito', 1, '', 51, 1);
INSERT INTO django_admin_log VALUES (96, '2015-11-08 12:34:36.625-03', '1', 'Contado - 0', 2, 'No ha cambiado ningn campo.', 51, 1);
INSERT INTO django_admin_log VALUES (97, '2015-11-08 12:34:45.233-03', '3', 'Credito - 60', 1, '', 51, 1);
INSERT INTO django_admin_log VALUES (98, '2015-11-08 18:07:16.022-03', '11', 'CERVEPAR S.A.', 1, '', 23, 1);
INSERT INTO django_admin_log VALUES (99, '2015-11-08 18:47:09.172-03', '6', 'Cerveza', 1, '', 27, 1);
INSERT INTO django_admin_log VALUES (101, '2015-11-08 21:31:52.705-03', '7', 'Cerveza - Pilsen', 1, '', 27, 1);
INSERT INTO django_admin_log VALUES (102, '2015-11-08 21:32:23.93-03', '7', 'Cerveza - Pilsen''i', 2, 'Modificado/a marca.', 27, 1);
INSERT INTO django_admin_log VALUES (106, '2015-11-08 22:37:27.582-03', '12', 'Euroimport S.R.L.', 1, '', 23, 1);
INSERT INTO django_admin_log VALUES (109, '2015-11-13 20:05:32.312-03', '4', 'Rocio Sanabria', 1, '', 11, 1);
INSERT INTO django_admin_log VALUES (110, '2015-11-13 20:17:16.349-03', '13', 'AJ Vierci', 1, '', 23, 1);
INSERT INTO django_admin_log VALUES (112, '2015-11-15 11:50:12.19-03', '1', 'Raquel Cogliolo', 2, 'Aadido/a "TelefonoCliente object" telefono cliente. Aadido/a "TelefonoMovilCliente object" telefono movil cliente. Eliminado/a "CI - Cedula de Identidad - 2441658" cliente documento. Eliminado/a "RUC - Registro Unico del Contribuyente - 2441658-4" cliente documento.', 11, 1);
INSERT INTO django_admin_log VALUES (113, '2015-11-15 11:52:29.984-03', '1', 'Raquel Cogliolo', 2, 'Aadido/a "TelefonoCliente object" telefono cliente. Aadido/a "TelefonoMovilCliente object" telefono movil cliente. Eliminado/a "TelefonoMovilCliente object" telefono movil cliente.', 11, 1);
INSERT INTO django_admin_log VALUES (114, '2015-12-10 16:43:15.315-03', '5', 'Antonio Silva', 1, '', 11, 1);
INSERT INTO django_admin_log VALUES (115, '2015-12-10 16:43:41.087-03', '5', 'Antonio Silva', 3, '', 11, 1);
INSERT INTO django_admin_log VALUES (116, '2015-12-10 16:43:57.273-03', '3', 'Diego Ruiz Diaz', 3, '', 11, 1);
INSERT INTO django_admin_log VALUES (117, '2015-12-10 16:45:37.813-03', '6', 'Sandra Lpez', 1, '', 11, 1);
INSERT INTO django_admin_log VALUES (118, '2015-12-10 17:54:28.894-03', '6', 'Sandra Lpez', 2, 'Aadido/a "ClienteTelefono object" cliente telefono. Eliminado/a "RUC - Registro Unico del Contribuyente - 2456179-8" cliente documento.', 11, 1);
INSERT INTO django_admin_log VALUES (119, '2015-12-10 17:55:44.433-03', '6', 'Sandra Lpez', 2, 'Aadido/a "CI - Cedula de Identidad - 4536178" cliente documento.', 11, 1);
INSERT INTO django_admin_log VALUES (120, '2015-12-10 17:56:33.592-03', '6', 'Sandra Lpez', 2, 'Aadido/a "ClienteTelefono object" cliente telefono. Aadido/a "RUC - Registro Unico del Contribuyente - 4536178-6" cliente documento. Eliminado/a "CI - Cedula de Identidad - 4536178" cliente documento.', 11, 1);
INSERT INTO django_admin_log VALUES (121, '2015-12-10 17:59:17.762-03', '2', 'Eva Cogliolo', 2, 'Aadido/a "ClienteTelefono object" cliente telefono.', 11, 1);
INSERT INTO django_admin_log VALUES (122, '2015-12-10 18:12:56.653-03', '1', 'Raquel Cogliolo', 2, 'Aadido/a "ClienteTelefono object" cliente telefono. Aadido/a "CI - Cedula de Identidad - 2441658" cliente documento.', 11, 1);
INSERT INTO django_admin_log VALUES (123, '2015-12-10 18:14:03.127-03', '1', 'Raquel Cogliolo', 2, 'Aadido/a "ClienteTelefono object" cliente telefono.', 11, 1);
INSERT INTO django_admin_log VALUES (124, '2015-12-10 18:20:57.43-03', '7', 'Carmen Brizuela', 1, '', 11, 1);
INSERT INTO django_admin_log VALUES (125, '2015-12-10 18:21:44.58-03', '7', 'Carmen Brizuela', 2, 'Eliminado/a "ClienteTelefono object" cliente telefono.', 11, 1);
INSERT INTO django_admin_log VALUES (126, '2015-12-10 18:21:55.546-03', '7', 'Carmen Brizuela', 2, 'Eliminado/a "CI - Cedula de Identidad - 241567" cliente documento.', 11, 1);
INSERT INTO django_admin_log VALUES (127, '2015-12-10 18:24:45.407-03', '3', 'Juan Ayala', 1, '', 14, 1);
INSERT INTO django_admin_log VALUES (128, '2015-12-10 18:40:37.15-03', '1', 'Raquel Cogliolo', 2, 'Aadido/a "RUC - Registro Unico del Contribuyente - 2441658-6" cliente documento.', 11, 1);
INSERT INTO django_admin_log VALUES (129, '2015-12-11 09:27:28.727-03', '7', 'Carmen Brizuela', 2, 'Aadido/a "ClienteTelefono object" cliente telefono. Aadido/a "CI - Cedula de Identidad - 223157" cliente documento.', 11, 1);
INSERT INTO django_admin_log VALUES (131, '2015-12-11 10:00:08.055-03', '8', 'Federico Franco', 1, '', 11, 1);
INSERT INTO django_admin_log VALUES (132, '2015-12-11 11:02:02.051-03', '1', 'Paraguay', 1, '', 56, 1);
INSERT INTO django_admin_log VALUES (133, '2015-12-11 11:02:11.932-03', '2', 'Argentina', 1, '', 56, 1);
INSERT INTO django_admin_log VALUES (134, '2015-12-11 11:02:21.482-03', '3', 'Brasil', 1, '', 56, 1);
INSERT INTO django_admin_log VALUES (135, '2015-12-11 11:02:28.29-03', '1', 'Asuncion', 1, '', 57, 1);
INSERT INTO django_admin_log VALUES (136, '2015-12-11 11:21:20.014-03', '9', 'Horacio Cartes', 1, '', 11, 1);
INSERT INTO django_admin_log VALUES (137, '2015-12-11 11:21:52.506-03', '9', 'Horacio Cartes', 2, 'Aadido/a "ClienteTelefono object" cliente telefono.', 11, 1);
INSERT INTO django_admin_log VALUES (138, '2015-12-11 11:23:48.046-03', '9', 'Horacio Cartes', 2, 'No ha cambiado ningn campo.', 11, 1);
INSERT INTO django_admin_log VALUES (139, '2015-12-11 11:24:07.946-03', '9', 'Horacio Cartes', 2, 'Eliminado/a "ClienteTelefono object" cliente telefono.', 11, 1);
INSERT INTO django_admin_log VALUES (140, '2015-12-11 11:27:32.857-03', '9', 'Horacio Cartes', 2, 'Aadido/a "ClienteTelefono object" cliente telefono.', 11, 1);
INSERT INTO django_admin_log VALUES (141, '2015-12-11 11:28:56.1-03', '9', 'Horacio Cartes', 2, 'Eliminado/a "ClienteTelefono object" cliente telefono.', 11, 1);
INSERT INTO django_admin_log VALUES (142, '2015-12-11 11:29:18.588-03', '9', 'Horacio Cartes', 2, 'Aadido/a "ClienteTelefono object" cliente telefono. Eliminado/a "CI - Cedula de Identidad - 1866790" cliente documento.', 11, 1);
INSERT INTO django_admin_log VALUES (143, '2015-12-11 11:29:45.038-03', '9', 'Horacio Cartes', 2, 'Aadido/a "RUC - Registro Unico del Contribuyente - 886573-5" cliente documento.', 11, 1);
INSERT INTO django_admin_log VALUES (144, '2015-12-11 11:30:20.773-03', '9', 'Horacio Cartes', 2, 'No ha cambiado ningn campo.', 11, 1);
INSERT INTO django_admin_log VALUES (145, '2015-12-11 11:55:46.956-03', '2', 'Fdo. de la Mora', 1, '', 57, 1);
INSERT INTO django_admin_log VALUES (146, '2015-12-11 12:00:44.538-03', '3', 'San Antonio', 1, '', 57, 1);
INSERT INTO django_admin_log VALUES (147, '2015-12-11 12:00:50.554-03', '9', 'Horacio Cartes', 2, 'Modificado/a ciudad.', 11, 1);
INSERT INTO django_admin_log VALUES (148, '2015-12-11 12:01:37.534-03', '8', 'Federico Franco', 2, 'Modificado/a ciudad.', 11, 1);
INSERT INTO django_admin_log VALUES (149, '2015-12-11 12:01:46.623-03', '9', 'Horacio Cartes', 2, 'Modificado/a ciudad.', 11, 1);
INSERT INTO django_admin_log VALUES (150, '2015-12-11 12:03:31.275-03', '8', 'Federico Franco', 2, 'No ha cambiado ningn campo.', 11, 1);
INSERT INTO django_admin_log VALUES (151, '2015-12-11 12:03:42.924-03', '7', 'Carmen Brizuela', 2, 'Modificado/a ciudad.', 11, 1);
INSERT INTO django_admin_log VALUES (152, '2015-12-11 12:04:38.593-03', '4', 'Lambare', 1, '', 57, 1);
INSERT INTO django_admin_log VALUES (153, '2015-12-11 12:05:00.061-03', '6', 'Sandra Lpez', 2, 'Modificado/a ciudad. Eliminado/a "ClienteTelefono object" cliente telefono.', 11, 1);
INSERT INTO django_admin_log VALUES (154, '2015-12-11 12:05:29.634-03', '4', 'Rocio Sanabria', 2, 'Modificado/a ciudad. Aadido/a "ClienteTelefono object" cliente telefono.', 11, 1);
INSERT INTO django_admin_log VALUES (155, '2015-12-11 12:05:56.494-03', '2', 'Eva Cogliolo', 2, 'Modificado/a ciudad.', 11, 1);
INSERT INTO django_admin_log VALUES (156, '2015-12-11 12:06:18.334-03', '1', 'Raquel Cogliolo', 2, 'Modificado/a ciudad.', 11, 1);
INSERT INTO django_admin_log VALUES (157, '2015-12-11 12:50:08.77-03', '3', 'fmolas', 1, '', 4, 1);
INSERT INTO django_admin_log VALUES (158, '2015-12-11 12:53:15.517-03', '3', 'fmolas', 2, 'Modificado/a is_staff.', 4, 1);
INSERT INTO django_admin_log VALUES (159, '2015-12-11 13:31:54.016-03', '5', 'Limpio', 1, '', 57, 1);
INSERT INTO django_admin_log VALUES (160, '2015-12-11 13:33:04.771-03', '10', 'Jorge Recalde', 1, '', 11, 1);
INSERT INTO django_admin_log VALUES (161, '2015-12-11 13:33:27.842-03', '10', 'Jorge Recalde', 2, 'Eliminado/a "ClienteTelefono object" cliente telefono.', 11, 1);
INSERT INTO django_admin_log VALUES (162, '2015-12-11 13:33:45.23-03', '10', 'Jorge Recalde', 2, 'Aadido/a "ClienteTelefono object" cliente telefono. Eliminado/a "CI - Cedula de Identidad - 4456178" cliente documento.', 11, 1);
INSERT INTO django_admin_log VALUES (163, '2015-12-11 13:34:06.999-03', '10', 'Jorge Recalde', 2, 'Aadido/a "CI - Cedula de Identidad - 4819287" cliente documento.', 11, 1);
INSERT INTO django_admin_log VALUES (164, '2015-12-11 13:36:12.569-03', '10', 'Jorge Recalde', 2, 'No ha cambiado ningn campo.', 11, 1);
INSERT INTO django_admin_log VALUES (165, '2015-12-11 13:36:25.625-03', '10', 'Jorge Recalde', 2, 'Modificado/a fecha_nacimiento.', 11, 1);
INSERT INTO django_admin_log VALUES (166, '2015-12-11 13:39:08.121-03', '6', 'Capiata', 1, '', 57, 1);
INSERT INTO django_admin_log VALUES (167, '2015-12-11 13:42:02.027-03', '3', 'Juan Ayala', 2, 'Modificado/a ciudad. Eliminado/a "Juan Ayala - 595 - Paraguay 981 - Telefonia movil 334567" empleado telefono.', 14, 1);
INSERT INTO django_admin_log VALUES (168, '2015-12-11 13:43:29.491-03', '3', 'Juan Ayala', 2, 'Aadido/a "Juan Ayala - 595 - Paraguay 983 - Telefonia movil 334567" empleado telefono.', 14, 1);
INSERT INTO django_admin_log VALUES (169, '2015-12-11 13:43:44.542-03', '3', 'Juan Ayala', 2, 'Eliminado/a "CI - Cedula de Identidad - 4113410" empleado documento.', 14, 1);
INSERT INTO django_admin_log VALUES (170, '2015-12-11 13:44:23.235-03', '3', 'Juan Ayala', 2, 'Aadido/a "CI - Cedula de Identidad - 4113410" empleado documento.', 14, 1);
INSERT INTO django_admin_log VALUES (171, '2015-12-11 13:45:19.222-03', '7', 'San Lorenzo', 1, '', 57, 1);
INSERT INTO django_admin_log VALUES (172, '2015-12-11 13:52:51.045-03', '4', 'Rodrigo Burgos', 1, '', 14, 1);
INSERT INTO django_admin_log VALUES (173, '2015-12-11 13:53:12.37-03', '4', 'Rodrigo Burgos', 2, 'Modificado/a email.', 14, 1);
INSERT INTO django_admin_log VALUES (174, '2015-12-11 13:53:22.969-03', '4', 'Rodrigo Burgos', 2, 'Eliminado/a "Rodrigo Burgos - 595 - Paraguay 983 - Telefonia movil 982231" empleado telefono. Eliminado/a "CI - Cedula de Identidad - 2889735" empleado documento.', 14, 1);
INSERT INTO django_admin_log VALUES (175, '2015-12-11 13:54:10.445-03', '4', 'Rodrigo Burgos', 2, 'Aadido/a "Rodrigo Burgos - 595 - Paraguay 981 - Telefonia movil 778689" empleado telefono. Aadido/a "RUC - Registro Unico del Contribuyente - 2667289-4" empleado documento.', 14, 1);
INSERT INTO django_admin_log VALUES (176, '2015-12-11 14:10:55.894-03', '4', 'Rodrigo Burgos', 2, 'No ha cambiado ningn campo.', 14, 1);
INSERT INTO django_admin_log VALUES (177, '2015-12-11 15:34:52.422-03', '1', 'Mozo', 1, '', 26, 1);
INSERT INTO django_admin_log VALUES (178, '2015-12-11 15:35:00.018-03', '2', 'Barman', 1, '', 26, 1);
INSERT INTO django_admin_log VALUES (179, '2015-12-11 15:35:44.063-03', '3', 'Cajero', 1, '', 26, 1);
INSERT INTO django_admin_log VALUES (180, '2015-12-11 15:35:54.684-03', '4', 'Cocinero', 1, '', 26, 1);
INSERT INTO django_admin_log VALUES (181, '2015-12-11 15:36:04.3-03', '5', 'Depositero', 1, '', 26, 1);
INSERT INTO django_admin_log VALUES (182, '2015-12-11 15:40:40.673-03', '3', 'Juan Ayala', 2, 'Modificado/a cargo.', 14, 1);
INSERT INTO django_admin_log VALUES (183, '2015-12-11 15:40:54.309-03', '4', 'Rodrigo Burgos', 2, 'Modificado/a cargo.', 14, 1);
INSERT INTO django_admin_log VALUES (184, '2015-12-11 15:45:18.852-03', '1', 'Moz@', 2, 'Modificado/a cargo.', 26, 1);
INSERT INTO django_admin_log VALUES (185, '2015-12-11 15:45:39.363-03', '3', 'Cajer@', 2, 'Modificado/a cargo.', 26, 1);
INSERT INTO django_admin_log VALUES (186, '2015-12-11 15:45:48.529-03', '4', 'Cociner@', 2, 'Modificado/a cargo.', 26, 1);
INSERT INTO django_admin_log VALUES (187, '2015-12-11 15:45:56.793-03', '5', 'Depositer@', 2, 'Modificado/a cargo.', 26, 1);
INSERT INTO django_admin_log VALUES (188, '2015-12-11 15:46:13.31-03', '2', 'Barman/Barwoman', 2, 'Modificado/a cargo.', 26, 1);
INSERT INTO django_admin_log VALUES (189, '2015-12-11 15:54:43.194-03', '5', 'Rosa Martinez', 1, '', 14, 1);
INSERT INTO django_admin_log VALUES (190, '2015-12-11 15:55:06.698-03', '5', 'Rosa Martinez', 2, 'Eliminado/a "Rosa Martinez - 595 - Paraguay 991 - Telefonia movil 551290" empleado telefono.', 14, 1);
INSERT INTO django_admin_log VALUES (191, '2015-12-11 15:55:27.012-03', '5', 'Rosa Martinez', 2, 'Aadido/a "Rosa Martinez - 595 - Paraguay 991 - Telefonia movil 551290" empleado telefono. Eliminado/a "PAS - Pasaporte - 1232108936" empleado documento.', 14, 1);
INSERT INTO django_admin_log VALUES (192, '2015-12-11 15:55:51.398-03', '5', 'Rosa Martinez', 2, 'Aadido/a "PAS - Pasaporte - 1232108936" empleado documento.', 14, 1);
INSERT INTO django_admin_log VALUES (193, '2015-12-11 16:12:46.558-03', '5', 'Rosa Martinez', 2, 'Modificado/a barrio.', 14, 1);
INSERT INTO django_admin_log VALUES (194, '2015-12-11 16:13:08.874-03', '4', 'Rodrigo Burgos', 2, 'Modificado/a barrio.', 14, 1);
INSERT INTO django_admin_log VALUES (195, '2015-12-11 16:13:24.413-03', '3', 'Juan Ayala', 2, 'Modificado/a barrio.', 14, 1);
INSERT INTO django_admin_log VALUES (196, '2015-12-11 16:27:13.957-03', '10', 'Jorge Recalde', 2, 'Modificado/a fecha_nacimiento.', 11, 1);
INSERT INTO django_admin_log VALUES (197, '2015-12-11 16:27:24.45-03', '10', 'Jorge Recalde', 2, 'Eliminado/a "ClienteTelefono object" cliente telefono. Eliminado/a "CI - Cedula de Identidad - 4819287" cliente documento.', 11, 1);
INSERT INTO django_admin_log VALUES (198, '2015-12-11 16:32:19.572-03', '10', 'Jorge Recalde', 2, 'Aadido/a "Jorge Recalde - 595 - Paraguay 971 - Telefonia movil 966153" cliente telefono. Aadido/a "CI - Cedula de Identidad - 4456178" cliente documento.', 11, 1);
INSERT INTO django_admin_log VALUES (199, '2015-12-11 16:32:57.593-03', '10', 'Jorge Recalde', 2, 'Eliminado/a "Jorge Recalde - 595 - Paraguay 971 - Telefonia movil 966153" cliente telefono. Eliminado/a "CI - Cedula de Identidad - 4456178" cliente documento.', 11, 1);
INSERT INTO django_admin_log VALUES (200, '2015-12-11 16:34:34.482-03', '10', 'Jorge Recalde', 2, 'Aadido/a "Jorge Recalde - 595 - Paraguay - 971 - Telefonia movil - 966153" cliente telefono. Aadido/a "CI - Cedula de Identidad - 4536178" cliente documento.', 11, 1);
INSERT INTO django_admin_log VALUES (201, '2015-12-11 16:34:43.505-03', '10', 'Jorge Recalde', 2, 'Eliminado/a "Jorge Recalde - 595 - Paraguay - 971 - Telefonia movil - 966153" cliente telefono.', 11, 1);
INSERT INTO django_admin_log VALUES (202, '2015-12-11 16:35:14.145-03', '10', 'Jorge Recalde', 2, 'Aadido/a "Jorge Recalde - 595 - Paraguay - 971 - Telefonia movil - 966153" cliente telefono.', 11, 1);
INSERT INTO django_admin_log VALUES (203, '2015-12-11 16:35:41.151-03', '5', 'Rosa Martinez', 2, 'Eliminado/a "Rosa Martinez - 595 - Paraguay - 991 - Telefonia movil - 551290" empleado telefono.', 14, 1);
INSERT INTO django_admin_log VALUES (204, '2015-12-11 16:36:04.503-03', '5', 'Rosa Martinez', 2, 'Aadido/a "Rosa Martinez - 595 - Paraguay - 983 - Telefonia movil - 551290" empleado telefono.', 14, 1);
INSERT INTO django_admin_log VALUES (205, '2015-12-15 09:23:32.527-03', '11', 'Fabiana Ramirez', 1, '', 11, 1);
INSERT INTO django_admin_log VALUES (206, '2015-12-15 09:24:03.168-03', '11', 'Fabiana Ramirez', 2, 'Eliminado/a "Fabiana Ramirez - 595 - Paraguay - 981 - Telefonia movil - 918271" cliente telefono.', 11, 1);
INSERT INTO django_admin_log VALUES (207, '2015-12-15 09:24:22.926-03', '11', 'Fabiana Ramirez', 2, 'Aadido/a "Fabiana Ramirez - 595 - Paraguay - 971 - Telefonia movil - 918271" cliente telefono. Eliminado/a "CI - Cedula de Identidad - 2461797" cliente documento.', 11, 1);
INSERT INTO django_admin_log VALUES (208, '2015-12-15 09:25:23.714-03', '11', 'Fabiana Ramirez', 2, 'Aadido/a "CI - Cedula de Identidad - 2461797" cliente documento.', 11, 1);
INSERT INTO django_admin_log VALUES (209, '2015-12-15 09:29:22.391-03', '4', 'Completa', 1, '', 15, 1);
INSERT INTO django_admin_log VALUES (210, '2015-12-15 09:29:41.553-03', '4', 'Completo', 2, 'Modificado/a horario.', 15, 1);
INSERT INTO django_admin_log VALUES (211, '2015-12-15 09:30:41.187-03', '6', 'Carlos Balbuena', 1, '', 14, 1);
INSERT INTO django_admin_log VALUES (212, '2015-12-15 09:31:01.846-03', '6', 'Carlos Balbuena', 2, 'Eliminado/a "Carlos Balbuena - 595 - Paraguay - 961 - Telefonia movil - 331589" empleado telefono.', 14, 1);
INSERT INTO django_admin_log VALUES (213, '2015-12-15 09:31:47.223-03', '6', 'Carlos Balbuena', 2, 'Aadido/a "Carlos Balbuena - 595 - Paraguay - 983 - Telefonia movil - 331589" empleado telefono. Eliminado/a "CI - Cedula de Identidad - 3681098" empleado documento.', 14, 1);
INSERT INTO django_admin_log VALUES (214, '2015-12-15 09:32:24.413-03', '6', 'Carlos Balbuena', 2, 'Aadido/a "RUC - Registro Unico del Contribuyente - 3681098-7" empleado documento.', 14, 1);
INSERT INTO django_admin_log VALUES (215, '2015-12-15 09:36:00.781-03', '7', 'Blas Riveros', 1, '', 14, 1);
INSERT INTO django_admin_log VALUES (216, '2015-12-15 09:36:56.452-03', '7', 'Blas Riveros', 2, 'Modificado/a email.', 14, 1);
INSERT INTO django_admin_log VALUES (217, '2015-12-15 09:49:44.189-03', '4', 'Barman', 2, 'Modificado/a permissions.', 3, 1);
INSERT INTO django_admin_log VALUES (218, '2015-12-15 09:51:50.77-03', '3', 'Depositero', 2, 'Modificado/a permissions.', 3, 1);
INSERT INTO django_admin_log VALUES (219, '2015-12-15 09:53:18.474-03', '5', 'Cocinero', 2, 'Modificado/a permissions.', 3, 1);
INSERT INTO django_admin_log VALUES (220, '2015-12-15 14:21:57.338-03', '11', 'Fabiana Ramirez', 2, 'Eliminado/a "Fabiana Ramirez - 595 - Paraguay - 971 - Telefonia movil - 918271" cliente telefono.', 11, 1);
INSERT INTO django_admin_log VALUES (221, '2015-12-15 14:31:46.721-03', '11', 'Fabiana Ramirez', 2, 'Aadido/a "Fabiana Ramirez - 595 - Paraguay - 971 - Telefonia movil - 918271" cliente telefono.', 11, 1);
INSERT INTO django_admin_log VALUES (222, '2015-12-15 14:31:54.962-03', '11', 'Fabiana Ramirez', 2, 'Eliminado/a "CI - Cedula de Identidad - 2461797" cliente documento.', 11, 1);
INSERT INTO django_admin_log VALUES (223, '2015-12-15 14:32:28.468-03', '11', 'Fabiana Ramirez', 2, 'Aadido/a "CI - Cedula de Identidad - 2461797" cliente documento.', 11, 1);
INSERT INTO django_admin_log VALUES (224, '2015-12-15 15:13:11.849-03', '7', 'Blas Riveros', 2, 'No ha cambiado ningn campo.', 14, 1);
INSERT INTO django_admin_log VALUES (225, '2015-12-15 15:30:52.63-03', '6', 'Carlos Balbuena', 2, 'Modificado/a salario.', 14, 1);
INSERT INTO django_admin_log VALUES (226, '2015-12-15 15:31:05.15-03', '6', 'Carlos Balbuena', 2, 'No ha cambiado ningn campo.', 14, 1);
INSERT INTO django_admin_log VALUES (227, '2015-12-15 15:32:37.003-03', '6', 'Carlos Balbuena', 2, 'Modificado/a salario.', 14, 1);
INSERT INTO django_admin_log VALUES (228, '2015-12-15 15:32:49.511-03', '6', 'Carlos Balbuena', 2, 'Modificado/a salario.', 14, 1);
INSERT INTO django_admin_log VALUES (229, '2015-12-15 15:33:20.171-03', '6', 'Carlos Balbuena', 2, 'No ha cambiado ningn campo.', 14, 1);
INSERT INTO django_admin_log VALUES (230, '2015-12-15 15:35:03.175-03', '6', 'Carlos Balbuena', 2, 'No ha cambiado ningn campo.', 14, 1);
INSERT INTO django_admin_log VALUES (231, '2015-12-15 15:50:56.352-03', '6', 'Carlos Balbuena', 2, 'No ha cambiado ningn campo.', 14, 1);
INSERT INTO django_admin_log VALUES (232, '2015-12-15 16:28:34.445-03', '8', 'Silvino Cuevas', 1, '', 14, 1);
INSERT INTO django_admin_log VALUES (233, '2015-12-15 16:29:01.952-03', '8', 'Silvino Cuevas', 2, 'Modificado/a salario.', 14, 1);
INSERT INTO django_admin_log VALUES (234, '2015-12-15 16:30:05.09-03', '11', 'Fabiana Ramirez', 2, 'No ha cambiado ningn campo.', 11, 1);
INSERT INTO django_admin_log VALUES (235, '2015-12-15 16:31:28.333-03', '12', 'Alejandro Cespedes', 1, '', 11, 1);
INSERT INTO django_admin_log VALUES (236, '2015-12-15 16:34:22.417-03', '2', 'Sector elevado', 1, '', 37, 1);
INSERT INTO django_admin_log VALUES (237, '2015-12-15 16:34:25.503-03', '2', 'Mesa 2', 1, '', 36, 1);
INSERT INTO django_admin_log VALUES (238, '2015-12-15 16:34:44.275-03', '6', 'Reserva de Mesa para Alejandro Cespedes', 1, '', 12, 1);
INSERT INTO django_admin_log VALUES (239, '2015-12-15 16:44:14.024-03', '7', 'Reserva de Mesa para Rocio Sanabria', 1, '', 12, 1);
INSERT INTO django_admin_log VALUES (240, '2015-12-15 16:44:23.962-03', '6', 'Reserva de Mesa para Alejandro Cespedes', 2, 'Modificado/a estado.', 12, 1);
INSERT INTO django_admin_log VALUES (241, '2015-12-15 16:44:54.126-03', '6', 'Reserva de Mesa para Alejandro Cespedes', 2, 'Modificado/a pago.', 12, 1);
INSERT INTO django_admin_log VALUES (242, '2015-12-15 16:45:33.147-03', '6', 'Reserva de Mesa para Alejandro Cespedes', 2, 'Modificado/a cliente.', 12, 1);
INSERT INTO django_admin_log VALUES (243, '2015-12-15 16:49:04.215-03', '3', 'U - Utilizada', 1, '', 7, 1);
INSERT INTO django_admin_log VALUES (244, '2015-12-15 16:49:27.457-03', '6', 'Reserva de Mesa para Alejandro Cespedes', 2, 'Modificado/a estado.', 12, 1);
INSERT INTO django_admin_log VALUES (245, '2015-12-15 16:49:41.297-03', '6', 'Reserva de Mesa para Alejandro Cespedes', 2, 'Modificado/a fecha_hora.', 12, 1);
INSERT INTO django_admin_log VALUES (246, '2015-12-16 11:44:16.871-03', '6', 'Carlos Balbuena', 2, 'Modificado/a salario.', 14, 1);
INSERT INTO django_admin_log VALUES (248, '2015-12-16 11:56:33.692-03', '9', 'Osvaldo Fernandez', 1, '', 14, 1);
INSERT INTO django_admin_log VALUES (249, '2015-12-16 11:57:05.336-03', '9', 'Osvaldo Fernandez', 2, 'Eliminado/a "Osvaldo Fernandez - 595 - Paraguay - 992 - Telefonia movil - 489901" empleado telefono.', 14, 1);
INSERT INTO django_admin_log VALUES (250, '2015-12-16 11:57:46.053-03', '9', 'Osvaldo Fernandez', 2, 'Modificado/a codigo_venta. Aadido/a "Osvaldo Fernandez - 595 - Paraguay - 983 - Telefonia movil - 489901" empleado telefono.', 14, 1);
INSERT INTO django_admin_log VALUES (251, '2015-12-16 11:58:15.964-03', '9', 'Osvaldo Fernandez', 2, 'Modificado/a cargo.', 14, 1);
INSERT INTO django_admin_log VALUES (252, '2015-12-16 11:59:07.46-03', '9', 'Osvaldo Fernandez', 2, 'Modificado/a horario.', 14, 1);
INSERT INTO django_admin_log VALUES (253, '2015-12-16 15:05:25.226-03', '12', 'Alejandro Cespedes', 2, 'Modificado/a fecha_nacimiento y direccion. Aadido/a "Alejandro Cespedes - 595 - Paraguay - 981 - Telefonia movil - 844590" cliente telefono. Aadido/a "RUC - Registro Unico del Contribuyente - 4561790-8" cliente documento.', 11, 1);
INSERT INTO django_admin_log VALUES (254, '2015-12-16 15:06:46.095-03', '1', 'Luque', 2, 'Modificado/a ciudad.', 57, 1);
INSERT INTO django_admin_log VALUES (255, '2015-12-16 15:09:31.788-03', '13', 'Jos Leguizamn', 1, '', 11, 1);
INSERT INTO django_admin_log VALUES (256, '2015-12-16 15:10:07.425-03', '3', 'CL - Clausurada', 1, '', 9, 1);
INSERT INTO django_admin_log VALUES (257, '2015-12-16 15:17:11.015-03', '3', '54 - Argentina', 1, '', 45, 1);
INSERT INTO django_admin_log VALUES (258, '2015-12-16 15:18:14.204-03', '4', '55 - Brasil', 1, '', 45, 1);
INSERT INTO django_admin_log VALUES (259, '2015-12-16 15:19:54.124-03', '5', '56 - Chile', 1, '', 45, 1);
INSERT INTO django_admin_log VALUES (260, '2015-12-16 15:28:28.187-03', '2', '6900 - PYG', 2, 'Modificado/a abreviacion_moneda.', 43, 1);
INSERT INTO django_admin_log VALUES (261, '2015-12-16 15:28:45.436-03', '3', '1 - USD', 2, 'Modificado/a abreviacion_moneda.', 43, 1);
INSERT INTO django_admin_log VALUES (262, '2015-12-16 15:34:11.387-03', '2', '600 - PYG', 2, 'Modificado/a codigo_moneda.', 43, 1);
INSERT INTO django_admin_log VALUES (263, '2015-12-16 15:34:29.236-03', '3', '840 - USD', 2, 'Modificado/a codigo_moneda.', 43, 1);
INSERT INTO django_admin_log VALUES (264, '2015-12-16 15:35:13.468-03', '4', '32 - ARS', 1, '', 43, 1);
INSERT INTO django_admin_log VALUES (265, '2015-12-16 15:35:41.802-03', '3', '840 - USD', 2, 'Modificado/a moneda.', 43, 1);
INSERT INTO django_admin_log VALUES (266, '2015-12-16 15:36:04.256-03', '2', '600 - PYG', 2, 'Modificado/a moneda.', 43, 1);
INSERT INTO django_admin_log VALUES (267, '2015-12-16 15:37:36.09-03', '8', '32 - ARS - 2015-12-16 15:36:19-03:00', 1, '', 44, 1);
INSERT INTO django_admin_log VALUES (268, '2015-12-16 15:38:06.663-03', '9', '840 - USD - 2015-12-16 15:37:40-03:00', 1, '', 44, 1);
INSERT INTO django_admin_log VALUES (269, '2015-12-16 15:51:40.329-03', '14', 'Unilever Paraguay', 1, '', 23, 1);
INSERT INTO django_admin_log VALUES (270, '2015-12-16 17:18:33.658-03', '1', 'Deposito Central', 1, '', 40, 1);
INSERT INTO django_admin_log VALUES (271, '2015-12-16 17:18:46.173-03', '2', 'Deposito Operativo', 1, '', 40, 1);
INSERT INTO django_admin_log VALUES (276, '2015-12-16 17:22:39.311-03', '1', 'Luque2', 2, 'Modificado/a ciudad.', 57, 1);
INSERT INTO django_admin_log VALUES (277, '2015-12-16 17:22:58.741-03', '1', 'Luque', 2, 'Modificado/a ciudad.', 57, 1);
INSERT INTO django_admin_log VALUES (278, '2015-12-16 17:23:18.448-03', '1', 'Asuncion', 2, 'Modificado/a ciudad.', 57, 1);
INSERT INTO django_admin_log VALUES (279, '2015-12-16 17:24:08.616-03', '14', 'Diego Ruiz Diaz', 1, '', 11, 1);
INSERT INTO django_admin_log VALUES (280, '2015-12-16 17:25:07.477-03', '14', 'Diego Ruiz Diaz', 2, 'Aadido/a "Diego Ruiz Diaz - 595 - Paraguay - 961 - Telefonia movil - 672423" Cliente - Telefono. Aadido/a "RUC - Registro Unico del Contribuyente - 2607843-5" Cliente - Documento.', 11, 1);
INSERT INTO django_admin_log VALUES (281, '2015-12-16 17:25:28.742-03', '1', 'Luque', 2, 'Modificado/a ciudad.', 57, 1);
INSERT INTO django_admin_log VALUES (282, '2015-12-16 17:25:31.599-03', '14', 'Diego Ruiz Diaz', 2, 'No ha cambiado ningn campo.', 11, 1);
INSERT INTO django_admin_log VALUES (283, '2015-12-16 17:25:50.316-03', '1', 'Asuncion', 2, 'Modificado/a ciudad.', 57, 1);
INSERT INTO django_admin_log VALUES (284, '2015-12-16 17:26:07.086-03', '14', 'Diego Ruiz Diaz', 2, 'No ha cambiado ningn campo.', 11, 1);
INSERT INTO django_admin_log VALUES (285, '2015-12-16 17:30:35.663-03', '6', 'Sandra Lopez', 2, 'Modificado/a apellidos.', 11, 1);
INSERT INTO django_admin_log VALUES (286, '2015-12-16 17:30:50.452-03', '13', 'Jose Leguizamon', 2, 'Modificado/a nombres y apellidos.', 11, 1);
INSERT INTO django_admin_log VALUES (287, '2015-12-16 17:31:59.37-03', '5', 'Limpio', 3, '', 57, 1);
INSERT INTO django_admin_log VALUES (288, '2015-12-16 17:45:28.496-03', '8', 'Limpio', 1, '', 57, 1);
INSERT INTO django_admin_log VALUES (289, '2015-12-16 17:46:38.608-03', '10', 'Elizabeth Delgado', 1, '', 14, 1);
INSERT INTO django_admin_log VALUES (290, '2015-12-16 17:50:55.246-03', '1', 'Barra Principal', 1, '', 39, 1);
INSERT INTO django_admin_log VALUES (291, '2015-12-16 17:51:00.058-03', '1', '1 - Barra Principal', 1, '', 38, 1);
INSERT INTO django_admin_log VALUES (292, '2015-12-16 17:51:23.355-03', '2', 'Barrita', 1, '', 39, 1);
INSERT INTO django_admin_log VALUES (293, '2015-12-16 17:51:32.763-03', '2', '2 - Barrita', 1, '', 38, 1);
INSERT INTO django_admin_log VALUES (294, '2015-12-16 19:31:41.067-03', '15', 'Francisco Salinas', 1, '', 11, 1);
INSERT INTO django_admin_log VALUES (295, '2015-12-16 19:32:29.5-03', '15', 'Francisco Salinas', 2, 'Eliminado/a "Francisco Salinas - 595 - Paraguay - 971 - Telefonia movil - 990886" Cliente - Telefono.', 11, 1);
INSERT INTO django_admin_log VALUES (296, '2015-12-16 19:33:10.321-03', '15', 'Francisco Salinas', 2, 'Aadido/a "Francisco Salinas - 595 - Paraguay - 971 - Telefonia movil - 990886" Cliente - Telefono.', 11, 1);
INSERT INTO django_admin_log VALUES (297, '2015-12-16 19:33:50.217-03', '15', 'Francisco Salinas', 2, 'No ha cambiado ningn campo.', 11, 1);
INSERT INTO django_admin_log VALUES (298, '2015-12-16 19:34:51.052-03', '15', 'Francisco Salinas', 2, 'Modificado/a ciudad y email.', 11, 1);
INSERT INTO django_admin_log VALUES (299, '2015-12-16 19:35:04.328-03', '15', 'Francisco Salinas', 3, '', 11, 1);
INSERT INTO django_admin_log VALUES (301, '2016-05-24 14:29:06.792-04', '17', 'Jorge Luis Santana Bentez', 1, '', 11, 1);
INSERT INTO django_admin_log VALUES (302, '2016-05-24 14:30:05.706-04', '17', 'Jorge Luis Santana Bentez', 2, 'Modificado/a direccion.', 11, 1);
INSERT INTO django_admin_log VALUES (303, '2016-05-24 15:02:43.865-04', '11', 'CERVEPAR S.A.', 2, 'Modificado/a fecha_alta_proveedor.', 23, 1);
INSERT INTO django_admin_log VALUES (304, '2016-05-24 15:05:46.535-04', '15', 'Frigorifico Chaco', 1, '', 23, 1);
INSERT INTO django_admin_log VALUES (305, '2016-05-24 15:07:33.296-04', '15', 'Frigorifico Chaco', 2, 'Modificado/a digito_verificador. Modificados estado_linea_credito_proveedor para "LineaCreditoProveedor object" linea credito proveedor.', 23, 1);
INSERT INTO django_admin_log VALUES (306, '2016-05-24 15:08:04.084-04', '15', 'Frigorifico Chaco', 2, 'Eliminado/a "LineaCreditoProveedor object" linea credito proveedor.', 23, 1);
INSERT INTO django_admin_log VALUES (307, '2016-05-24 15:10:19.405-04', '15', 'Frigorifico Chaco', 2, 'Modificado/a fecha_alta_proveedor.', 23, 1);
INSERT INTO django_admin_log VALUES (308, '2016-05-24 15:13:30.399-04', '15', 'Frigorifico Chaco', 2, 'Eliminado/a "TelefonoProveedor object" Proveedor - Telefono.', 23, 1);
INSERT INTO django_admin_log VALUES (309, '2016-05-24 15:13:54.322-04', '15', 'Frigorifico Chaco', 2, 'Aadido/a "TelefonoProveedor object" Proveedor - Telefono.', 23, 1);
INSERT INTO django_admin_log VALUES (310, '2016-05-24 15:14:49.251-04', '15', 'Frigorifico Chaco', 2, 'Aadido/a "LineaCreditoProveedor object" linea credito proveedor.', 23, 1);
INSERT INTO django_admin_log VALUES (311, '2016-05-24 15:15:02.042-04', '15', 'Frigorifico Chaco', 2, 'Aadido/a "LineaCreditoProveedor object" linea credito proveedor.', 23, 1);
INSERT INTO django_admin_log VALUES (312, '2016-05-25 15:22:39.278-04', '8', 'Reserva de Mesa - Fabiana Ramirez', 1, '', 12, 1);
INSERT INTO django_admin_log VALUES (314, '2016-05-30 16:17:03.281-04', '1', 'EPP - En Proceso Proveedor', 1, '', 62, 1);
INSERT INTO django_admin_log VALUES (315, '2016-05-30 16:17:15.388-04', '2', 'ENT - Entregada por Proveedor', 1, '', 62, 1);
INSERT INTO django_admin_log VALUES (316, '2016-05-30 16:17:30.091-04', '3', 'PEP - Pendiente Entrega Proveedor', 1, '', 62, 1);
INSERT INTO django_admin_log VALUES (317, '2016-05-30 16:17:42.884-04', '4', 'CAN - Cancelada', 1, '', 62, 1);
INSERT INTO django_admin_log VALUES (319, '2016-05-31 10:11:29.02-04', '8', 'Reserva de Mesa - Fabiana Ramirez', 2, 'No ha cambiado ningn campo.', 12, 1);
INSERT INTO django_admin_log VALUES (320, '2016-06-01 13:28:52.132-04', '1', 'AJ Vierci', 1, '', 23, 1);
INSERT INTO django_admin_log VALUES (321, '2016-06-01 13:30:18.034-04', '2', 'PARESA', 1, '', 23, 1);
INSERT INTO django_admin_log VALUES (322, '2016-06-01 13:31:54.63-04', '3', 'Unilever', 1, '', 23, 1);
INSERT INTO django_admin_log VALUES (323, '2016-06-01 13:33:17.877-04', '4', 'Cervepar', 1, '', 23, 1);
INSERT INTO django_admin_log VALUES (324, '2016-06-01 13:33:38.851-04', '1', 'Cervepar - Cerveza - Pilsen', 1, '', 69, 1);
INSERT INTO django_admin_log VALUES (325, '2016-06-01 13:33:52.784-04', '2', 'Cervepar - Cerveza - Pilsen', 1, '', 69, 1);
INSERT INTO django_admin_log VALUES (326, '2016-06-01 13:34:06.412-04', '3', 'Cervepar - Cerveza - Pilsen''i', 1, '', 69, 1);
INSERT INTO django_admin_log VALUES (327, '2016-06-01 13:34:43.645-04', '4', 'Unilever - Papa frita - McCain', 1, '', 69, 1);
INSERT INTO django_admin_log VALUES (328, '2016-06-01 13:34:58.8-04', '5', 'AJ Vierci - Cerveza - Heineken', 1, '', 69, 1);
INSERT INTO django_admin_log VALUES (334, '2016-06-01 15:16:14.504-04', '1', '1', 1, '', 70, 1);
INSERT INTO django_admin_log VALUES (335, '2016-06-01 15:24:51.438-04', '1', '1', 2, 'No ha cambiado ningn campo.', 70, 1);
INSERT INTO django_admin_log VALUES (336, '2016-06-01 15:25:13.539-04', '2', '2', 1, '', 70, 1);
INSERT INTO django_admin_log VALUES (337, '2016-06-01 15:25:33.836-04', '3', '3', 1, '', 70, 1);
INSERT INTO django_admin_log VALUES (338, '2016-06-01 15:33:16.089-04', '1', 'CON - Confirmada', 2, 'Modificado/a estado_compra y descripcion.', 58, 1);
INSERT INTO django_admin_log VALUES (339, '2016-06-01 15:33:23.863-04', '3', 'CAN - Cancelada', 1, '', 58, 1);
INSERT INTO django_admin_log VALUES (340, '2016-06-01 15:43:53.898-04', '4', '4', 1, '', 70, 1);
INSERT INTO django_admin_log VALUES (341, '2016-06-01 15:44:15.176-04', '4', '4', 2, 'No ha cambiado ningn campo.', 70, 1);
INSERT INTO django_admin_log VALUES (345, '2016-06-03 19:48:13.543-04', '5', '5', 1, '', 70, 1);
INSERT INTO django_admin_log VALUES (346, '2016-06-03 19:51:04.799-04', '18', 'Maximo Alejandro Lopez Moreira', 1, '', 11, 1);
INSERT INTO django_admin_log VALUES (347, '2016-06-03 19:57:15.761-04', '6', '6', 1, '', 70, 1);
INSERT INTO django_admin_log VALUES (348, '2016-06-03 20:36:02.366-04', '7', 'Cerveza - Pilsen''i', 2, 'Modificado/a imagen.', 27, 1);
INSERT INTO django_admin_log VALUES (349, '2016-06-05 17:52:55.602-04', '7', '7', 1, '', 70, 1);
INSERT INTO django_admin_log VALUES (350, '2016-06-05 17:53:11.899-04', '7', '7', 2, 'Modificado/a total_orden_compra. Aadido/a "OrdenCompraDetalle object" Orden Compra - Detalle.', 70, 1);
INSERT INTO django_admin_log VALUES (351, '2016-06-05 17:54:31.646-04', '7', '7', 2, 'Modificado/a total_orden_compra. Aadido/a "OrdenCompraDetalle object" Orden Compra - Detalle. Aadido/a "OrdenCompraDetalle object" Orden Compra - Detalle. Aadido/a "OrdenCompraDetalle object" Orden Compra - Detalle.', 70, 1);
INSERT INTO django_admin_log VALUES (352, '2016-06-05 17:54:44-04', '7', '7', 2, 'Eliminado/a "OrdenCompraDetalle object" Orden Compra - Detalle.', 70, 1);
INSERT INTO django_admin_log VALUES (353, '2016-06-05 17:56:17.053-04', '7', '7', 2, 'Modificado/a total_orden_compra. Modificados precio_producto_orden_compra, cantidad_producto_orden_compra y total_producto_orden_compra para "OrdenCompraDetalle object" Orden Compra - Detalle.', 70, 1);
INSERT INTO django_admin_log VALUES (354, '2016-06-13 13:07:39.713-04', '6', '6', 2, 'Modificado/a proveedor_orden_compra, forma_pago_orden_compra y total_orden_compra. Modificados cantidad_producto_orden_compra y total_producto_orden_compra para "OrdenCompraDetalle object" Orden de Compra - Detalle. Modificados cantidad_producto_orden_compra y total_producto_orden_compra para "OrdenCompraDetalle object" Orden de Compra - Detalle.', 70, 1);
INSERT INTO django_admin_log VALUES (355, '2016-06-13 13:54:47.839-04', '7', '7', 2, 'Modificado/a total_orden_compra. Modificados precio_producto_orden_compra y total_producto_orden_compra para "OrdenCompraDetalle object" Orden de Compra - Detalle.', 70, 1);
INSERT INTO django_admin_log VALUES (356, '2016-06-13 14:10:30.09-04', '8', '8', 1, '', 70, 1);
INSERT INTO django_admin_log VALUES (357, '2016-06-13 14:10:42.761-04', '8', '8', 2, 'Modificado/a estado_orden_compra.', 70, 1);
INSERT INTO django_admin_log VALUES (358, '2016-06-13 15:10:15.409-04', '8', '8', 2, 'Modificado/a estado_orden_compra.', 70, 1);
INSERT INTO django_admin_log VALUES (362, '2016-06-13 17:11:35.459-04', '9', 'Reserva de Mesa', 1, '', 12, 1);
INSERT INTO django_admin_log VALUES (363, '2016-06-13 17:11:53.112-04', '9', 'Reserva de Mesa', 2, 'Modificado/a pago.', 12, 1);
INSERT INTO django_admin_log VALUES (367, '2016-06-13 18:23:48.613-04', '10', '10', 1, '', 70, 1);
INSERT INTO django_admin_log VALUES (370, '2016-06-14 20:10:53.908-04', '2', 'raquel', 2, 'Modificado/a user_permissions.', 4, 1);
INSERT INTO django_admin_log VALUES (371, '2016-06-15 18:48:35.674-04', '10', '10', 2, 'Modificados producto_orden_compra para "OrdenCompraDetalle object" Orden de Compra - Detalle.', 70, 1);
INSERT INTO django_admin_log VALUES (372, '2016-06-15 18:55:44.584-04', '10', '10', 2, 'Modificado/a total_orden_compra. Aadido/a "OrdenCompraDetalle object" Orden de Compra - Detalle. Modificados producto_orden_compra, precio_producto_orden_compra y total_producto_orden_compra para "OrdenCompraDetalle object" Orden de Compra - Detalle.', 70, 1);
INSERT INTO django_admin_log VALUES (373, '2016-06-15 19:05:11.292-04', '10', '10', 2, 'Modificados producto_orden_compra para "OrdenCompraDetalle object" Orden de Compra - Detalle.', 70, 1);
INSERT INTO django_admin_log VALUES (374, '2016-06-16 11:51:31.239-04', '11', '11', 1, '', 70, 1);
INSERT INTO django_admin_log VALUES (375, '2016-06-16 11:53:49.981-04', '10', '10', 2, 'Eliminado/a "OrdenCompraDetalle object" Orden de Compra - Detalle.', 70, 1);
INSERT INTO django_admin_log VALUES (376, '2016-06-16 11:54:22.577-04', '11', '11', 2, 'Eliminado/a "OrdenCompraDetalle object" Orden de Compra - Detalle.', 70, 1);
INSERT INTO django_admin_log VALUES (377, '2016-06-16 11:54:29.922-04', '11', '11', 2, 'No ha cambiado ningn campo.', 70, 1);
INSERT INTO django_admin_log VALUES (378, '2016-06-16 11:54:39.163-04', '11', '11', 2, 'No ha cambiado ningn campo.', 70, 1);
INSERT INTO django_admin_log VALUES (379, '2016-06-16 11:55:18.84-04', '12', '12', 1, '', 70, 1);
INSERT INTO django_admin_log VALUES (380, '2016-06-16 11:56:32.864-04', '12', '12', 2, 'Modificado/a total_orden_compra. Aadido/a "OrdenCompraDetalle object" Orden de Compra - Detalle.', 70, 1);
INSERT INTO django_admin_log VALUES (381, '2016-06-16 11:56:38.984-04', '12', '12', 2, 'Eliminado/a "OrdenCompraDetalle object" Orden de Compra - Detalle.', 70, 1);
INSERT INTO django_admin_log VALUES (382, '2016-06-16 11:57:45.343-04', '12', '12', 2, 'Modificado/a total_orden_compra. Aadido/a "OrdenCompraDetalle object" Orden de Compra - Detalle.', 70, 1);
INSERT INTO django_admin_log VALUES (383, '2016-06-18 12:02:09.956-04', '8', 'Gaseosa - Coca-Cola', 1, '', 27, 1);
INSERT INTO django_admin_log VALUES (384, '2016-06-18 12:04:12.961-04', '8', 'Gaseosa Coca-Cola 500 ml - Coca-Cola', 2, 'Modificado/a producto y tipo_producto.', 27, 1);
INSERT INTO django_admin_log VALUES (385, '2016-06-18 12:59:19.941-04', '8', 'Gaseosa Coca-Cola 500 ml - Coca-Cola', 2, 'No ha cambiado ningn campo.', 27, 1);
INSERT INTO django_admin_log VALUES (386, '2016-06-18 13:14:08.515-04', '6', 'PARESA - Gaseosa Coca-Cola 500 ml - Coca-Cola', 1, '', 69, 1);
INSERT INTO django_admin_log VALUES (387, '2016-06-18 13:21:06.246-04', '12', '12', 2, 'Modificado/a total_orden_compra. Modificados producto_orden_compra, precio_producto_orden_compra, cantidad_producto_orden_compra y total_producto_orden_compra para "OrdenCompraDetalle object" Orden de Compra - Detalle.', 70, 1);
INSERT INTO django_admin_log VALUES (388, '2016-06-18 13:33:52.054-04', '9', 'Gaseosa Sprite 500 ml - Sprite', 1, '', 27, 1);
INSERT INTO django_admin_log VALUES (389, '2016-06-19 19:28:27.458-04', '7', 'Cerveza - Pilsen''i', 2, 'Modificado/a subcategoria y unidad_medida.', 27, 1);
INSERT INTO django_admin_log VALUES (390, '2016-06-19 19:29:08.47-04', '2', 'Cerveza - Budweiser', 2, 'Modificado/a subcategoria, unidad_medida y contenido.', 27, 1);
INSERT INTO django_admin_log VALUES (391, '2016-06-19 19:30:41.748-04', '12', '12', 2, 'Eliminado/a "OrdenCompraDetalle object" Orden de Compra - Detalle.', 70, 1);
INSERT INTO django_admin_log VALUES (392, '2016-06-19 19:31:22.105-04', '7', 'PARESA - Gaseosa Sprite 500 ml - Sprite', 1, '', 69, 1);
INSERT INTO django_admin_log VALUES (393, '2016-06-19 19:31:45.075-04', '12', '12', 2, 'Modificado/a total_orden_compra. Aadido/a "OrdenCompraDetalle object" Orden de Compra - Detalle.', 70, 1);
INSERT INTO django_admin_log VALUES (394, '2016-06-19 19:34:18.479-04', '13', '13', 1, '', 70, 1);
INSERT INTO django_admin_log VALUES (395, '2016-06-19 19:41:34.523-04', '14', '14', 1, '', 70, 1);
INSERT INTO django_admin_log VALUES (396, '2016-06-19 19:44:15.25-04', '14', '14', 2, 'Modificado/a estado_orden_compra.', 70, 1);
INSERT INTO django_admin_log VALUES (397, '2016-06-19 19:44:35.261-04', '13', '13', 2, 'Modificado/a estado_orden_compra.', 70, 1);
INSERT INTO django_admin_log VALUES (398, '2016-06-19 19:44:43.174-04', '11', '11', 2, 'Modificado/a estado_orden_compra.', 70, 1);
INSERT INTO django_admin_log VALUES (399, '2016-06-19 19:45:31.029-04', '11', '11', 2, 'Modificado/a total_orden_compra. Aadido/a "OrdenCompraDetalle object" Orden de Compra - Detalle.', 70, 1);
INSERT INTO django_admin_log VALUES (400, '2016-06-19 19:45:42.924-04', '7', '7', 2, 'Modificado/a estado_orden_compra.', 70, 1);
INSERT INTO django_admin_log VALUES (401, '2016-06-19 19:46:20.369-04', '8', '8', 2, 'Modificado/a total_orden_compra. Aadido/a "OrdenCompraDetalle object" Orden de Compra - Detalle.', 70, 1);
INSERT INTO django_admin_log VALUES (402, '2016-06-19 19:46:53.509-04', '6', '6', 2, 'Modificado/a estado_orden_compra.', 70, 1);
INSERT INTO django_admin_log VALUES (403, '2016-06-19 19:48:19.965-04', '5', '5', 2, 'Modificado/a total_orden_compra.', 70, 1);
INSERT INTO django_admin_log VALUES (404, '2016-06-19 19:48:45.595-04', '14', '14', 2, 'No ha cambiado ningn campo.', 70, 1);
INSERT INTO django_admin_log VALUES (405, '2016-06-19 19:51:16.423-04', '15', '15', 1, '', 70, 1);
INSERT INTO django_admin_log VALUES (406, '2016-06-20 11:22:33.433-04', '15', '15', 2, 'Eliminado/a "OrdenCompraDetalle object" Orden de Compra - Detalle.', 70, 1);
INSERT INTO django_admin_log VALUES (407, '2016-06-20 13:06:44.068-04', '1', 'DCE - Deposito Central', 1, '', 77, 1);
INSERT INTO django_admin_log VALUES (408, '2016-06-20 13:07:25.604-04', '2', 'DBP - Deposito Barra Principal', 1, '', 77, 1);
INSERT INTO django_admin_log VALUES (409, '2016-06-20 13:07:51.766-04', '3', 'DBA - Deposito Barra Arriba', 1, '', 77, 1);
INSERT INTO django_admin_log VALUES (410, '2016-06-20 13:08:14.263-04', '4', 'DCO - Deposito Cocina', 1, '', 77, 1);
INSERT INTO django_admin_log VALUES (411, '2016-06-20 13:08:26.255-04', '5', 'DBI - Deposito Barrita', 1, '', 77, 1);
INSERT INTO django_admin_log VALUES (412, '2016-06-20 13:35:22.277-04', '4', 'Cervepar', 2, 'Modificado/a persona_proveedor.', 23, 1);
INSERT INTO django_admin_log VALUES (413, '2016-06-20 18:02:39.309-04', '4', 'Cervepar', 2, 'Aadido/a "LineaCreditoProveedor object" linea credito proveedor.', 23, 1);
INSERT INTO django_admin_log VALUES (414, '2016-06-20 18:03:06.337-04', '4', 'Cervepar', 2, 'Modificados estado_linea_credito_proveedor para "LineaCreditoProveedor object" linea credito proveedor.', 23, 1);
INSERT INTO django_admin_log VALUES (415, '2016-06-20 18:03:54.597-04', '4', 'Cervepar', 2, 'Modificados estado_linea_credito_proveedor para "LineaCreditoProveedor object" linea credito proveedor.', 23, 1);
INSERT INTO django_admin_log VALUES (416, '2016-06-20 19:51:19.853-04', '18', 'Maximo Alejandro Lopez Moreira', 2, 'Modificado/a pais.', 11, 1);
INSERT INTO django_admin_log VALUES (417, '2016-06-20 19:55:10.332-04', '17', 'Jorge Luis Santana Benitez', 2, 'Modificado/a apellidos.', 11, 1);
INSERT INTO django_admin_log VALUES (418, '2016-06-21 13:20:56.884-04', '9', 'Buenos Aires', 1, '', 57, 1);
INSERT INTO django_admin_log VALUES (419, '2016-06-21 13:21:08.309-04', '10', 'Sao Paulo', 1, '', 57, 1);
INSERT INTO django_admin_log VALUES (421, '2016-06-23 00:01:05.622-04', '16', '16', 1, '', 70, 1);
INSERT INTO django_admin_log VALUES (422, '2016-06-23 00:10:55.156-04', '13', '13', 2, 'Modificado/a total_orden_compra. Modificados producto_orden_compra, cantidad_producto_orden_compra y total_producto_orden_compra para "OrdenCompraDetalle object" Orden de Compra - Detalle. Modificados producto_orden_compra, cantidad_producto_orden_compra y total_producto_orden_compra para "OrdenCompraDetalle object" Orden de Compra - Detalle.', 70, 1);
INSERT INTO django_admin_log VALUES (423, '2016-06-23 00:12:17.475-04', '17', '17', 1, '', 70, 1);
INSERT INTO django_admin_log VALUES (424, '2016-06-23 14:59:27.569-04', '4', 'Uruguay', 1, '', 56, 1);
INSERT INTO django_admin_log VALUES (425, '2016-06-23 14:59:41.314-04', '11', 'Montevideo', 1, '', 57, 1);
INSERT INTO django_admin_log VALUES (426, '2016-06-23 15:34:56.984-04', '4', 'Uruguay', 3, '', 56, 1);
INSERT INTO django_admin_log VALUES (427, '2016-06-23 15:35:49.996-04', '5', 'Uruguay', 1, '', 56, 1);
INSERT INTO django_admin_log VALUES (428, '2016-06-23 15:36:01.819-04', '12', 'Montevideo', 1, '', 57, 1);
INSERT INTO django_admin_log VALUES (429, '2016-06-23 15:36:26.934-04', '6', '598 - Uruguay', 1, '', 45, 1);
INSERT INTO django_admin_log VALUES (431, '2016-06-23 15:37:22.359-04', '19', 'Pablo Kosec', 1, '', 11, 1);
INSERT INTO django_admin_log VALUES (476, '2016-06-28 11:31:11.665-04', '13', 'Nemby', 1, '', 57, 1);
INSERT INTO django_admin_log VALUES (477, '2016-06-28 11:35:02.328-04', '14', 'Telefonia movil', 1, '', 57, 1);
INSERT INTO django_admin_log VALUES (484, '2016-06-28 11:37:21.01-04', '6', 'USA', 1, '', 56, 1);
INSERT INTO django_admin_log VALUES (485, '2016-06-28 11:37:23.594-04', '7', '1 - USA', 1, '', 45, 1);
INSERT INTO django_admin_log VALUES (486, '2016-06-28 11:39:05.107-04', '4', '55 - Brasil', 2, 'Modificado/a pais.', 45, 1);
INSERT INTO django_admin_log VALUES (487, '2016-06-28 11:40:31.672-04', '7', 'Mexico', 1, '', 56, 1);
INSERT INTO django_admin_log VALUES (488, '2016-06-28 11:40:40.759-04', '3', '52 - Mexico', 2, 'Modificado/a codigo_pais_telefono y pais.', 45, 1);
INSERT INTO django_admin_log VALUES (489, '2016-06-28 11:41:21.754-04', '8', 'Colombia', 1, '', 56, 1);
INSERT INTO django_admin_log VALUES (490, '2016-06-28 11:41:28.113-04', '5', '57 - Colombia', 2, 'Modificado/a codigo_pais_telefono y pais.', 45, 1);
INSERT INTO django_admin_log VALUES (491, '2016-06-28 11:42:26.02-04', '8', '54 - Argentina', 1, '', 45, 1);
INSERT INTO django_admin_log VALUES (492, '2016-06-28 11:42:40.464-04', '9', '333 - Paraguay', 1, '', 45, 1);
INSERT INTO django_admin_log VALUES (493, '2016-06-28 11:46:15.919-04', '20', 'Alberto Geronimo Contreras Benitez', 1, '', 11, 1);
INSERT INTO django_admin_log VALUES (494, '2016-06-28 11:47:11.868-04', '9', 'Congo', 1, '', 56, 1);
INSERT INTO django_admin_log VALUES (495, '2016-06-28 11:47:13.575-04', '10', '333 - Congo', 1, '', 45, 1);
INSERT INTO django_admin_log VALUES (497, '2016-06-28 11:54:12.199-04', '10', 'COngo', 1, '', 56, 1);
INSERT INTO django_admin_log VALUES (498, '2016-06-28 11:54:44.726-04', '11', 'Braisl', 1, '', 56, 1);
INSERT INTO django_admin_log VALUES (499, '2016-06-28 11:54:59.062-04', '12', 'Peru', 1, '', 56, 1);
INSERT INTO django_admin_log VALUES (500, '2016-06-28 11:55:05.36-04', '13', 'Chile', 1, '', 56, 1);
INSERT INTO django_admin_log VALUES (501, '2016-06-28 11:57:07.64-04', '11', '56 - Chile', 1, '', 45, 1);
INSERT INTO django_admin_log VALUES (503, '2016-06-28 12:41:49.06-04', '15', 'Santiago', 1, '', 57, 1);
INSERT INTO django_admin_log VALUES (513, '2016-06-28 13:27:35.999-04', '16', 'Asuncion', 1, '', 57, 1);
INSERT INTO django_admin_log VALUES (514, '2016-06-28 13:28:47.229-04', '15', 'Espana', 1, '', 56, 1);
INSERT INTO django_admin_log VALUES (515, '2016-06-28 13:28:56.175-04', '17', 'Merida', 1, '', 57, 1);
INSERT INTO django_admin_log VALUES (516, '2016-06-28 13:29:09.386-04', '18', 'Merida', 1, '', 57, 1);
INSERT INTO django_admin_log VALUES (517, '2016-06-28 13:29:19.517-04', '16', 'Asuncion', 3, '', 57, 1);
INSERT INTO django_admin_log VALUES (518, '2016-06-28 13:29:32.826-04', '16', 'Venezuela', 1, '', 56, 1);
INSERT INTO django_admin_log VALUES (519, '2016-06-28 13:29:35.452-04', '19', 'Merida', 1, '', 57, 1);
INSERT INTO django_admin_log VALUES (520, '2016-06-28 13:33:29.476-04', '12', '89 - Paraguay', 1, '', 45, 1);
INSERT INTO django_admin_log VALUES (521, '2016-06-28 13:36:36.835-04', '12', '89 - Paraguay', 3, '', 45, 1);
INSERT INTO django_admin_log VALUES (522, '2016-06-28 13:37:45.085-04', '13', '34 - Espana', 1, '', 45, 1);
INSERT INTO django_admin_log VALUES (523, '2016-06-28 13:39:47.057-04', '14', '8 - Venezuela', 1, '', 45, 1);
INSERT INTO django_admin_log VALUES (524, '2016-06-28 13:39:55.454-04', '14', '58 - Venezuela', 2, 'Modificado/a codigo_pais_telefono.', 45, 1);
INSERT INTO django_admin_log VALUES (530, '2016-06-28 13:49:17.757-04', '20', 'Rosario - Argentina', 1, '', 57, 1);
INSERT INTO django_admin_log VALUES (532, '2016-06-28 13:52:14.692-04', '21', 'Luis Santana', 1, '', 11, 1);
INSERT INTO django_admin_log VALUES (533, '2016-06-28 15:38:11.787-04', '1', '60 - 56 - Chile', 1, '', 93, 1);
INSERT INTO django_admin_log VALUES (534, '2016-06-28 15:42:29.89-04', '21', 'Luis Santana', 2, 'Aadido/a "Luis Santana - 56 - Chile - 60 - 56 - Chile - 654987" Cliente - Telefono.', 11, 1);
INSERT INTO django_admin_log VALUES (535, '2016-06-28 15:43:24.755-04', '2', '61 - 56 - Chile', 1, '', 93, 1);
INSERT INTO django_admin_log VALUES (536, '2016-06-28 15:43:35.466-04', '21', 'Luis Santana', 2, 'Aadido/a "Luis Santana - 56 - Chile - 61 - 56 - Chile - 231148" Cliente - Telefono.', 11, 1);
INSERT INTO django_admin_log VALUES (537, '2016-06-28 15:44:24.639-04', '3', '21 - 595 - Paraguay', 1, '', 93, 1);
INSERT INTO django_admin_log VALUES (538, '2016-06-28 15:44:37.737-04', '4', '981 - 595 - Paraguay', 1, '', 93, 1);
INSERT INTO django_admin_log VALUES (539, '2016-06-28 15:45:56.85-04', '5', '991 - 595 - Paraguay', 1, '', 93, 1);
INSERT INTO django_admin_log VALUES (540, '2016-06-28 15:46:20.765-04', '6', '961 - 595 - Paraguay', 1, '', 93, 1);
INSERT INTO django_admin_log VALUES (541, '2016-06-28 15:46:25.9-04', '20', 'Alberto Geronimo Contreras Benitez', 2, 'Aadido/a "Alberto Geronimo Contreras Benitez - 595 - Paraguay - 961 - 595 - Paraguay - 669871" Cliente - Telefono.', 11, 1);
INSERT INTO django_admin_log VALUES (542, '2016-06-28 15:49:31.695-04', '1', 'Raquel Cogliolo', 2, 'Aadido/a "Raquel Cogliolo - 595 - Paraguay - 991 - 595 - Paraguay - 854050" Cliente - Telefono.', 11, 1);
INSERT INTO django_admin_log VALUES (543, '2016-06-28 15:53:19.636-04', '1', 'Raquel Cogliolo', 2, 'No ha cambiado ningn campo.', 11, 1);
INSERT INTO django_admin_log VALUES (544, '2016-06-28 16:01:28.858-04', '7', '986 - TM - 595 - Paraguay', 1, '', 93, 1);
INSERT INTO django_admin_log VALUES (545, '2016-06-28 16:01:40.991-04', '1', 'Raquel Cogliolo', 2, 'Aadido/a "Raquel Cogliolo - 595 - Paraguay - 21 - TF - 595 - Paraguay - 990944" Cliente - Telefono. Aadido/a "Raquel Cogliolo - 595 - Paraguay - 986 - TM - 595 - Paraguay - 164105" Cliente - Telefono.', 11, 1);
INSERT INTO django_admin_log VALUES (546, '2016-06-28 16:14:49.781-04', '8', '971 - TM - 595 - Paraguay', 1, '', 93, 1);
INSERT INTO django_admin_log VALUES (630, '2016-07-06 10:58:43.998-04', '1', '1 - Barra Principal', 2, 'Modificado/a estado.', 38, 1);
INSERT INTO django_admin_log VALUES (631, '2016-07-06 10:58:50.62-04', '3', '3 - Barra Arriba', 2, 'Modificado/a estado.', 38, 1);
INSERT INTO django_admin_log VALUES (632, '2016-07-06 11:04:40.297-04', '2', 'Cerrada', 2, 'Modificado/a descripcion.', 9, 1);
INSERT INTO django_admin_log VALUES (633, '2016-07-06 11:04:54.402-04', '1', 'Abierta', 2, 'Modificado/a descripcion.', 9, 1);
INSERT INTO django_admin_log VALUES (634, '2016-07-06 11:05:15.485-04', '1', 'Pendiente', 2, 'Modificado/a descripcion.', 58, 1);
INSERT INTO django_admin_log VALUES (635, '2016-07-06 11:07:17.286-04', '2', 'Confirmada', 2, 'Modificado/a descripcion.', 58, 1);
INSERT INTO django_admin_log VALUES (636, '2016-07-06 11:08:20.015-04', '3', 'Cancelada', 2, 'Modificado/a descripcion.', 58, 1);
INSERT INTO django_admin_log VALUES (637, '2016-07-06 11:12:00.188-04', '2', 'Confirmada', 2, 'Modificado/a descripcion.', 58, 1);
INSERT INTO django_admin_log VALUES (638, '2016-07-06 11:12:28.499-04', '3', 'Cancelada', 2, 'Modificado/a descripcion.', 58, 1);
INSERT INTO django_admin_log VALUES (639, '2016-07-06 11:15:23.948-04', '3', 'Clausurada', 2, 'Modificado/a descripcion.', 9, 1);
INSERT INTO django_admin_log VALUES (640, '2016-07-06 11:15:30.532-04', '2', 'Cerrada', 2, 'Modificado/a descripcion.', 9, 1);
INSERT INTO django_admin_log VALUES (641, '2016-07-06 11:15:36.253-04', '1', 'Abierta', 2, 'Modificado/a descripcion.', 9, 1);
INSERT INTO django_admin_log VALUES (642, '2016-07-06 11:15:46.332-04', '1', 'Pendiente', 2, 'Modificado/a descripcion.', 58, 1);
INSERT INTO django_admin_log VALUES (713, '2016-07-31 19:56:28.431-04', '9', 'Triskel S.A.', 1, '', 114, 1);
INSERT INTO django_admin_log VALUES (786, '2016-08-09 10:51:00.024-04', '34', '34', 2, 'Modificado/a numero_orden_compra.', 95, 1);
INSERT INTO django_admin_log VALUES (787, '2016-08-09 10:51:05.545-04', '34', '34', 2, 'Modificado/a numero_orden_compra.', 95, 1);
INSERT INTO django_admin_log VALUES (788, '2016-08-09 10:53:16.071-04', '34', '34', 2, 'Modificado/a numero_orden_compra.', 95, 1);
INSERT INTO django_admin_log VALUES (789, '2016-08-09 11:26:25.137-04', '35', '35', 1, '', 95, 1);
INSERT INTO django_admin_log VALUES (790, '2016-08-09 11:26:31.396-04', '35', '35', 2, 'Modificado/a numero_orden_compra.', 95, 1);
INSERT INTO django_admin_log VALUES (791, '2016-08-09 11:26:40.089-04', '35', '35', 2, 'Modificado/a numero_orden_compra.', 95, 1);
INSERT INTO django_admin_log VALUES (792, '2016-08-09 11:26:48.113-04', '35', '35', 2, 'No ha cambiado ningn campo.', 95, 1);
INSERT INTO django_admin_log VALUES (793, '2016-08-09 11:27:34.246-04', '36', '36', 1, '', 95, 1);
INSERT INTO django_admin_log VALUES (794, '2016-08-09 11:27:39.399-04', '36', '36', 2, 'No ha cambiado ningn campo.', 95, 1);
INSERT INTO django_admin_log VALUES (795, '2016-08-09 11:32:20.557-04', '36', '36', 2, 'No ha cambiado ningn campo.', 95, 1);
INSERT INTO django_admin_log VALUES (796, '2016-08-09 11:55:50.562-04', '36', '36', 2, 'No ha cambiado ningn campo.', 95, 1);
INSERT INTO django_admin_log VALUES (547, '2016-06-28 16:15:01.638-04', '13', 'Jose Leguizamon', 2, 'Aadido/a "Jose Leguizamon - 595 - Paraguay - 971 - TM - 595 - Paraguay - 887425" Cliente - Telefono.', 11, 1);
INSERT INTO django_admin_log VALUES (548, '2016-06-28 16:15:51.854-04', '7', 'Carmen Brizuela', 2, 'Aadido/a "Carmen Brizuela - 595 - Paraguay - 981 - TM - 595 - Paraguay - 995166" Cliente - Telefono.', 11, 1);
INSERT INTO django_admin_log VALUES (549, '2016-06-28 16:16:31.144-04', '7', 'Carmen Brizuela', 2, 'Modificado/a fecha_nacimiento.', 11, 1);
INSERT INTO django_admin_log VALUES (550, '2016-06-28 16:17:45.865-04', '7', 'Carmen Brizuela', 2, 'Aadido/a "Carmen Brizuela - 595 - Paraguay - 21 - TF - 595 - Paraguay - 990944" Cliente - Telefono.', 11, 1);
INSERT INTO django_admin_log VALUES (551, '2016-06-28 16:22:59.555-04', '1', 'AJ Vierci', 2, 'Aadido/a "AJ Vierci - 595 - Paraguay - 21 - TF - 595 - Paraguay - 2881000" Proveedor - Telefono.', 23, 1);
INSERT INTO django_admin_log VALUES (552, '2016-06-28 16:27:39.576-04', '2', 'PARESA', 2, 'Aadido/a "PARESA - 595 - Paraguay - 981 - TM - 595 - Paraguay - 225698" Proveedor - Telefono.', 23, 1);
INSERT INTO django_admin_log VALUES (553, '2016-06-28 16:28:12.621-04', '3', 'Unilever', 2, 'Aadido/a "Unilever - 595 - Paraguay - 21 - TF - 595 - Paraguay - 6452000" Proveedor - Telefono.', 23, 1);
INSERT INTO django_admin_log VALUES (554, '2016-06-28 16:29:28.488-04', '4', 'Cervepar', 2, 'Aadido/a "Cervepar - 595 - Paraguay - 21 - TF - 595 - Paraguay - 4144000" Proveedor - Telefono.', 23, 1);
INSERT INTO django_admin_log VALUES (555, '2016-06-28 17:36:21.261-04', '10', 'Elizabeth Delgado', 2, 'Aadido/a "Elizabeth Delgado - 595 - Paraguay - 971 - TM - 595 - Paraguay - 516963" Empleado - Telefono.', 14, 1);
INSERT INTO django_admin_log VALUES (556, '2016-06-28 17:37:16.568-04', '3', 'Juan Ayala', 2, 'Aadido/a "Juan Ayala - 595 - Paraguay - 981 - TM - 595 - Paraguay - 896352" Empleado - Telefono.', 14, 1);
INSERT INTO django_admin_log VALUES (557, '2016-06-28 17:37:43.283-04', '9', '983 - TM - 595 - Paraguay', 1, '', 93, 1);
INSERT INTO django_admin_log VALUES (558, '2016-06-28 17:38:14.968-04', '4', 'Rodrigo Burgos', 2, 'Aadido/a "Rodrigo Burgos - 595 - Paraguay - 983 - TM - 595 - Paraguay - 498536" Empleado - Telefono.', 14, 1);
INSERT INTO django_admin_log VALUES (574, '2016-07-04 11:39:48.85-04', '5', '5', 1, '', 95, 1);
INSERT INTO django_admin_log VALUES (575, '2016-07-04 13:25:01.824-04', '4', 'Cerveza - Heineken', 2, 'Modificado/a unidad_medida.', 27, 1);
INSERT INTO django_admin_log VALUES (576, '2016-07-04 13:26:13.926-04', '6', 'Cerveza - Pilsen', 2, 'Modificado/a unidad_medida.', 27, 1);
INSERT INTO django_admin_log VALUES (577, '2016-07-04 13:30:04.442-04', '5', 'Kilogramos', 3, '', 75, 1);
INSERT INTO django_admin_log VALUES (578, '2016-07-04 13:30:04.457-04', '3', 'Litros', 3, '', 75, 1);
INSERT INTO django_admin_log VALUES (579, '2016-07-04 13:46:59.418-04', '6', 'Frigochaco', 1, '', 23, 1);
INSERT INTO django_admin_log VALUES (580, '2016-07-05 10:30:19.876-04', '6', 'Fritas', 1, '', 74, 1);
INSERT INTO django_admin_log VALUES (581, '2016-07-05 10:30:41.93-04', '7', 'Al horno', 1, '', 74, 1);
INSERT INTO django_admin_log VALUES (582, '2016-07-05 10:32:09.212-04', '3', 'Barra Arriba', 1, '', 39, 1);
INSERT INTO django_admin_log VALUES (583, '2016-07-05 10:32:12.403-04', '3', '3 - Barra Arriba', 1, '', 38, 1);
INSERT INTO django_admin_log VALUES (584, '2016-07-05 10:33:40.539-04', '3', 'Barra Arriba', 2, 'Modificado/a descripcion.', 39, 1);
INSERT INTO django_admin_log VALUES (585, '2016-07-05 15:44:21.441-04', '22', 'Marcos David Torales Mendieta', 1, '', 11, 1);
INSERT INTO django_admin_log VALUES (586, '2016-07-05 18:33:38.97-04', '4', 'CO - 0 dias', 1, '', 51, 1);
INSERT INTO django_admin_log VALUES (587, '2016-07-05 18:33:50.461-04', '5', 'CR - 30 dias', 1, '', 51, 1);
INSERT INTO django_admin_log VALUES (588, '2016-07-05 18:33:57.821-04', '6', 'CR - 60 dias', 1, '', 51, 1);
INSERT INTO django_admin_log VALUES (589, '2016-07-05 18:34:39.423-04', '1', 'Contado', 1, '', 50, 1);
INSERT INTO django_admin_log VALUES (590, '2016-07-05 18:34:44.716-04', '2', 'Tarjeta de Credito', 1, '', 50, 1);
INSERT INTO django_admin_log VALUES (591, '2016-07-05 18:34:52.087-04', '3', 'Tarjeta de Debito', 1, '', 50, 1);
INSERT INTO django_admin_log VALUES (592, '2016-07-05 21:13:20.914-04', '1', 'Barra Principal', 2, 'Modificado/a caja_ubicacion.', 39, 1);
INSERT INTO django_admin_log VALUES (593, '2016-07-05 21:13:32.951-04', '2', 'Barrita', 2, 'Modificado/a caja_ubicacion.', 39, 1);
INSERT INTO django_admin_log VALUES (594, '2016-07-05 21:13:41.852-04', '3', 'Barra Arribva', 2, 'Modificado/a caja_ubicacion.', 39, 1);
INSERT INTO django_admin_log VALUES (595, '2016-07-05 21:13:47.447-04', '3', 'Barra Arriba', 2, 'Modificado/a caja_ubicacion.', 39, 1);
INSERT INTO django_admin_log VALUES (596, '2016-07-06 00:18:26.216-04', '1', 'Abierta', 2, 'Modificado/a caja_estado.', 9, 1);
INSERT INTO django_admin_log VALUES (597, '2016-07-06 00:18:35.983-04', '2', 'Cerrada', 2, 'Modificado/a caja_estado.', 9, 1);
INSERT INTO django_admin_log VALUES (598, '2016-07-06 00:20:49.492-04', '2', '2 - Barrita', 2, 'Modificado/a numero_caja.', 38, 1);
INSERT INTO django_admin_log VALUES (599, '2016-07-06 00:31:40.366-04', '4', '4 - Barra Principal', 1, '', 38, 1);
INSERT INTO django_admin_log VALUES (600, '2016-07-06 00:32:28.785-04', '1', 'Escenario', 2, 'Modificado/a mesa_ubicacion.', 37, 1);
INSERT INTO django_admin_log VALUES (601, '2016-07-06 00:32:36.537-04', '2', 'Galpon', 2, 'Modificado/a mesa_ubicacion.', 37, 1);
INSERT INTO django_admin_log VALUES (602, '2016-07-06 00:33:17.727-04', '3', 'Tarima', 1, '', 37, 1);
INSERT INTO django_admin_log VALUES (603, '2016-07-06 00:35:23.181-04', '2', 'Galpon', 2, 'Modificado/a descripcion.', 37, 1);
INSERT INTO django_admin_log VALUES (604, '2016-07-06 00:37:15.938-04', '1', 'Activa', 2, 'Modificado/a mesa_estado.', 8, 1);
INSERT INTO django_admin_log VALUES (605, '2016-07-06 00:37:27.341-04', '2', 'Inactiva', 2, 'Modificado/a mesa_estado.', 8, 1);
INSERT INTO django_admin_log VALUES (606, '2016-07-06 00:37:33.918-04', '3', 'Ocupada', 2, 'Modificado/a mesa_estado.', 8, 1);
INSERT INTO django_admin_log VALUES (607, '2016-07-06 00:37:43.484-04', '4', 'Disponible', 2, 'Modificado/a mesa_estado.', 8, 1);
INSERT INTO django_admin_log VALUES (608, '2016-07-06 00:39:36.547-04', '1', '1 - Mesa 1', 2, 'Modificado/a nombre_mesa.', 36, 1);
INSERT INTO django_admin_log VALUES (609, '2016-07-06 00:39:47.611-04', '2', '2 - Mesa', 2, 'No ha cambiado ningn campo.', 36, 1);
INSERT INTO django_admin_log VALUES (610, '2016-07-06 00:39:55.938-04', '2', '2 - Mesa 2', 2, 'Modificado/a nombre_mesa.', 36, 1);
INSERT INTO django_admin_log VALUES (611, '2016-07-06 00:40:16.128-04', '3', '3 - Mesa 3', 1, '', 36, 1);
INSERT INTO django_admin_log VALUES (612, '2016-07-06 00:41:06.842-04', '1', 'Activa', 3, '', 8, 1);
INSERT INTO django_admin_log VALUES (613, '2016-07-06 00:53:59.225-04', '5', '600 - BRL', 1, '', 43, 1);
INSERT INTO django_admin_log VALUES (614, '2016-07-06 00:57:47.925-04', '5', '986 - BRL', 2, 'Modificado/a codigo_moneda.', 43, 1);
INSERT INTO django_admin_log VALUES (615, '2016-07-06 00:59:48.094-04', '6', '858 - UYU', 1, '', 43, 1);
INSERT INTO django_admin_log VALUES (616, '2016-07-06 01:01:24.365-04', '7', '601 - ALG', 1, '', 43, 1);
INSERT INTO django_admin_log VALUES (617, '2016-07-06 01:01:30.624-04', '7', '601 - ALG', 3, '', 43, 1);
INSERT INTO django_admin_log VALUES (618, '2016-07-06 10:15:10.46-04', '1', 'Vigente', 2, 'Modificado/a reserva_estado.', 7, 1);
INSERT INTO django_admin_log VALUES (619, '2016-07-06 10:15:23.622-04', '2', 'Caducada', 2, 'Modificado/a reserva_estado.', 7, 1);
INSERT INTO django_admin_log VALUES (620, '2016-07-06 10:15:31.204-04', '3', 'Utilizada', 2, 'Modificado/a reserva_estado.', 7, 1);
INSERT INTO django_admin_log VALUES (621, '2016-07-06 10:29:46.141-04', '15', '51 - Peru', 1, '', 45, 1);
INSERT INTO django_admin_log VALUES (622, '2016-07-06 10:31:04.807-04', '10', '982 - Telefonia Movil - 595 - Paraguay', 1, '', 93, 1);
INSERT INTO django_admin_log VALUES (623, '2016-07-06 10:31:48.362-04', '11', '972 - Telefonia Movil - 595 - Paraguay', 1, '', 93, 1);
INSERT INTO django_admin_log VALUES (624, '2016-07-06 10:32:54.74-04', '21', 'Villa Elisa - Paraguay', 1, '', 57, 1);
INSERT INTO django_admin_log VALUES (625, '2016-07-06 10:33:11.605-04', '22', 'Villa Elisa - Argentina', 1, '', 57, 1);
INSERT INTO django_admin_log VALUES (626, '2016-07-06 10:55:52.422-04', '1', 'Abierta', 2, 'Modificado/a descripcion.', 9, 1);
INSERT INTO django_admin_log VALUES (627, '2016-07-06 10:57:17.821-04', '2', 'Cerrada', 2, 'Modificado/a descripcion.', 9, 1);
INSERT INTO django_admin_log VALUES (628, '2016-07-06 10:57:57.93-04', '3', 'Clausurada', 2, 'Modificado/a descripcion.', 9, 1);
INSERT INTO django_admin_log VALUES (629, '2016-07-06 10:58:34.348-04', '4', '4 - Barra Principal', 2, 'Modificado/a estado.', 38, 1);
INSERT INTO django_admin_log VALUES (643, '2016-07-06 11:17:59.539-04', '10', '840 - USD - 5595 - 2016-07-06 15:17:01.367000+00:00', 1, '', 44, 1);
INSERT INTO django_admin_log VALUES (644, '2016-07-06 11:19:33.436-04', '2', 'Inactiva', 2, 'Modificado/a descripcion.', 8, 1);
INSERT INTO django_admin_log VALUES (645, '2016-07-06 11:21:26.202-04', '3', 'Ocupada', 2, 'Modificado/a descripcion.', 8, 1);
INSERT INTO django_admin_log VALUES (646, '2016-07-06 11:21:45.18-04', '4', 'Disponible', 2, 'Modificado/a descripcion.', 8, 1);
INSERT INTO django_admin_log VALUES (647, '2016-07-06 11:22:32.095-04', '4', 'Disponible', 2, 'Modificado/a descripcion.', 8, 1);
INSERT INTO django_admin_log VALUES (648, '2016-07-06 11:24:27.052-04', '1', 'En Proceso Proveedor', 2, 'Modificado/a descripcion.', 62, 1);
INSERT INTO django_admin_log VALUES (649, '2016-07-06 11:25:11.378-04', '3', 'Pendiente de Entrega por el Proveedor', 2, 'Modificado/a descripcion.', 62, 1);
INSERT INTO django_admin_log VALUES (650, '2016-07-06 11:25:29.946-04', '2', 'Entregada por el Proveedor', 2, 'Modificado/a descripcion.', 62, 1);
INSERT INTO django_admin_log VALUES (651, '2016-07-06 11:26:07.255-04', '4', 'Cancelada', 2, 'Modificado/a descripcion.', 62, 1);
INSERT INTO django_admin_log VALUES (652, '2016-07-06 11:27:57.34-04', '1', 'Unidad', 2, 'Modificado/a descripcion.', 75, 1);
INSERT INTO django_admin_log VALUES (653, '2016-07-06 11:31:03.129-04', '1', 'Vigente', 2, 'Modificado/a descripcion.', 7, 1);
INSERT INTO django_admin_log VALUES (654, '2016-07-06 11:31:46.535-04', '2', 'Caducada', 2, 'Modificado/a descripcion.', 7, 1);
INSERT INTO django_admin_log VALUES (655, '2016-07-06 11:32:08.187-04', '3', 'Utilizada', 2, 'Modificado/a descripcion.', 7, 1);
INSERT INTO django_admin_log VALUES (656, '2016-07-06 13:42:54.578-04', '2', 'Cerveza - Budweiser', 2, 'Modificado/a unidad_medida_contenido. Eliminado/a "Cerveza - Budweiser - 12000.00" Producto - Precio. Eliminado/a "Cerveza - Budweiser - 12500.00" Producto - Precio.', 27, 1);
INSERT INTO django_admin_log VALUES (657, '2016-07-06 13:43:27.175-04', '2', 'Cerveza Budweiser 750 ml - Budweiser', 2, 'Modificado/a producto. Aadido/a "Cerveza Budweiser 750 ml - Budweiser - 12000" Producto - Precio.', 27, 1);
INSERT INTO django_admin_log VALUES (658, '2016-07-06 13:44:47.379-04', '4', 'Cerveza Heineken 750 ml - Heineken', 2, 'Modificado/a producto, codigo_barra, subcategoria y unidad_medida_contenido. Aadido/a "Cerveza Heineken 750 ml - Heineken - 12500" Producto - Precio.', 27, 1);
INSERT INTO django_admin_log VALUES (659, '2016-07-06 13:48:55.714-04', '7', 'Cerveza Pilsen''i - Pilsen', 2, 'Modificado/a producto, marca y unidad_medida_contenido. Eliminado/a "Cerveza Pilsen''i - Pilsen - 3000.00" Producto - Precio.', 27, 1);
INSERT INTO django_admin_log VALUES (660, '2016-07-06 13:50:50.704-04', '7', 'Cerveza Pilsen''i - Pilsen', 2, 'Aadido/a "Cerveza Pilsen''i - Pilsen - 4000" Producto - Precio.', 27, 1);
INSERT INTO django_admin_log VALUES (661, '2016-07-06 13:51:04.403-04', '7', 'Cerveza Pilsen''i - Pilsen', 2, 'Modificados activo para "Cerveza Pilsen''i - Pilsen - 4000.00" Producto - Precio.', 27, 1);
INSERT INTO django_admin_log VALUES (662, '2016-07-06 14:13:57.842-04', '10', 'Reserva de Mesa', 1, '', 12, 1);
INSERT INTO django_admin_log VALUES (663, '2016-07-06 15:07:00.37-04', '10', 'Gaseosa Sprite 500 ml - Sprite', 1, '', 27, 1);
INSERT INTO django_admin_log VALUES (664, '2016-07-06 15:07:26.172-04', '18', '18 - PARESA', 1, '', 70, 1);
INSERT INTO django_admin_log VALUES (665, '2016-07-06 16:00:24.941-04', '1', 'CO - Compuesto', 3, '', 41, 1);
INSERT INTO django_admin_log VALUES (666, '2016-07-06 16:47:52.357-04', '10', 'Gaseosa Sprite 500 ml - Sprite', 2, 'Modificado/a imagen.', 27, 1);
INSERT INTO django_admin_log VALUES (667, '2016-07-06 23:40:51.03-04', '10', 'Gaseosa Sprite 500 ml - Sprite', 2, 'No ha cambiado ningn campo.', 27, 1);
INSERT INTO django_admin_log VALUES (668, '2016-07-06 23:41:46.086-04', '10', 'Gaseosa Sprite 500 ml - Sprite', 2, 'Modificado/a imagen.', 27, 1);
INSERT INTO django_admin_log VALUES (669, '2016-07-06 23:42:14.251-04', '7', 'Cerveza Pilsen''i - Pilsen', 2, 'Modificado/a imagen.', 27, 1);
INSERT INTO django_admin_log VALUES (670, '2016-07-06 23:44:21.472-04', '7', 'Cerveza Pilsen''i - Pilsen', 2, 'No ha cambiado ningn campo.', 27, 1);
INSERT INTO django_admin_log VALUES (671, '2016-07-06 23:44:36.65-04', '4', 'Cerveza Heineken 750 ml - Heineken', 2, 'Modificado/a imagen.', 27, 1);
INSERT INTO django_admin_log VALUES (672, '2016-07-06 23:44:53.348-04', '2', 'Cerveza Budweiser 750 ml - Budweiser', 2, 'Modificado/a imagen.', 27, 1);
INSERT INTO django_admin_log VALUES (673, '2016-07-06 23:45:33.64-04', '7', 'Cerveza Pilsen''i - Pilsen', 2, 'Modificado/a imagen.', 27, 1);
INSERT INTO django_admin_log VALUES (674, '2016-07-15 13:20:37.441-04', '1', 'AJ Vierci', 3, '', 23, 1);
INSERT INTO django_admin_log VALUES (675, '2016-07-15 13:38:20.916-04', '19', '19 - Cervepar', 1, '', 70, 1);
INSERT INTO django_admin_log VALUES (676, '2016-07-18 16:06:31.561-04', '8', 'VER - Verduras', 1, '', 74, 1);
INSERT INTO django_admin_log VALUES (677, '2016-07-18 16:06:50.02-04', '9', 'FRU - Frutas', 1, '', 74, 1);
INSERT INTO django_admin_log VALUES (678, '2016-07-18 16:07:32.424-04', '11', 'Tomate Santacruz - Santacruz', 1, '', 27, 1);
INSERT INTO django_admin_log VALUES (679, '2016-07-21 16:41:02.743-04', '11', 'Tomate Santacruz - Productos Robadin', 2, 'Modificado/a marca.', 27, 1);
INSERT INTO django_admin_log VALUES (680, '2016-07-21 16:43:15.163-04', '11', 'Tomate Santacruz - Productos Robadin', 2, 'Aadido/a "Tomate Santacruz - Productos Robadin - 8500" Producto - Precio de Venta.', 27, 1);
INSERT INTO django_admin_log VALUES (681, '2016-07-21 16:52:02.625-04', '12', 'Lechuga - Productos Robadin', 1, '', 27, 1);
INSERT INTO django_admin_log VALUES (682, '2016-07-21 18:34:49.774-04', '10', '10', 1, '', 95, 1);
INSERT INTO django_admin_log VALUES (683, '2016-07-21 18:35:15.789-04', '13', '13', 1, '', 95, 1);
INSERT INTO django_admin_log VALUES (684, '2016-07-21 18:39:03.716-04', '7', 'Productos Robadin', 1, '', 23, 1);
INSERT INTO django_admin_log VALUES (685, '2016-07-21 18:39:54.434-04', '7', 'Productos Robadin', 2, 'Aadido/a "LineaCreditoProveedor object" linea credito proveedor.', 23, 1);
INSERT INTO django_admin_log VALUES (686, '2016-07-21 18:42:51.18-04', '7', 'Productos Robadin', 2, 'Aadido/a "LineaCreditoProveedor object" linea credito proveedor.', 23, 1);
INSERT INTO django_admin_log VALUES (687, '2016-07-21 19:35:18.055-04', '7', 'Productos Robadin', 2, 'Modificado/a direccion y ciudad_proveedor. Modificados codigo_operadora_telefono y telefono para "Productos Robadin - 595 - Paraguay - 21 - Telefonia Fija - 595 - Paraguay - 506770" Proveedor - Telefono.', 23, 1);
INSERT INTO django_admin_log VALUES (688, '2016-07-21 19:37:25.155-04', '20', '20 - Productos Robadin', 1, '', 70, 1);
INSERT INTO django_admin_log VALUES (689, '2016-07-21 19:37:43.213-04', '15', '15', 1, '', 95, 1);
INSERT INTO django_admin_log VALUES (690, '2016-07-22 10:37:41.91-04', '13', 'Cebolla - Productos Robadin', 1, '', 27, 1);
INSERT INTO django_admin_log VALUES (691, '2016-07-22 11:23:35.01-04', '2', 'Litros', 2, 'Modificado/a unidad_medida_producto y descripcion.', 75, 1);
INSERT INTO django_admin_log VALUES (692, '2016-07-22 11:26:05.257-04', '3', 'Kilogramos', 2, 'Modificado/a unidad_medida_producto y descripcion.', 75, 1);
INSERT INTO django_admin_log VALUES (693, '2016-07-22 11:39:45.403-04', '2', 'Cerveza Budweiser 750 ml - Budweiser', 2, 'No ha cambiado ningn campo.', 27, 1);
INSERT INTO django_admin_log VALUES (694, '2016-07-22 11:40:00.534-04', '2', 'Cerveza Budweiser 750 ml - Budweiser', 2, 'No ha cambiado ningn campo.', 27, 1);
INSERT INTO django_admin_log VALUES (695, '2016-07-22 11:40:15.159-04', '2', 'Cerveza Budweiser 750 ml - Budweiser', 2, 'Modificado/a contenido.', 27, 1);
INSERT INTO django_admin_log VALUES (696, '2016-07-22 11:40:32.185-04', '4', 'Cerveza Heineken 750 ml - Heineken', 2, 'Modificado/a contenido.', 27, 1);
INSERT INTO django_admin_log VALUES (697, '2016-07-22 11:40:45.816-04', '7', 'Cerveza Pilsen''i - Pilsen', 2, 'Modificado/a contenido.', 27, 1);
INSERT INTO django_admin_log VALUES (698, '2016-07-22 11:41:12.614-04', '10', 'Gaseosa Sprite 500 ml - Sprite', 2, 'Modificado/a contenido.', 27, 1);
INSERT INTO django_admin_log VALUES (699, '2016-07-22 11:41:35.886-04', '11', 'Tomate Santacruz - Productos Robadin', 2, 'Modificado/a contenido.', 27, 1);
INSERT INTO django_admin_log VALUES (700, '2016-07-22 11:42:04.179-04', '13', 'Cebolla - Productos Robadin', 2, 'Modificado/a contenido.', 27, 1);
INSERT INTO django_admin_log VALUES (701, '2016-07-22 11:46:58.326-04', '10', 'CO - Comidas - PAN - Panificados', 1, '', 74, 1);
INSERT INTO django_admin_log VALUES (702, '2016-07-22 11:47:13.285-04', '14', 'Pan para sandwich - Bimbo', 1, '', 27, 1);
INSERT INTO django_admin_log VALUES (703, '2016-07-22 15:18:37.724-04', '1', 'Cerveza Budweiser 750 ml - Budweiser - DCE - Deposito Central', 1, '', 105, 1);
INSERT INTO django_admin_log VALUES (704, '2016-07-22 15:20:26.558-04', '1', 'Cerveza Budweiser 750 ml - Budweiser - DCE - Deposito Central', 2, 'Aadido/a "StockDetalle object" Detalle de Inventario de Productos.', 105, 1);
INSERT INTO django_admin_log VALUES (705, '2016-07-22 15:20:39.767-04', '1', 'Cerveza Budweiser 750 ml - Budweiser - DCE - Deposito Central', 2, 'Modificado/a cantidad_existente.', 105, 1);
INSERT INTO django_admin_log VALUES (706, '2016-07-22 15:26:11.324-04', '11', 'CO - Comidas - ENV - Envasados', 1, '', 74, 1);
INSERT INTO django_admin_log VALUES (707, '2016-07-22 15:27:41.783-04', '15', 'Bastoncitos de queso muzarella - McCain', 1, '', 27, 1);
INSERT INTO django_admin_log VALUES (708, '2016-07-22 15:33:46.087-04', '16', 'Aceite para fritar - Nolasol', 1, '', 27, 1);
INSERT INTO django_admin_log VALUES (709, '2016-07-22 15:37:48.647-04', '17', 'Mayonesa clasica - Hellmann''s', 1, '', 27, 1);
INSERT INTO django_admin_log VALUES (710, '2016-07-22 15:37:57.447-04', '1', 'Bastoncitos de queso con salsa de ajo', 1, '', 107, 1);
INSERT INTO django_admin_log VALUES (711, '2016-07-26 15:31:48.955-04', '21', '21 - Unilever', 1, '', 70, 1);
INSERT INTO django_admin_log VALUES (712, '2016-07-26 20:08:34.284-04', '21', '21 - Unilever', 2, 'Eliminado/a "OrdenCompraDetalle object" Orden de Compra - Detalle.', 70, 1);
INSERT INTO django_admin_log VALUES (714, '2016-07-31 21:05:56.447-04', '1', '17684653 - Timbrado correspondiente al periodo Set-2011 a Set-2012', 1, '', 110, 1);
INSERT INTO django_admin_log VALUES (715, '2016-07-31 21:06:25.305-04', '1', '17684653 - Timbrado correspondiente al periodo Set-2011 a Set-2012', 2, 'Modificado/a estado_timbrado.', 110, 1);
INSERT INTO django_admin_log VALUES (716, '2016-08-01 11:35:37.792-04', '1', 'MO - Mozo/a', 2, 'Modificado/a descripcion_cargo.', 26, 1);
INSERT INTO django_admin_log VALUES (717, '2016-08-01 11:35:55.03-04', '2', 'BM - Barman/Barwoman', 2, 'Modificado/a descripcion_cargo.', 26, 1);
INSERT INTO django_admin_log VALUES (718, '2016-08-01 11:36:10.117-04', '3', 'CA - Cajero/a', 2, 'Modificado/a descripcion_cargo.', 26, 1);
INSERT INTO django_admin_log VALUES (719, '2016-08-01 11:36:25.86-04', '4', 'CO - Cocinero/a', 2, 'Modificado/a descripcion_cargo.', 26, 1);
INSERT INTO django_admin_log VALUES (720, '2016-08-01 11:36:33.547-04', '5', 'DE - Depositero/a', 2, 'Modificado/a descripcion_cargo.', 26, 1);
INSERT INTO django_admin_log VALUES (721, '2016-08-01 11:38:18.035-04', '1', 'Bastoncitos de queso con salsa de ajo', 2, 'Modificado/a imagen.', 107, 1);
INSERT INTO django_admin_log VALUES (722, '2016-08-01 17:32:48.469-04', '10', 'Reserva de Mesa - Pablo Kosec - 2016-08-01 16:10:34-04:00', 2, 'Modificado/a mesas.', 12, 1);
INSERT INTO django_admin_log VALUES (723, '2016-08-01 17:37:03.609-04', '11', 'Reserva de Mesa - Diego Ruiz Diaz - 2016-08-05 22:00:00-04:00', 1, '', 12, 1);
INSERT INTO django_admin_log VALUES (724, '2016-08-03 15:21:46.261-04', '11', 'Rodrigo Gabriel - Medina Rolon', 1, '', 14, 1);
INSERT INTO django_admin_log VALUES (725, '2016-08-04 13:19:59.269-04', '1', 'Vigente', 1, '', 98, 1);
INSERT INTO django_admin_log VALUES (726, '2016-08-04 13:20:36.055-04', '2', 'Procesado', 1, '', 98, 1);
INSERT INTO django_admin_log VALUES (727, '2016-08-04 13:21:23.662-04', '3', 'Cancelado', 1, '', 98, 1);
INSERT INTO django_admin_log VALUES (728, '2016-08-04 13:49:39.112-04', '10', 'Gaseosa Sprite 500 ml - Sprite - Un. Med: Unidad', 2, 'Aadido/a "Gaseosa Sprite 500 ml - Sprite - Un. Med: Unidad - 6000" Producto - Precio de Venta.', 27, 1);
INSERT INTO django_admin_log VALUES (729, '2016-08-04 13:50:08.607-04', '4', 'Cerveza Heineken 750 ml - Heineken - Un. Med: Unidad', 2, 'Aadido/a "Cerveza Heineken 750 ml - Heineken - Un. Med: Unidad - 12000" Producto - Precio de Venta.', 27, 1);
INSERT INTO django_admin_log VALUES (730, '2016-08-04 14:21:35.615-04', '1', '1 - 2016-08-04 18:21:35.570000+00:00', 1, '', 34, 1);
INSERT INTO django_admin_log VALUES (731, '2016-08-04 14:45:23.041-04', '21', '21 - Unilever', 2, 'No ha cambiado ningn campo.', 70, 1);
INSERT INTO django_admin_log VALUES (732, '2016-08-04 14:53:39.961-04', '21', '21 - Unilever', 2, 'Modificado/a total_orden_compra. Aadido/a "OrdenCompraDetalle object" Orden de Compra - Detalle.', 70, 1);
INSERT INTO django_admin_log VALUES (733, '2016-08-04 14:54:48.243-04', '20', '20 - Productos Robadin', 2, 'Modificado/a total_orden_compra. Aadido/a "OrdenCompraDetalle object" Orden de Compra - Detalle. Aadido/a "OrdenCompraDetalle object" Orden de Compra - Detalle. Aadido/a "OrdenCompraDetalle object" Orden de Compra - Detalle.', 70, 1);
INSERT INTO django_admin_log VALUES (734, '2016-08-04 14:55:51.776-04', '19', '19 - Cervepar', 2, 'Modificado/a total_orden_compra. Aadido/a "OrdenCompraDetalle object" Orden de Compra - Detalle.', 70, 1);
INSERT INTO django_admin_log VALUES (735, '2016-08-04 14:56:40.148-04', '18', '18 - PARESA', 2, 'Modificado/a fecha_entrega_orden_compra y total_orden_compra. Aadido/a "OrdenCompraDetalle object" Orden de Compra - Detalle.', 70, 1);
INSERT INTO django_admin_log VALUES (736, '2016-08-04 14:56:53.914-04', '18', '18 - PARESA', 2, 'Modificado/a fecha_entrega_orden_compra.', 70, 1);
INSERT INTO django_admin_log VALUES (737, '2016-08-04 15:18:16.905-04', '18', '18 - PARESA', 2, 'Modificado/a fecha_entrega_orden_compra.', 70, 1);
INSERT INTO django_admin_log VALUES (738, '2016-08-04 15:19:45.278-04', '19', '19 - Cervepar', 2, 'Modificado/a fecha_entrega_orden_compra y total_orden_compra. Modificados cantidad_producto_orden_compra y total_producto_orden_compra para "OrdenCompraDetalle object" Orden de Compra - Detalle.', 70, 1);
INSERT INTO django_admin_log VALUES (739, '2016-08-04 15:20:10.999-04', '20', '20 - Productos Robadin', 2, 'Modificado/a fecha_entrega_orden_compra.', 70, 1);
INSERT INTO django_admin_log VALUES (740, '2016-08-04 15:21:00.833-04', '21', '21 - Unilever', 2, 'Modificado/a fecha_entrega_orden_compra.', 70, 1);
INSERT INTO django_admin_log VALUES (741, '2016-08-04 15:28:34.702-04', '12', 'CO - Comidas - CAR - Carnicos', 1, '', 74, 1);
INSERT INTO django_admin_log VALUES (742, '2016-08-04 15:28:45.844-04', '18', 'Lomito - Frigochaco - Un. Med: Litros', 1, '', 27, 1);
INSERT INTO django_admin_log VALUES (743, '2016-08-04 16:43:44.191-04', '22', '22 - Frigochaco', 1, '', 70, 1);
INSERT INTO django_admin_log VALUES (744, '2016-08-04 16:44:43.581-04', '22', '22 - Frigochaco', 2, 'Modificado/a fecha_entrega_orden_compra.', 70, 1);
INSERT INTO django_admin_log VALUES (745, '2016-08-04 16:49:27.673-04', '10', 'Distribuidora Gloria', 1, '', 23, 1);
INSERT INTO django_admin_log VALUES (746, '2016-08-04 16:51:11.777-04', '19', 'Miller 750 ml - Miller - Un. Med: Unidad', 1, '', 27, 1);
INSERT INTO django_admin_log VALUES (747, '2016-08-04 16:52:15.035-04', '23', '23 - Distribuidora Gloria', 1, '', 70, 1);
INSERT INTO django_admin_log VALUES (748, '2016-08-07 10:33:38.423-04', '25', '25', 1, '', 95, 1);
INSERT INTO django_admin_log VALUES (749, '2016-08-07 19:28:21.416-04', '26', '26', 1, '', 95, 1);
INSERT INTO django_admin_log VALUES (750, '2016-08-07 20:18:52.496-04', '8', 'Frigochaco - Lomito - Frigochaco - Un. Med: Litros', 1, '', 69, 1);
INSERT INTO django_admin_log VALUES (751, '2016-08-07 20:19:30.111-04', '9', 'Unilever - Bastoncitos de queso muzarella - McCain - Un. Med: Kilogramos', 1, '', 69, 1);
INSERT INTO django_admin_log VALUES (752, '2016-08-07 21:22:34.028-04', '1', 'AperturaCaja object', 1, '', 104, 1);
INSERT INTO django_admin_log VALUES (753, '2016-08-08 10:02:33.013-04', '2', 'Prod: Cerveza Budweiser 750 ml - Budweiser - Un. Med: Unidad - Cant. Exist: 0', 1, '', 105, 1);
INSERT INTO django_admin_log VALUES (754, '2016-08-08 10:11:16.812-04', '3', 'Prod: Cerveza Heineken 750 ml - Heineken - Un. Med: Unidad - Cant. Exist: 0', 1, '', 105, 1);
INSERT INTO django_admin_log VALUES (755, '2016-08-08 10:29:26.381-04', '4', 'Prod: Cerveza Pilsen''i - Pilsen - Un. Med: Unidad - Cant. Exist: 0', 1, '', 105, 1);
INSERT INTO django_admin_log VALUES (756, '2016-08-08 10:34:47.536-04', '5', 'Prod: Gaseosa Sprite 500 ml - Marca: Sprite - Un. Med. Compra: Unidad - Cant. Exist: 0', 1, '', 105, 1);
INSERT INTO django_admin_log VALUES (757, '2016-08-09 09:21:51.73-04', '24', '24 - PARESA', 1, '', 70, 1);
INSERT INTO django_admin_log VALUES (758, '2016-08-09 09:22:02.596-04', '24', '24 - PARESA', 2, 'Eliminado/a "OrdenCompraDetalle object" Orden de Compra - Detalle.', 70, 1);
INSERT INTO django_admin_log VALUES (759, '2016-08-09 09:28:21.652-04', '26', '26', 2, 'No ha cambiado ningn campo.', 95, 1);
INSERT INTO django_admin_log VALUES (760, '2016-08-09 09:28:39.481-04', '27', '27', 1, '', 95, 1);
INSERT INTO django_admin_log VALUES (762, '2016-08-09 09:59:44.34-04', '30', '30', 1, '', 95, 1);
INSERT INTO django_admin_log VALUES (765, '2016-08-09 10:33:18.668-04', '34', '34', 1, '', 95, 1);
INSERT INTO django_admin_log VALUES (766, '2016-08-09 10:33:27.477-04', '34', '34', 2, 'Modificado/a numero_orden_compra.', 95, 1);
INSERT INTO django_admin_log VALUES (767, '2016-08-09 10:33:31.843-04', '34', '34', 2, 'Modificado/a numero_orden_compra.', 95, 1);
INSERT INTO django_admin_log VALUES (768, '2016-08-09 10:33:38.462-04', '34', '34', 2, 'Modificado/a numero_orden_compra.', 95, 1);
INSERT INTO django_admin_log VALUES (769, '2016-08-09 10:33:43.135-04', '34', '34', 2, 'Modificado/a numero_orden_compra.', 95, 1);
INSERT INTO django_admin_log VALUES (770, '2016-08-09 10:33:48.097-04', '34', '34', 2, 'Modificado/a numero_orden_compra.', 95, 1);
INSERT INTO django_admin_log VALUES (771, '2016-08-09 10:33:54.333-04', '34', '34', 2, 'Modificado/a numero_orden_compra.', 95, 1);
INSERT INTO django_admin_log VALUES (772, '2016-08-09 10:33:58.59-04', '34', '34', 2, 'Modificado/a numero_orden_compra.', 95, 1);
INSERT INTO django_admin_log VALUES (773, '2016-08-09 10:34:10.063-04', '34', '34', 2, 'Modificado/a numero_orden_compra.', 95, 1);
INSERT INTO django_admin_log VALUES (774, '2016-08-09 10:34:29.981-04', '34', '34', 2, 'Modificado/a numero_orden_compra.', 95, 1);
INSERT INTO django_admin_log VALUES (775, '2016-08-09 10:34:37.25-04', '34', '34', 2, 'Modificado/a numero_orden_compra.', 95, 1);
INSERT INTO django_admin_log VALUES (776, '2016-08-09 10:34:42.228-04', '34', '34', 2, 'Modificado/a numero_orden_compra.', 95, 1);
INSERT INTO django_admin_log VALUES (777, '2016-08-09 10:34:49.793-04', '34', '34', 2, 'Modificado/a numero_orden_compra.', 95, 1);
INSERT INTO django_admin_log VALUES (778, '2016-08-09 10:35:38.062-04', '34', '34', 2, 'Modificado/a numero_orden_compra.', 95, 1);
INSERT INTO django_admin_log VALUES (779, '2016-08-09 10:35:54.399-04', '34', '34', 2, 'Modificado/a numero_orden_compra.', 95, 1);
INSERT INTO django_admin_log VALUES (780, '2016-08-09 10:37:37.238-04', '30', '30', 2, 'Modificado/a numero_orden_compra.', 95, 1);
INSERT INTO django_admin_log VALUES (781, '2016-08-09 10:37:44.497-04', '30', '30', 2, 'Modificado/a numero_orden_compra.', 95, 1);
INSERT INTO django_admin_log VALUES (782, '2016-08-09 10:38:04.112-04', '30', '30', 2, 'Modificado/a numero_orden_compra.', 95, 1);
INSERT INTO django_admin_log VALUES (783, '2016-08-09 10:38:19.617-04', '30', '30', 2, 'Modificado/a numero_orden_compra.', 95, 1);
INSERT INTO django_admin_log VALUES (784, '2016-08-09 10:50:18.446-04', '34', '34', 2, 'No ha cambiado ningn campo.', 95, 1);
INSERT INTO django_admin_log VALUES (785, '2016-08-09 10:50:49.461-04', '34', '34', 2, 'Modificado/a numero_orden_compra.', 95, 1);
INSERT INTO django_admin_log VALUES (797, '2016-08-09 11:56:15.487-04', '27', '27', 2, 'Modificado/a numero_orden_compra.', 95, 1);
INSERT INTO django_admin_log VALUES (798, '2016-08-09 11:56:26.43-04', '27', '27', 2, 'No ha cambiado ningn campo.', 95, 1);
INSERT INTO django_admin_log VALUES (799, '2016-08-09 11:56:32.668-04', '27', '27', 2, 'No ha cambiado ningn campo.', 95, 1);
INSERT INTO django_admin_log VALUES (800, '2016-08-09 11:57:12.627-04', '26', '26', 2, 'No ha cambiado ningn campo.', 95, 1);
INSERT INTO django_admin_log VALUES (801, '2016-08-09 11:57:43.953-04', '26', '26', 2, 'No ha cambiado ningn campo.', 95, 1);
INSERT INTO django_admin_log VALUES (802, '2016-08-09 12:02:29.306-04', '26', '26', 2, 'No ha cambiado ningn campo.', 95, 1);
INSERT INTO django_admin_log VALUES (803, '2016-08-09 12:02:32.235-04', '26', '26', 2, 'Modificado/a numero_orden_compra.', 95, 1);
INSERT INTO django_admin_log VALUES (804, '2016-08-09 12:02:36.468-04', '26', '26', 2, 'Modificado/a numero_orden_compra.', 95, 1);
INSERT INTO django_admin_log VALUES (805, '2016-08-09 12:09:50.472-04', '26', '26', 2, 'Modificado/a numero_orden_compra.', 95, 1);
INSERT INTO django_admin_log VALUES (806, '2016-08-09 12:10:06.573-04', '26', '26', 2, 'Modificado/a numero_orden_compra.', 95, 1);
INSERT INTO django_admin_log VALUES (807, '2016-08-09 12:10:09.868-04', '26', '26', 2, 'Modificado/a numero_orden_compra.', 95, 1);
INSERT INTO django_admin_log VALUES (808, '2016-08-09 12:10:22.305-04', '26', '26', 2, 'No ha cambiado ningn campo.', 95, 1);
INSERT INTO django_admin_log VALUES (809, '2016-08-09 12:11:06.472-04', '26', '26', 2, 'Modificado/a numero_orden_compra.', 95, 1);
INSERT INTO django_admin_log VALUES (810, '2016-08-09 12:11:16.849-04', '26', '26', 2, 'Modificado/a numero_orden_compra.', 95, 1);
INSERT INTO django_admin_log VALUES (811, '2016-08-09 12:11:25.321-04', '26', '26', 2, 'Modificado/a numero_orden_compra.', 95, 1);
INSERT INTO django_admin_log VALUES (812, '2016-08-09 12:11:32.511-04', '26', '26', 2, 'Modificado/a numero_orden_compra.', 95, 1);
INSERT INTO django_admin_log VALUES (813, '2016-08-09 12:11:35.302-04', '26', '26', 2, 'Modificado/a numero_orden_compra.', 95, 1);
INSERT INTO django_admin_log VALUES (814, '2016-08-09 12:11:40.966-04', '26', '26', 2, 'Modificado/a numero_orden_compra.', 95, 1);
INSERT INTO django_admin_log VALUES (815, '2016-08-09 12:16:55.831-04', '26', '26', 2, 'Modificado/a numero_orden_compra.', 95, 1);
INSERT INTO django_admin_log VALUES (816, '2016-08-09 12:17:02.608-04', '26', '26', 2, 'Modificado/a numero_orden_compra.', 95, 1);
INSERT INTO django_admin_log VALUES (817, '2016-08-09 12:17:10.002-04', '26', '26', 2, 'No ha cambiado ningn campo.', 95, 1);
INSERT INTO django_admin_log VALUES (818, '2016-08-09 12:17:18.414-04', '26', '26', 2, 'No ha cambiado ningn campo.', 95, 1);
INSERT INTO django_admin_log VALUES (819, '2016-08-09 12:20:13.948-04', '37', '37', 1, '', 95, 1);
INSERT INTO django_admin_log VALUES (820, '2016-08-09 12:20:22.37-04', '37', '37', 2, 'Modificado/a numero_orden_compra.', 95, 1);
INSERT INTO django_admin_log VALUES (821, '2016-08-09 12:20:26.867-04', '37', '37', 2, 'Modificado/a numero_orden_compra.', 95, 1);
INSERT INTO django_admin_log VALUES (822, '2016-08-09 12:20:44.781-04', '37', '37', 2, 'No ha cambiado ningn campo.', 95, 1);
INSERT INTO django_admin_log VALUES (823, '2016-08-09 12:21:04.693-04', '37', '37', 2, 'No ha cambiado ningn campo.', 95, 1);
INSERT INTO django_admin_log VALUES (824, '2016-08-09 12:21:08.263-04', '37', '37', 2, 'No ha cambiado ningn campo.', 95, 1);
INSERT INTO django_admin_log VALUES (825, '2016-08-09 12:21:21.159-04', '37', '37', 2, 'Modificado/a numero_orden_compra.', 95, 1);
INSERT INTO django_admin_log VALUES (826, '2016-08-09 12:21:24.153-04', '37', '37', 2, 'Modificado/a numero_orden_compra.', 95, 1);
INSERT INTO django_admin_log VALUES (827, '2016-08-09 12:21:48.906-04', '38', '38', 1, '', 95, 1);
INSERT INTO django_admin_log VALUES (828, '2016-08-09 12:21:53.538-04', '38', '38', 2, 'Modificado/a numero_orden_compra.', 95, 1);
INSERT INTO django_admin_log VALUES (829, '2016-08-09 12:21:57.918-04', '38', '38', 2, 'Modificado/a numero_orden_compra.', 95, 1);
INSERT INTO django_admin_log VALUES (830, '2016-08-09 12:22:01.325-04', '38', '38', 2, 'Modificado/a numero_orden_compra.', 95, 1);
INSERT INTO django_admin_log VALUES (831, '2016-08-09 12:22:05.976-04', '38', '38', 2, 'Modificado/a numero_orden_compra.', 95, 1);
INSERT INTO django_admin_log VALUES (832, '2016-08-09 12:22:15.237-04', '38', '38', 2, 'No ha cambiado ningn campo.', 95, 1);
INSERT INTO django_admin_log VALUES (833, '2016-08-09 12:22:22.014-04', '38', '38', 2, 'Modificado/a numero_orden_compra.', 95, 1);
INSERT INTO django_admin_log VALUES (834, '2016-08-09 12:40:36.285-04', '2', 'Pendiente', 1, '', 118, 1);
INSERT INTO django_admin_log VALUES (835, '2016-08-09 12:41:54.471-04', '3', 'Procesada', 1, '', 118, 1);
INSERT INTO django_admin_log VALUES (836, '2016-08-09 12:42:24.919-04', '4', 'Cancelada', 1, '', 118, 1);
INSERT INTO django_admin_log VALUES (838, '2016-08-09 12:45:55.808-04', '38', '38', 2, 'Modificado/a numero_orden_compra.', 95, 1);
INSERT INTO django_admin_log VALUES (839, '2016-08-09 12:46:06.164-04', '38', '38', 2, 'Modificado/a numero_orden_compra.', 95, 1);
INSERT INTO django_admin_log VALUES (840, '2016-08-09 12:49:31.369-04', '38', '38', 2, 'Modificado/a numero_orden_compra.', 95, 1);
INSERT INTO django_admin_log VALUES (841, '2016-08-10 12:15:32.096-04', '25', '25', 2, 'No ha cambiado ningn campo.', 95, 1);
INSERT INTO django_admin_log VALUES (842, '2016-08-10 12:15:39.662-04', '38', '38', 2, 'No ha cambiado ningn campo.', 95, 1);
INSERT INTO django_admin_log VALUES (843, '2016-08-10 12:18:09.164-04', '34', '34', 2, 'No ha cambiado ningn campo.', 95, 1);
INSERT INTO django_admin_log VALUES (844, '2016-08-10 12:18:13.519-04', '34', '34', 2, 'No ha cambiado ningn campo.', 95, 1);
INSERT INTO django_admin_log VALUES (845, '2016-08-10 12:18:24.315-04', '30', '30', 2, 'No ha cambiado ningn campo.', 95, 1);
INSERT INTO django_admin_log VALUES (846, '2016-08-10 12:18:35.087-04', '26', '26', 2, 'No ha cambiado ningn campo.', 95, 1);
INSERT INTO django_admin_log VALUES (847, '2016-08-10 12:18:53.581-04', '37', '37', 2, 'No ha cambiado ningn campo.', 95, 1);
INSERT INTO django_admin_log VALUES (848, '2016-08-10 12:20:20.482-04', '39', '39', 1, '', 95, 1);
INSERT INTO django_admin_log VALUES (849, '2016-08-10 12:33:32.637-04', '39', '39', 2, 'No ha cambiado ningn campo.', 95, 1);
INSERT INTO django_admin_log VALUES (850, '2016-08-11 08:30:57.779-04', '1', 'Compra: 39 - Factura: 987898', 2, 'Aadido/a "ID: 1 - Pago: 100000" Pago a Proveedores.', 121, 1);
INSERT INTO django_admin_log VALUES (851, '2016-08-11 11:17:35.656-04', '10', 'Productos Robadin - 50000000 - 2016-08-11 15:17:35.650000+00:00', 1, '', 63, 1);
INSERT INTO django_admin_log VALUES (852, '2016-08-11 11:23:08.34-04', '40', '40', 1, '', 95, 1);
INSERT INTO django_admin_log VALUES (853, '2016-08-11 11:26:50.668-04', '40', '40', 2, 'Modificado/a total_compra.', 95, 1);
INSERT INTO django_admin_log VALUES (854, '2016-08-11 11:31:17.935-04', '3', 'Unilever - 8000000 - 2016-08-11 15:31:17.929000+00:00', 2, 'Modificado/a linea_credito_proveedor.', 63, 1);
INSERT INTO django_admin_log VALUES (855, '2016-08-11 11:31:57.53-04', '41', '41', 1, '', 95, 1);
INSERT INTO django_admin_log VALUES (856, '2016-08-11 13:09:53.787-04', '41', '41', 2, 'No ha cambiado ningn campo.', 95, 1);
INSERT INTO django_admin_log VALUES (857, '2016-08-11 13:12:42.103-04', '25', '25 - Frigochaco', 1, '', 70, 1);
INSERT INTO django_admin_log VALUES (858, '2016-08-11 13:13:21.349-04', '42', '42', 1, '', 95, 1);
INSERT INTO django_admin_log VALUES (859, '2016-08-11 13:17:37.955-04', '11', 'Frigochaco - 5000000 - 2016-08-11 17:17:37.950000+00:00', 1, '', 63, 1);
INSERT INTO django_admin_log VALUES (860, '2016-08-11 13:20:07.47-04', '6', 'Prod: Lomito - Marca: Frigochaco - Un. Med. Compra: Litros - Cant. Exist: 0', 1, '', 105, 1);
INSERT INTO django_admin_log VALUES (861, '2016-08-11 13:27:43.044-04', '42', '42', 2, 'No ha cambiado ningn campo.', 95, 1);
INSERT INTO django_admin_log VALUES (862, '2016-08-11 19:15:10.264-04', '26', '26 - Productos Robadin', 1, '', 70, 1);
INSERT INTO django_admin_log VALUES (863, '2016-08-11 19:15:57.699-04', '26', '26 - Productos Robadin', 2, 'Modificado/a total_orden_compra. Aadido/a "OrdenCompraDetalle object" Orden de Compra - Detalle.', 70, 1);
INSERT INTO django_admin_log VALUES (864, '2016-08-11 19:44:46.912-04', '43', '43', 1, '', 95, 1);
INSERT INTO django_admin_log VALUES (865, '2016-08-11 19:52:26.993-04', '20', 'Gaseosa Coca-Cola 500 ml - Marca: Coca-Cola - Un. Med. Compra: Unidad', 1, '', 27, 1);
INSERT INTO django_admin_log VALUES (866, '2016-08-11 19:52:45.13-04', '27', '27 - PARESA', 1, '', 70, 1);
INSERT INTO django_admin_log VALUES (867, '2016-08-11 19:53:14.974-04', '44', '44', 1, '', 95, 1);
INSERT INTO django_admin_log VALUES (868, '2016-08-11 19:53:40.74-04', '44', '44', 2, 'No ha cambiado ningn campo.', 95, 1);
INSERT INTO django_admin_log VALUES (869, '2016-08-11 19:54:10.425-04', '28', '28 - Cervepar', 1, '', 70, 1);
INSERT INTO django_admin_log VALUES (870, '2016-08-11 19:54:20.453-04', '44', '44', 2, 'Modificado/a numero_orden_compra.', 95, 1);
INSERT INTO django_admin_log VALUES (871, '2016-08-11 19:54:50.443-04', '44', '44', 2, 'Modificado/a numero_orden_compra.', 95, 1);
INSERT INTO django_admin_log VALUES (872, '2016-08-11 19:54:56.63-04', '44', '44', 2, 'Modificado/a numero_orden_compra.', 95, 1);
INSERT INTO django_admin_log VALUES (873, '2016-08-11 19:57:08.208-04', '21', 'Cerveza Pilsen - Marca: Pilsen - Un. Med. Compra: Litros', 1, '', 27, 1);
INSERT INTO django_admin_log VALUES (874, '2016-08-11 19:57:58.401-04', '44', '44', 2, 'Modificado/a total_compra. Aadido/a "CompraDetalle object" Compra - Detalle.', 95, 1);
INSERT INTO django_admin_log VALUES (875, '2016-08-11 19:58:05.82-04', '44', '44', 2, 'No ha cambiado ningn campo.', 95, 1);
INSERT INTO django_admin_log VALUES (876, '2016-08-11 20:00:21.483-04', '44', '44', 2, 'Modificado/a numero_orden_compra.', 95, 1);
INSERT INTO django_admin_log VALUES (877, '2016-08-11 20:00:26.906-04', '44', '44', 2, 'Modificado/a numero_orden_compra.', 95, 1);
INSERT INTO django_admin_log VALUES (878, '2016-08-11 20:01:22.702-04', '44', '44', 2, 'Modificado/a numero_orden_compra.', 95, 1);
INSERT INTO django_admin_log VALUES (879, '2016-08-11 20:01:28.613-04', '44', '44', 2, 'Modificado/a numero_orden_compra.', 95, 1);
INSERT INTO django_admin_log VALUES (880, '2016-08-11 20:01:39.11-04', '44', '44', 2, 'Modificado/a numero_orden_compra.', 95, 1);
INSERT INTO django_admin_log VALUES (881, '2016-08-11 20:01:42.168-04', '44', '44', 2, 'Modificado/a numero_orden_compra.', 95, 1);
INSERT INTO django_admin_log VALUES (882, '2016-08-11 20:01:48.038-04', '44', '44', 2, 'Modificado/a numero_orden_compra.', 95, 1);
INSERT INTO django_admin_log VALUES (883, '2016-08-11 20:02:02.705-04', '44', '44', 2, 'Modificado/a numero_orden_compra.', 95, 1);
INSERT INTO django_admin_log VALUES (884, '2016-08-11 20:02:06.766-04', '44', '44', 2, 'Modificado/a numero_orden_compra.', 95, 1);
INSERT INTO django_admin_log VALUES (885, '2016-08-11 20:02:23.368-04', '44', '44', 2, 'Modificado/a numero_orden_compra.', 95, 1);
INSERT INTO django_admin_log VALUES (886, '2016-08-11 20:16:05.646-04', '44', '44', 2, 'Aadido/a "CompraDetalle object" Compra - Detalle.', 95, 1);
INSERT INTO django_admin_log VALUES (887, '2016-08-11 20:16:50.501-04', '45', '45', 1, '', 95, 1);
INSERT INTO django_admin_log VALUES (888, '2016-08-11 20:24:20.114-04', '43', '43', 2, 'No ha cambiado ningn campo.', 95, 1);
INSERT INTO django_admin_log VALUES (889, '2016-08-11 20:28:17.847-04', '29', '29 - Unilever', 1, '', 70, 1);
INSERT INTO django_admin_log VALUES (890, '2016-08-11 20:29:01.339-04', '46', '46', 1, '', 95, 1);
INSERT INTO django_admin_log VALUES (891, '2016-08-12 20:43:48.697-04', '4', 'rmedina', 1, '', 4, 1);
INSERT INTO django_admin_log VALUES (892, '2016-08-12 20:43:59.287-04', '11', 'RODRIGO GABRIEL MEDINA ROLON - MO - Mozo/a', 2, 'Modificado/a usuario.', 14, 1);
INSERT INTO django_admin_log VALUES (893, '2016-08-12 20:44:52.115-04', '5', 'edelgado', 1, '', 4, 1);
INSERT INTO django_admin_log VALUES (894, '2016-08-12 20:44:58.275-04', '10', 'ELIZABETH DELGADO - MO - Mozo/a', 2, 'Modificado/a usuario.', 14, 1);
INSERT INTO django_admin_log VALUES (895, '2016-08-12 20:45:45.93-04', '4', 'rmedina', 2, 'Modificado/a password.', 4, 1);
INSERT INTO django_admin_log VALUES (896, '2016-08-12 20:45:55.184-04', '4', 'rmedina', 2, 'No ha cambiado ningn campo.', 4, 1);
INSERT INTO django_admin_log VALUES (897, '2016-08-12 20:46:44.821-04', '6', 'ofernandez', 1, '', 4, 1);
INSERT INTO django_admin_log VALUES (898, '2016-08-12 20:47:15.82-04', '9', 'OSVALDO FERNANDEZ - DE - Depositero/a', 2, 'Modificado/a usuario. Aadido/a "OSVALDO FERNANDEZ - DE - Depositero/a - 595 - Paraguay - 983 - Telefonia Movil - 595 - Paraguay - 574986" Empleado - Telefono.', 14, 1);
INSERT INTO django_admin_log VALUES (899, '2016-08-12 20:47:31.853-04', '7', 'scuevas', 1, '', 4, 1);
INSERT INTO django_admin_log VALUES (900, '2016-08-12 20:47:49.974-04', '8', 'SILVINO CUEVAS - CO - Cocinero/a', 2, 'Modificado/a usuario. Aadido/a "SILVINO CUEVAS - CO - Cocinero/a - 595 - Paraguay - 991 - Telefonia Movil - 595 - Paraguay - 653983" Empleado - Telefono.', 14, 1);
INSERT INTO django_admin_log VALUES (901, '2016-08-12 20:48:42.189-04', '8', 'briveros', 1, '', 4, 1);
INSERT INTO django_admin_log VALUES (902, '2016-08-12 20:48:44.206-04', '7', 'BLAS RIVEROS - CO - Cocinero/a', 2, 'Modificado/a usuario. Aadido/a "BLAS RIVEROS - CO - Cocinero/a - 595 - Paraguay - 961 - Telefonia Movil - 595 - Paraguay - 506935" Empleado - Telefono.', 14, 1);
INSERT INTO django_admin_log VALUES (903, '2016-08-12 20:49:18.74-04', '9', 'cbalbuena', 1, '', 4, 1);
INSERT INTO django_admin_log VALUES (904, '2016-08-12 20:49:19.797-04', '6', 'CARLOS BALBUENA - DE - Depositero/a', 2, 'Modificado/a usuario. Aadido/a "CARLOS BALBUENA - DE - Depositero/a - 595 - Paraguay - 971 - Telefonia Movil - 595 - Paraguay - 340058" Empleado - Telefono.', 14, 1);
INSERT INTO django_admin_log VALUES (905, '2016-08-12 20:50:10.981-04', '10', 'rmartinez', 1, '', 4, 1);
INSERT INTO django_admin_log VALUES (906, '2016-08-12 20:50:12.872-04', '5', 'ROSA MARTINEZ - BM - Barman/Barwoman', 2, 'Modificado/a usuario. Aadido/a "ROSA MARTINEZ - BM - Barman/Barwoman - 595 - Paraguay - 981 - Telefonia Movil - 595 - Paraguay - 455869" Empleado - Telefono.', 14, 1);
INSERT INTO django_admin_log VALUES (907, '2016-08-12 20:50:38.372-04', '11', 'rburgos', 1, '', 4, 1);
INSERT INTO django_admin_log VALUES (908, '2016-08-12 20:50:40.985-04', '4', 'RODRIGO BURGOS - CO - Cocinero/a', 2, 'Modificado/a usuario.', 14, 1);
INSERT INTO django_admin_log VALUES (909, '2016-08-12 20:50:59.11-04', '12', 'jayala', 1, '', 4, 1);
INSERT INTO django_admin_log VALUES (910, '2016-08-12 20:51:00.912-04', '3', 'JUAN AYALA - CA - Cajero/a', 2, 'Modificado/a usuario.', 14, 1);
INSERT INTO django_admin_log VALUES (911, '2016-08-13 10:58:56.987-04', '3', 'JUAN AYALA - CA - Cajero/a', 2, 'Modificado/a _codigo_venta.', 14, 1);
INSERT INTO django_admin_log VALUES (912, '2016-08-13 10:59:05.43-04', '4', 'RODRIGO BURGOS - CO - Cocinero/a', 2, 'Modificado/a _codigo_venta.', 14, 1);
INSERT INTO django_admin_log VALUES (913, '2016-08-13 10:59:16.823-04', '5', 'ROSA MARTINEZ - BM - Barman/Barwoman', 2, 'Modificado/a _codigo_venta.', 14, 1);
INSERT INTO django_admin_log VALUES (914, '2016-08-13 10:59:39.691-04', '6', 'CARLOS BALBUENA - DE - Depositero/a', 2, 'Modificado/a _codigo_venta.', 14, 1);
INSERT INTO django_admin_log VALUES (915, '2016-08-13 10:59:53.03-04', '7', 'BLAS RIVEROS - CO - Cocinero/a', 2, 'Modificado/a _codigo_venta.', 14, 1);
INSERT INTO django_admin_log VALUES (916, '2016-08-13 11:00:31.026-04', '10', 'ELIZABETH DELGADO - MO - Mozo/a', 2, 'No ha cambiado ningn campo.', 14, 1);
INSERT INTO django_admin_log VALUES (917, '2016-08-13 11:03:20.958-04', '13', 'fcano', 1, '', 4, 1);
INSERT INTO django_admin_log VALUES (918, '2016-08-13 11:15:21.038-04', '14', 'FRANCISCO LUIS CANO MONTIEL - MO - Mozo/a', 1, '', 14, 1);
INSERT INTO django_admin_log VALUES (919, '2016-08-13 11:35:50.694-04', '23', 'Mariano Roque Alonso - Paraguay', 1, '', 57, 1);
INSERT INTO django_admin_log VALUES (920, '2016-08-13 11:40:29.312-04', '11', 'Pollpar S.A.', 1, '', 23, 1);
INSERT INTO django_admin_log VALUES (921, '2016-08-13 11:46:50.02-04', '12', 'Las Tacuaras - Nutrihuevos', 1, '', 23, 1);
INSERT INTO django_admin_log VALUES (922, '2016-08-13 11:55:15.342-04', '14', 'FRANCISCO LUIS CANO MONTIEL - MO - Mozo/a', 2, 'No ha cambiado ningn campo.', 14, 1);
INSERT INTO django_admin_log VALUES (923, '2016-08-13 11:57:56.759-04', '14', 'crecalde', 1, '', 4, 1);
INSERT INTO django_admin_log VALUES (924, '2016-08-13 11:58:14.621-04', '12', '984 - Telefonia Movil - 595 - Paraguay', 1, '', 93, 1);
INSERT INTO django_admin_log VALUES (925, '2016-08-13 11:58:31.203-04', '15', 'CESAR JAVIER RECALDE PERALTA - CO - Cocinero/a', 1, '', 14, 1);
INSERT INTO django_admin_log VALUES (926, '2016-08-13 13:25:55.434-04', '15', 'CESAR JAVIER RECALDE PERALTA - CO - Cocinero/a', 2, 'No ha cambiado ningn campo.', 14, 1);
INSERT INTO django_admin_log VALUES (927, '2016-08-13 13:27:34.34-04', '15', 'CESAR JAVIER RECALDE PERALTA - CO - Cocinero/a', 2, 'No ha cambiado ningn campo.', 14, 1);
INSERT INTO django_admin_log VALUES (928, '2016-08-13 13:33:35.659-04', '15', 'CESAR JAVIER RECALDE PERALTA - CO - Cocinero/a', 2, 'No ha cambiado ningn campo.', 14, 1);
INSERT INTO django_admin_log VALUES (929, '2016-08-13 13:35:00.253-04', '14', 'FRANCISCO LUIS CANO MONTIEL - MO - Mozo/a', 2, 'No ha cambiado ningn campo.', 14, 1);
INSERT INTO django_admin_log VALUES (930, '2016-08-13 13:36:17.274-04', '11', 'RODRIGO GABRIEL MEDINA ROLON - MO - Mozo/a', 2, 'No ha cambiado ningn campo.', 14, 1);
INSERT INTO django_admin_log VALUES (931, '2016-08-13 13:38:07.688-04', '14', 'FRANCISCO LUIS CANO MONTIEL - MO - Mozo/a', 2, 'No ha cambiado ningn campo.', 14, 1);
INSERT INTO django_admin_log VALUES (932, '2016-08-13 13:38:21.455-04', '3', 'JUAN AYALA - CA - Cajero/a', 2, 'No ha cambiado ningn campo.', 14, 1);
INSERT INTO django_admin_log VALUES (933, '2016-08-13 13:39:55.757-04', '24', 'Itaugua - Paraguay', 1, '', 57, 1);
INSERT INTO django_admin_log VALUES (934, '2016-08-13 13:41:08.441-04', '15', 'cgamarra', 1, '', 4, 1);
INSERT INTO django_admin_log VALUES (935, '2016-08-13 13:41:33.971-04', '16', 'CECILIA NOEMI GAMARRA GONZALEZ - CA - Cajero/a', 1, '', 14, 1);
INSERT INTO django_admin_log VALUES (936, '2016-08-13 13:43:34.487-04', '16', 'CECILIA NOEMI GAMARRA GONZALEZ - CA - Cajero/a', 2, 'No ha cambiado ningn campo.', 14, 1);
INSERT INTO django_admin_log VALUES (937, '2016-08-13 14:45:01.49-04', '2', 'PARESA', 2, 'Modificado/a ruc.', 23, 1);
INSERT INTO django_admin_log VALUES (938, '2016-08-13 14:45:38.513-04', '2', 'PARESA', 2, 'Modificado/a ruc.', 23, 1);
INSERT INTO django_admin_log VALUES (939, '2016-08-13 15:19:43.198-04', '2', 'PARESA', 2, 'Modificado/a ruc.', 23, 1);
INSERT INTO django_admin_log VALUES (940, '2016-08-13 15:22:36.729-04', '3', 'Unilever', 2, 'Modificado/a ruc.', 23, 1);
INSERT INTO django_admin_log VALUES (941, '2016-08-13 15:23:07.422-04', '4', 'Cervepar', 2, 'Modificado/a ruc.', 23, 1);
INSERT INTO django_admin_log VALUES (942, '2016-08-13 15:25:49.623-04', '6', 'Frigochaco', 2, 'Modificado/a ruc.', 23, 1);
INSERT INTO django_admin_log VALUES (943, '2016-08-13 15:26:06.874-04', '7', 'Productos Robadin', 2, 'No ha cambiado ningn campo.', 23, 1);
INSERT INTO django_admin_log VALUES (944, '2016-08-13 15:28:41.26-04', '13', '985 - Telefonia Movil - 595 - Paraguay', 1, '', 93, 1);
INSERT INTO django_admin_log VALUES (945, '2016-08-13 15:28:44.389-04', '9', 'Triskel S.A.', 2, 'Aadido/a "Triskel S.A. - 595 - Paraguay - 985 - Telefonia Movil - 595 - Paraguay - 155179" Proveedor - Telefono.', 23, 1);
INSERT INTO django_admin_log VALUES (946, '2016-08-13 15:29:12.465-04', '10', 'Distribuidora Gloria', 2, 'No ha cambiado ningn campo.', 23, 1);
INSERT INTO django_admin_log VALUES (947, '2016-08-13 15:29:24.214-04', '11', 'Pollpar S.A.', 2, 'No ha cambiado ningn campo.', 23, 1);
INSERT INTO django_admin_log VALUES (948, '2016-08-13 15:30:02.415-04', '12', 'Las Tacuaras - Nutrihuevos', 2, 'Modificado/a ruc.', 23, 1);
INSERT INTO django_admin_log VALUES (949, '2016-08-13 15:31:58.041-04', '13', 'PROFARCO S.A.', 1, '', 23, 1);
INSERT INTO django_admin_log VALUES (950, '2016-08-13 16:02:51.056-04', '14', 'QQ Cosas', 1, '', 23, 1);
INSERT INTO django_admin_log VALUES (951, '2016-08-13 16:03:39.119-04', '14', 'QQ Cosas', 3, '', 23, 1);
INSERT INTO django_admin_log VALUES (952, '2016-08-13 16:26:54.755-04', '1', 'Raquel Cogliolo', 2, 'Modificados numero_documento para "RUC - Registro Unico del Contribuyente - 2441658" Cliente - Documento. Eliminado/a "CI - Cedula de Identidad - 2441658" Cliente - Documento.', 11, 1);
INSERT INTO django_admin_log VALUES (953, '2016-08-13 16:37:17.507-04', '20', 'Alberto Geronimo Contreras Benitez', 2, 'Modificados tipo_documento para "RUC - Registro Unico del Contribuyente - 4110532" Cliente - Documento.', 11, 1);
INSERT INTO django_admin_log VALUES (954, '2016-08-13 16:37:34.581-04', '20', 'Alberto Geronimo Contreras Benitez', 2, 'Modificados numero_documento para "RUC - Registro Unico del Contribuyente - 4110533" Cliente - Documento.', 11, 1);
INSERT INTO django_admin_log VALUES (955, '2016-08-13 16:37:47.667-04', '20', 'Alberto Geronimo Contreras Benitez', 2, 'Modificados numero_documento para "RUC - Registro Unico del Contribuyente - 4110532" Cliente - Documento.', 11, 1);
INSERT INTO django_admin_log VALUES (956, '2016-08-13 16:38:29.547-04', '11', 'Fabiana Ramirez', 2, 'Aadido/a "Fabiana Ramirez - 595 - Paraguay981 - Telefonia Movil - 595 - Paraguay360009" Cliente - Telefono. Modificados tipo_documento para "RUC - Registro Unico del Contribuyente - 2461797" Cliente - Documento.', 11, 1);
INSERT INTO django_admin_log VALUES (957, '2016-08-13 16:39:04.575-04', '13', 'Jose Leguizamon', 2, 'Modificados tipo_documento para "RUC - Registro Unico del Contribuyente - 3007890" Cliente - Documento.', 11, 1);
INSERT INTO django_admin_log VALUES (958, '2016-08-13 16:39:58.44-04', '13', 'Jose Leguizamon', 2, 'Modificado/a direccion.', 11, 1);
INSERT INTO django_admin_log VALUES (959, '2016-08-13 16:41:54.351-04', '25', 'Luque - Paraguay', 1, '', 57, 1);
INSERT INTO django_admin_log VALUES (960, '2016-08-13 16:42:33.665-04', '23', 'Gustavo Acosta', 1, '', 11, 1);
INSERT INTO django_admin_log VALUES (961, '2016-08-13 16:46:51.033-04', '1', 'Raquel Cogliolo', 2, 'Aadido/a "CI - Cedula de Identidad - 2441658" Cliente - Documento.', 11, 1);
INSERT INTO django_admin_log VALUES (962, '2016-08-13 16:48:14.953-04', '14', '974 - Telefonia Movil - 595 - Paraguay', 1, '', 93, 1);
INSERT INTO django_admin_log VALUES (963, '2016-08-13 16:48:25.259-04', '24', 'Pedro Miguel Molas Rodriguez', 1, '', 11, 1);
INSERT INTO django_admin_log VALUES (964, '2016-08-13 17:23:07.658-04', '12', 'Reserva de Mesa - Gustavo Acosta - 2016-08-13 22:00:00-04:00', 1, '', 12, 1);
INSERT INTO django_admin_log VALUES (965, '2016-08-13 17:25:30.612-04', '2', 'raquel', 2, 'Modificado/a password.', 4, 1);
INSERT INTO django_admin_log VALUES (966, '2016-08-13 17:47:20.53-04', '13', 'Reserva de Mesa - Alberto Geronimo Contreras Benitez - 2016-08-13 20:00:00-04:00', 1, '', 12, 2);
INSERT INTO django_admin_log VALUES (967, '2016-08-13 17:57:57.186-04', '13', 'Reserva de Mesa - Alberto Geronimo Contreras Benitez - 2016-08-13 20:00:00-04:00', 2, 'Modificado/a cantidad_personas.', 12, 2);
INSERT INTO django_admin_log VALUES (968, '2016-08-13 18:04:06.35-04', '3', 'fmolas', 2, 'Modificado/a user_permissions.', 4, 2);
INSERT INTO django_admin_log VALUES (969, '2016-08-13 18:04:50.955-04', '3', 'fmolas', 2, 'Modificado/a password.', 4, 1);
INSERT INTO django_admin_log VALUES (970, '2016-08-13 18:06:29.815-04', '3', 'fmolas', 2, 'Modificado/a user_permissions.', 4, 1);
INSERT INTO django_admin_log VALUES (971, '2016-08-13 18:12:41.035-04', '14', 'Reserva de Mesa - Maximo Alejandro Lopez Moreira - 2016-08-13 21:00:00-04:00', 1, '', 12, 3);
INSERT INTO django_admin_log VALUES (972, '2016-08-13 18:15:05.638-04', '14', 'Reserva de Mesa - Maximo Alejandro Lopez Moreira - 2016-08-13 21:00:00-04:00', 2, 'Modificado/a cantidad_personas y pago.', 12, 1);
INSERT INTO django_admin_log VALUES (973, '2016-08-13 20:23:36.096-04', '1', 'Nro. Ped: 1 - Mesa/s: bar.Mesa.None', 2, 'Modificado/a mesa_pedido.', 34, 1);
INSERT INTO django_admin_log VALUES (974, '2016-08-14 10:34:39.179-04', '30', '30 - Productos Robadin', 1, '', 70, 1);
INSERT INTO django_admin_log VALUES (975, '2016-08-14 10:35:10.626-04', '47', '47', 1, '', 95, 1);
INSERT INTO django_admin_log VALUES (976, '2016-08-14 10:42:02.667-04', '47', '47', 2, 'No ha cambiado ningn campo.', 95, 1);
INSERT INTO django_admin_log VALUES (977, '2016-08-15 14:03:51.328-04', '17', 'PEDRO MIGUEL MOLAS RODRIGUEZ - MO - Mozo/a', 1, '', 14, 1);
INSERT INTO django_admin_log VALUES (978, '2016-08-15 14:05:34.352-04', '6', 'EI - Encargado de Informatica', 1, '', 26, 1);
INSERT INTO django_admin_log VALUES (979, '2016-08-15 14:10:41.127-04', '17', 'PEDRO MIGUEL MOLAS RODRIGUEZ - EI - Encargado de Informatica', 2, 'Modificado/a cargo.', 14, 1);
INSERT INTO django_admin_log VALUES (980, '2016-08-15 14:39:18.598-04', '4', 'Nro. Ped: 4 - Fec. Ped: 15/08/2016', 1, '', 34, 1);
INSERT INTO django_admin_log VALUES (981, '2016-08-15 15:43:22.695-04', '15', 'Reserva de Mesa - Alejandro Cespedes - 2016-08-17 22:00:00-04:00', 1, '', 12, 1);
INSERT INTO django_admin_log VALUES (982, '2016-08-15 16:00:35.953-04', '31', '31 - Unilever', 1, '', 70, 1);
INSERT INTO django_admin_log VALUES (983, '2016-08-15 16:01:22.314-04', '48', '48', 1, '', 95, 1);
INSERT INTO django_admin_log VALUES (984, '2016-08-15 16:01:38.789-04', '48', '48', 2, 'Modificado/a numero_factura_compra.', 95, 1);
INSERT INTO django_admin_log VALUES (985, '2016-08-15 16:42:34.656-04', '46', '46', 2, 'No ha cambiado ningn campo.', 95, 1);
INSERT INTO django_admin_log VALUES (986, '2016-08-15 16:50:09.458-04', '26', '26 - Productos Robadin', 2, 'Modificado/a fecha_entrega_orden_compra y total_orden_compra. Eliminado/a "OrdenCompraDetalle object" Compra - Detalle de Orden. Eliminado/a "OrdenCompraDetalle object" Compra - Detalle de Orden.', 70, 1);
INSERT INTO django_admin_log VALUES (987, '2016-08-15 16:51:46.756-04', '43', '43', 2, 'No ha cambiado ningn campo.', 95, 1);
INSERT INTO django_admin_log VALUES (988, '2016-08-15 16:52:57.821-04', '43', '43', 2, 'Eliminado/a "CompraDetalle object" Compra - Detalle de Confirmacion de Orden. Eliminado/a "CompraDetalle object" Compra - Detalle de Confirmacion de Orden.', 95, 1);
INSERT INTO django_admin_log VALUES (989, '2016-08-15 16:53:29.708-04', '43', '43', 2, 'Modificado/a fecha_factura_compra y total_compra.', 95, 1);
INSERT INTO django_admin_log VALUES (990, '2016-08-15 17:20:01.537-04', '45', 'ID: 45 - Repollo - Marca: Productos Robadin - Un. Med. Compra: Kilogramos', 1, '', 27, 1);
INSERT INTO django_admin_log VALUES (991, '2016-08-15 17:21:03.242-04', '20', '20 - Productos Robadin', 2, 'Modificado/a fecha_entrega_orden_compra y total_orden_compra. Aadido/a "OrdenCompraDetalle object" Compra - Detalle de Orden.', 70, 1);
INSERT INTO django_admin_log VALUES (992, '2016-08-15 17:22:25.94-04', '46', 'ID: 46 - Repollo morado - Marca: Productos Robadin - Un. Med. Compra: Kilogramos', 1, '', 27, 1);
INSERT INTO django_admin_log VALUES (993, '2016-08-15 17:22:54.5-04', '20', '20 - Productos Robadin', 2, 'Modificado/a total_orden_compra. Aadido/a "OrdenCompraDetalle object" Compra - Detalle de Orden.', 70, 1);
INSERT INTO django_admin_log VALUES (994, '2016-08-15 17:39:01.348-04', '41', '41', 2, 'No ha cambiado ningn campo.', 95, 1);
INSERT INTO django_admin_log VALUES (995, '2016-08-15 17:47:07.055-04', '6', 'GO - Golosinas', 1, '', 22, 1);
INSERT INTO django_admin_log VALUES (996, '2016-08-15 17:48:16.816-04', '13', 'GO - Golosinas - CAR - Caramelos', 1, '', 74, 1);
INSERT INTO django_admin_log VALUES (997, '2016-08-15 17:54:52.513-04', '47', 'ID: 47 - Caramelo Halls azul - Marca: Halls - Un. Med. Compra: Unidad', 1, '', 27, 1);
INSERT INTO django_admin_log VALUES (998, '2016-08-15 18:05:22.098-04', '32', '32 - PROFARCO S.A.', 1, '', 70, 1);
INSERT INTO django_admin_log VALUES (999, '2016-08-15 18:05:57.086-04', '32', '32 - PROFARCO S.A.', 2, 'No ha cambiado ningn campo.', 70, 1);
INSERT INTO django_admin_log VALUES (1000, '2016-08-15 18:06:37.149-04', '32', '32 - PROFARCO S.A.', 2, 'No ha cambiado ningn campo.', 70, 1);
INSERT INTO django_admin_log VALUES (1001, '2016-08-15 18:07:17.296-04', '41', '41', 2, 'Modificado/a numero_orden_compra.', 95, 1);
INSERT INTO django_admin_log VALUES (1002, '2016-08-15 18:07:25.503-04', '41', '41', 2, 'Modificado/a numero_orden_compra.', 95, 1);
INSERT INTO django_admin_log VALUES (1003, '2016-08-15 18:07:32.659-04', '41', '41', 2, 'No ha cambiado ningn campo.', 95, 1);
INSERT INTO django_admin_log VALUES (1004, '2016-08-15 18:08:15.815-04', '41', '41', 2, 'No ha cambiado ningn campo.', 95, 1);
INSERT INTO django_admin_log VALUES (1005, '2016-08-15 18:08:40.771-04', '49', '49', 1, '', 95, 1);
INSERT INTO django_admin_log VALUES (1006, '2016-08-15 18:09:54.332-04', '11', 'Prod: ID: 11 - Tomate Santacruz - Marca: Productos Robadin - Un. Med. Compra: Kilogramos - Cant. Exist: 20', 2, 'Modificado/a cantidad_existente.', 105, 1);
INSERT INTO django_admin_log VALUES (1007, '2016-08-15 18:10:14.958-04', '18', 'Prod: ID: 14 - Pan para sandwich - Marca: Bimbo - Un. Med. Compra: Unidad - Cant. Exist: 30', 2, 'Modificado/a cantidad_existente.', 105, 1);
INSERT INTO django_admin_log VALUES (1008, '2016-08-15 18:10:32.475-04', '13', 'Prod: ID: 17 - Mayonesa clasica - Marca: Hellmann''s - Un. Med. Compra: Kilogramos - Cant. Exist: 10', 2, 'Modificado/a cantidad_existente.', 105, 1);
INSERT INTO django_admin_log VALUES (1009, '2016-08-15 18:10:57.424-04', '12', 'Prod: ID: 16 - Aceite para fritar - Marca: Nolasol - Un. Med. Compra: Litros - Cant. Exist: 7', 2, 'Modificado/a cantidad_existente.', 105, 1);
INSERT INTO django_admin_log VALUES (1010, '2016-08-15 18:11:20.628-04', '10', 'Prod: ID: 12 - Lechuga - Marca: Productos Robadin - Un. Med. Compra: Unidad - Cant. Exist: 20', 2, 'Modificado/a cantidad_existente.', 105, 1);
INSERT INTO django_admin_log VALUES (1011, '2016-08-15 18:11:57.4-04', '6', 'Prod: ID: 18 - Lomito - Marca: Frigochaco - Un. Med. Compra: Litros - Cant. Exist: 30', 2, 'Modificado/a cantidad_existente.', 105, 1);
INSERT INTO django_admin_log VALUES (1012, '2016-08-15 18:12:54.014-04', '1', 'Prod: ID: 2 - Cerveza Budweiser 750 ml - Marca: Budweiser - Un. Med. Compra: Unidad - Cant. Exist: 0', 2, 'Modificado/a cantidad_existente.', 105, 1);
INSERT INTO django_admin_log VALUES (1013, '2016-08-15 18:48:42.136-04', '49', 'ID Prod: 49 - Prod: Bastoncitos de queso muzarella con salsa de ajo - Marca: Marca - Un. Med. Compra: Unidad', 1, '', 107, 1);
INSERT INTO django_admin_log VALUES (1014, '2016-08-15 19:39:11.966-04', '49', 'ID Prod: 49 - Prod: Bastoncitos de queso muzarella con salsa de ajo - Marca: Marca - Un. Med. Compra: Unidad', 2, 'Modificado/a compuesto.', 27, 1);
INSERT INTO django_admin_log VALUES (1015, '2016-08-15 19:39:43.737-04', '47', 'ID Prod: 47 - Prod: Caramelo Halls azul - Marca: Halls - Un. Med. Compra: Unidad', 2, 'Modificado/a precio_venta.', 27, 1);
INSERT INTO django_admin_log VALUES (1016, '2016-08-15 19:44:43.152-04', '49', 'ID Prod: 49 - Prod: Bastoncitos de queso muzarella con salsa de ajo - Marca: Marca - Un. Med. Compra: Unidad', 2, 'Aadido/a "ID Prod: 49 - Prod: Bastoncitos de queso muzarella con salsa de ajo - Marca: Marca - Un. Med. Compra: Unidad" Producto - Detalle de Compuesto o Elaborado (Receta).', 107, 1);
INSERT INTO django_admin_log VALUES (1017, '2016-08-15 19:46:16.067-04', '49', 'ID Prod: 49 - Prod: Bastoncitos de queso muzarella con salsa de ajo - Marca: Marca - Un. Med. Compra: Unidad', 2, 'Modificado/a precio_venta.', 107, 1);
INSERT INTO django_admin_log VALUES (1018, '2016-08-15 19:56:45.361-04', '21', 'ID Prod: 21 - Prod: Cerveza Pilsen - Marca: Pilsen - Un. Med. Compra: Litros', 2, 'Modificado/a precio_venta.', 27, 1);
INSERT INTO django_admin_log VALUES (1019, '2016-08-15 19:57:03.895-04', '20', 'ID Prod: 20 - Prod: Gaseosa Coca-Cola 500 ml - Marca: Coca-Cola - Un. Med. Compra: Unidad', 2, 'Modificado/a precio_venta.', 27, 1);
INSERT INTO django_admin_log VALUES (1020, '2016-08-15 19:57:16.437-04', '19', 'ID Prod: 19 - Prod: Miller 750 ml - Marca: Miller - Un. Med. Compra: Unidad', 2, 'Modificado/a precio_venta.', 27, 1);
INSERT INTO django_admin_log VALUES (1021, '2016-08-15 19:57:29.91-04', '10', 'ID Prod: 10 - Prod: Gaseosa Sprite 500 ml - Marca: Sprite - Un. Med. Compra: Unidad', 2, 'Modificado/a precio_venta.', 27, 1);
INSERT INTO django_admin_log VALUES (1022, '2016-08-15 19:57:40.961-04', '7', 'ID Prod: 7 - Prod: Cerveza Pilsen''i - Marca: Pilsen - Un. Med. Compra: Unidad', 2, 'Modificado/a precio_venta.', 27, 1);
INSERT INTO django_admin_log VALUES (1023, '2016-08-15 19:58:07.159-04', '4', 'ID Prod: 4 - Prod: Cerveza Heineken 750 ml - Marca: Heineken - Un. Med. Compra: Unidad', 2, 'Modificado/a precio_venta.', 27, 1);
INSERT INTO django_admin_log VALUES (1024, '2016-08-15 19:58:19.936-04', '2', 'ID Prod: 2 - Prod: Cerveza Budweiser 750 ml - Marca: Budweiser - Un. Med. Compra: Unidad', 2, 'Modificado/a precio_venta.', 27, 1);
INSERT INTO django_admin_log VALUES (1025, '2016-08-15 21:13:33.423-04', '46', 'ID Prod: 46 - Prod: Repollo morado - Marca: Productos Robadin - Un. Med. Compra: Kilogramos', 2, 'Modificado/a precio_venta.', 27, 1);
INSERT INTO django_admin_log VALUES (1026, '2016-08-15 21:14:27.587-04', '45', 'ID Prod: 45 - Prod: Repollo - Marca: Productos Robadin - Un. Med. Compra: Kilogramos', 2, 'Modificado/a precio_venta.', 27, 1);
INSERT INTO django_admin_log VALUES (1027, '2016-08-15 21:14:37.338-04', '18', 'ID Prod: 18 - Prod: Lomito - Marca: Frigochaco - Un. Med. Compra: Litros', 2, 'Modificado/a precio_venta.', 27, 1);
INSERT INTO django_admin_log VALUES (1028, '2016-08-15 21:14:46.084-04', '17', 'ID Prod: 17 - Prod: Mayonesa clasica - Marca: Hellmann''s - Un. Med. Compra: Kilogramos', 2, 'Modificado/a precio_venta.', 27, 1);
INSERT INTO django_admin_log VALUES (1029, '2016-08-15 21:14:59.512-04', '16', 'ID Prod: 16 - Prod: Aceite para fritar - Marca: Nolasol - Un. Med. Compra: Litros', 2, 'Modificado/a precio_venta.', 27, 1);
INSERT INTO django_admin_log VALUES (1030, '2016-08-15 21:15:20.639-04', '15', 'ID Prod: 15 - Prod: Bastoncitos de queso muzarella - Marca: McCain - Un. Med. Compra: Kilogramos', 2, 'Modificado/a precio_venta.', 27, 1);
INSERT INTO django_admin_log VALUES (1031, '2016-08-15 21:15:30.689-04', '14', 'ID Prod: 14 - Prod: Pan para sandwich - Marca: Bimbo - Un. Med. Compra: Unidad', 2, 'Modificado/a precio_venta.', 27, 1);
INSERT INTO django_admin_log VALUES (1032, '2016-08-15 21:15:39.102-04', '13', 'ID Prod: 13 - Prod: Cebolla - Marca: Productos Robadin - Un. Med. Compra: Kilogramos', 2, 'Modificado/a precio_venta.', 27, 1);
INSERT INTO django_admin_log VALUES (1033, '2016-08-15 21:15:59.856-04', '12', 'ID Prod: 12 - Prod: Lechuga - Marca: Productos Robadin - Un. Med. Compra: Unidad', 2, 'Modificado/a precio_venta.', 27, 1);
INSERT INTO django_admin_log VALUES (1034, '2016-08-15 21:16:08.08-04', '11', 'ID Prod: 11 - Prod: Tomate Santacruz - Marca: Productos Robadin - Un. Med. Compra: Kilogramos', 2, 'Modificado/a precio_venta.', 27, 1);
INSERT INTO django_admin_log VALUES (1035, '2016-08-15 21:19:53.008-04', '50', 'ID Prod: 50 - Prod: Papa frita corte tradicional 2,5 KGs - Marca: McCain - Un. Med. Compra: Unidad', 1, '', 27, 1);
INSERT INTO django_admin_log VALUES (1036, '2016-08-15 21:22:47.295-04', '51', 'ID Prod: 51 - Prod: Papas fritas', 1, '', 107, 1);
INSERT INTO django_admin_log VALUES (1037, '2016-08-15 21:23:08.568-04', '50', 'ID Prod: 50 - Prod: Papa frita corte tradicional 2,5 KGs - Marca: McCain - Un. Med. Compra: Unidad', 2, 'No ha cambiado ningn campo.', 27, 1);
INSERT INTO django_admin_log VALUES (1038, '2016-08-15 21:26:10.288-04', '4', '4 - Mesa 4', 1, '', 36, 1);
INSERT INTO django_admin_log VALUES (1039, '2016-08-15 21:26:27.884-04', '5', '5 - Mesa 5', 1, '', 36, 1);
INSERT INTO django_admin_log VALUES (1040, '2016-08-15 21:26:40.638-04', '6', '6 - Mesa 6', 1, '', 36, 1);
INSERT INTO django_admin_log VALUES (1041, '2016-08-15 21:26:56.834-04', '7', '7 - Mesa 7', 1, '', 36, 1);
INSERT INTO django_admin_log VALUES (1042, '2016-08-15 21:28:08.146-04', '8', '8 - Mesa 8', 1, '', 36, 1);
INSERT INTO django_admin_log VALUES (1043, '2016-08-15 21:28:23.586-04', '9', '9 - Mesa 9', 1, '', 36, 1);
INSERT INTO django_admin_log VALUES (1044, '2016-08-15 21:28:35.738-04', '10', '10 - Mesa 10', 1, '', 36, 1);
INSERT INTO django_admin_log VALUES (1045, '2016-08-15 22:01:16.709-04', '6', 'Nro. Ped: 6 - Fec. Ped: 16/08/2016', 1, '', 34, 1);
INSERT INTO django_admin_log VALUES (1046, '2016-08-15 22:04:51.153-04', '6', 'Nro. Ped: 6 - Fec. Ped: 16/08/2016', 2, 'Modificado/a total_pedido. Aadido/a "PedidoDetalle object" Pedido - Detalle.', 34, 1);
INSERT INTO django_admin_log VALUES (1047, '2016-08-16 08:29:39.335-04', '52', 'ID Prod: 52 - Prod: Cerveza Brahma 1 Litro - Marca: Brahma - Un. Med. Compra: Unidad', 1, '', 27, 1);
INSERT INTO django_admin_log VALUES (1048, '2016-08-16 08:33:20.012-04', '44', '44', 2, 'Modificado/a fecha_factura_compra y total_compra. Aadido/a "CompraDetalle object" Detalle de Confirmacion de Orden de Compra.', 95, 1);
INSERT INTO django_admin_log VALUES (1049, '2016-08-16 08:52:00.767-04', '6', 'Productos Robadin - 10000000 - 2016-08-16 12:52:00.757000+00:00', 2, 'Modificados monto_movimiento para "Lin. Cred: Productos Robadin - 10000000 - 2016-08-16 12:52:00.757000+00:00 - ID Detalle: 23" Detalle Linea de Credito con Proveedor.', 63, 1);
INSERT INTO django_admin_log VALUES (1050, '2016-08-16 08:53:00.868-04', '11', 'Frigochaco - 5000000 - 2016-08-16 12:53:00.863000+00:00', 2, 'Modificados monto_movimiento para "Lin. Cred: Frigochaco - 5000000 - 2016-08-16 12:53:00.863000+00:00 - ID Detalle: 7" Detalle Linea de Credito con Proveedor.', 63, 1);
INSERT INTO django_admin_log VALUES (1051, '2016-08-16 09:28:36.553-04', '53', 'ID Prod: 53 - Prod: Huevos - Plancha de 30 unidades - Marca: Nutrihuevos - Un. Med. Compra: Unidad', 1, '', 27, 1);
INSERT INTO django_admin_log VALUES (1052, '2016-08-16 09:28:54.118-04', '33', '33 - Las Tacuaras - Nutrihuevos', 1, '', 70, 1);
INSERT INTO django_admin_log VALUES (1053, '2016-08-16 09:36:42.979-04', '53', '53', 1, '', 95, 1);
INSERT INTO django_admin_log VALUES (1054, '2016-08-16 10:36:14.776-04', '53', '53', 2, 'Modificado/a numero_factura_compra.', 95, 1);
INSERT INTO django_admin_log VALUES (1055, '2016-08-16 10:39:42.023-04', '49', '49', 2, 'Modificado/a numero_factura_compra y fecha_factura_compra.', 95, 1);
INSERT INTO django_admin_log VALUES (1056, '2016-08-16 10:50:43.648-04', '45', '45', 2, 'Modificado/a fecha_factura_compra.', 95, 1);
INSERT INTO django_admin_log VALUES (1058, '2016-08-16 15:08:28.153-04', '4', 'ID: 4 - Prod. Trans: Prod: ID Prod: 20 - Prod: Gaseosa Coca-Cola 500 ml - Marca: Coca-Cola - Un. Med. Compra: Unidad - Cant. Exist: 100.000', 1, '', 130, 1);
INSERT INTO django_admin_log VALUES (1059, '2016-08-16 15:56:51.85-04', '6', 'ID: 6 - Prod. Trans: Prod: ID Prod: 47 - Prod: Caramelo Halls azul - Marca: Halls - Un. Med. Compra: Unidad - Cant. Exist: 100.000', 1, '', 130, 1);
INSERT INTO django_admin_log VALUES (1060, '2016-08-17 10:41:24.539-04', '14', 'GO - Golosinas - CHI - Chicles', 1, '', 74, 1);
INSERT INTO django_admin_log VALUES (1061, '2016-08-17 10:41:49.086-04', '54', 'ID Prod: 54 - Prod: Trident Spearmint - 18 sticks - Marca: Trident - Un. Med. Compra: Unidad', 1, '', 27, 1);
INSERT INTO django_admin_log VALUES (1062, '2016-08-17 10:42:08.297-04', '34', '34 - PROFARCO S.A.', 1, '', 70, 1);
INSERT INTO django_admin_log VALUES (1063, '2016-08-17 10:42:33.161-04', '34', '34 - PROFARCO S.A.', 2, 'Modificado/a fecha_entrega_orden_compra.', 70, 1);
INSERT INTO django_admin_log VALUES (1064, '2016-08-17 10:42:51.959-04', '54', '54', 1, '', 95, 1);
INSERT INTO django_admin_log VALUES (1065, '2016-08-17 10:44:49.948-04', '54', '54', 2, 'Modificado/a numero_factura_compra.', 95, 1);
INSERT INTO django_admin_log VALUES (1066, '2016-08-17 12:05:56.709-04', '25', 'Maximo Joaquin Salinas Alvarenga', 1, '', 11, 1);
INSERT INTO django_admin_log VALUES (1067, '2016-08-17 12:06:08.946-04', '25', 'Maximo Joaquin Salinas Alvarenga', 2, 'Modificados tipo_documento para "RUC - Registro Unico del Contribuyente - 2400589" Cliente - Documento.', 11, 1);
INSERT INTO django_admin_log VALUES (1068, '2016-08-17 12:06:19.382-04', '25', 'Maximo Joaquin Salinas Alvarenga', 2, 'Modificados tipo_documento para "CI - Cedula de Identidad - 2400589" Cliente - Documento.', 11, 1);
INSERT INTO django_admin_log VALUES (1069, '2016-08-17 12:07:13.18-04', '14', 'Guarambare - Paraguay', 2, 'Modificado/a ciudad.', 57, 1);
INSERT INTO django_admin_log VALUES (1070, '2016-08-17 12:56:20.46-04', '15', 'Kimberly-Clark Paraguay', 1, '', 23, 1);
INSERT INTO django_admin_log VALUES (1071, '2016-08-17 13:00:26.231-04', '7', 'HI - Higienicos', 1, '', 22, 1);
INSERT INTO django_admin_log VALUES (1072, '2016-08-17 13:00:55.164-04', '8', 'AL - Articulos de Limpieza', 1, '', 22, 1);
INSERT INTO django_admin_log VALUES (1073, '2016-08-17 13:01:44.449-04', '15', 'AL - Articulos de Limpieza - AHP - Articulos de Higiene Personal', 1, '', 74, 1);
INSERT INTO django_admin_log VALUES (1074, '2016-08-17 13:01:58.198-04', '55', 'ID Prod: 55 - Prod: Papel higienico 4 rollos - Marca: Scott - Un. Med. Compra: Unidad', 1, '', 27, 1);
INSERT INTO django_admin_log VALUES (1075, '2016-08-17 13:04:03.145-04', '56', 'ID Prod: 56 - Prod: Toallitas higienicas Kleenex clasica - Marca: Kleenex - Un. Med. Compra: Unidad', 1, '', 27, 1);
INSERT INTO django_admin_log VALUES (1076, '2016-08-17 13:04:13.596-04', '35', '35 - Kimberly-Clark Paraguay', 1, '', 70, 1);
INSERT INTO django_admin_log VALUES (1077, '2016-08-17 13:05:02.134-04', '7', 'HI - Higienicos', 3, '', 22, 1);
INSERT INTO django_admin_log VALUES (1078, '2016-08-17 13:05:23.75-04', '55', '55', 1, '', 95, 1);
INSERT INTO django_admin_log VALUES (1079, '2016-08-17 13:05:38.12-04', '55', '55', 2, 'Modificado/a numero_factura_compra.', 95, 1);
INSERT INTO django_admin_log VALUES (1080, '2016-08-17 15:03:15.358-04', '35', '35 - Kimberly-Clark Paraguay', 2, 'No ha cambiado ningn campo.', 70, 1);
INSERT INTO django_admin_log VALUES (1081, '2016-08-17 15:13:47.327-04', '35', '35 - Kimberly-Clark Paraguay', 2, 'No ha cambiado ningn campo.', 70, 1);
INSERT INTO django_admin_log VALUES (1082, '2016-08-17 15:39:18.536-04', '35', '35 - Kimberly-Clark Paraguay', 2, 'No ha cambiado ningn campo.', 70, 1);
INSERT INTO django_admin_log VALUES (1083, '2016-08-17 16:30:29.285-04', '35', '35 - Kimberly-Clark Paraguay', 2, 'No ha cambiado ningn campo.', 70, 1);
INSERT INTO django_admin_log VALUES (1084, '2016-08-17 16:54:35.408-04', '35', '35 - Kimberly-Clark Paraguay', 2, 'No ha cambiado ningn campo.', 70, 1);
INSERT INTO django_admin_log VALUES (1085, '2016-08-17 16:54:57.6-04', '32', '32 - PROFARCO S.A.', 2, 'No ha cambiado ningn campo.', 70, 1);
INSERT INTO django_admin_log VALUES (1086, '2016-08-17 16:55:04.278-04', '33', '33 - Las Tacuaras - Nutrihuevos', 2, 'No ha cambiado ningn campo.', 70, 1);
INSERT INTO django_admin_log VALUES (1087, '2016-08-17 19:20:30.58-04', '26', 'Lambare - Brasil', 1, '', 57, 1);
INSERT INTO django_admin_log VALUES (1088, '2016-08-17 19:25:17.801-04', '26', 'Marcelo David Caceres Maldonado', 1, '', 11, 1);
INSERT INTO django_admin_log VALUES (1089, '2016-08-17 19:25:55.319-04', '26', 'Marcelo Caceres Maldonado', 2, 'Modificado/a nombres.', 11, 1);
INSERT INTO django_admin_log VALUES (1090, '2016-08-17 19:26:02.438-04', '26', 'Marcelo Caceres Maldonado', 2, 'Eliminado/a "RUC - Registro Unico del Contribuyente - 2874951" Cliente - Documento.', 11, 1);
INSERT INTO django_admin_log VALUES (1091, '2016-08-17 19:26:16.637-04', '26', 'Marcelo Caceres Maldonado', 3, '', 11, 1);
INSERT INTO django_admin_log VALUES (1092, '2016-08-17 19:43:55.626-04', '57', 'ID Prod: 57 - Prod: Queso para sandwich - Marca: Ochsi - Un. Med. Compra: Kilogramos', 1, '', 27, 1);
INSERT INTO django_admin_log VALUES (1093, '2016-08-17 19:52:35.304-04', '16', 'frojas', 1, '', 4, 1);
INSERT INTO django_admin_log VALUES (1094, '2016-08-17 19:53:23.634-04', '18', 'frojas', 1, '', 14, 1);
INSERT INTO django_admin_log VALUES (1095, '2016-08-19 13:43:16.531-04', '25', 'Maximo Joaquin Salinas Alvarenga', 2, 'Modificado/a fecha_nacimiento.', 11, 1);
INSERT INTO django_admin_log VALUES (1096, '2016-08-19 14:15:44.244-04', '25', 'Maximo Joaquin Salinas Alvarenga', 2, 'Modificado/a fecha_nacimiento.', 11, 1);
INSERT INTO django_admin_log VALUES (1097, '2016-08-19 14:16:19.574-04', '25', 'Maximo Joaquin Salinas Alvarenga', 2, 'Modificado/a fecha_nacimiento.', 11, 1);
INSERT INTO django_admin_log VALUES (1098, '2016-08-20 09:55:34.138-04', '25', 'Maximo Joaquin Salinas Alvarenga', 2, 'No ha cambiado ningn campo.', 11, 1);
INSERT INTO django_admin_log VALUES (1099, '2016-08-23 10:44:58.645-04', '25', 'Maximo Joaquin Salinas Alvarenga', 2, 'Modificado/a fecha_nacimiento.', 11, 1);
INSERT INTO django_admin_log VALUES (1100, '2016-08-23 10:45:21.264-04', '25', 'Maximo Joaquin Salinas Alvarenga', 2, 'Modificado/a fecha_nacimiento.', 11, 1);
INSERT INTO django_admin_log VALUES (1101, '2016-08-23 10:48:51.672-04', '25', 'Maximo Joaquin Salinas Alvarenga', 2, 'Modificados tipo_documento para "RUC - Registro Unico del Contribuyente - 2400589" Cliente - Documento.', 11, 1);
INSERT INTO django_admin_log VALUES (1102, '2016-08-23 10:49:25.167-04', '25', 'Maximo Joaquin Salinas Alvarenga', 2, 'Modificados numero_documento para "RUC - Registro Unico del Contribuyente - 2441660" Cliente - Documento.', 11, 1);
INSERT INTO django_admin_log VALUES (1103, '2016-08-23 10:49:39.128-04', '25', 'Maximo Joaquin Salinas Alvarenga', 2, 'Modificados numero_documento para "RUC - Registro Unico del Contribuyente - 2400589" Cliente - Documento.', 11, 1);
INSERT INTO django_admin_log VALUES (1104, '2016-08-23 10:54:10.607-04', '25', 'Maximo Joaquin Salinas Alvarenga', 2, 'No ha cambiado ningn campo.', 11, 1);
INSERT INTO django_admin_log VALUES (1105, '2016-08-23 10:55:10.001-04', '25', 'Maximo Joaquin Salinas Alvarenga', 2, 'Modificado/a fecha_nacimiento.', 11, 1);
INSERT INTO django_admin_log VALUES (1106, '2016-08-23 10:55:32.741-04', '25', 'Maximo Joaquin Salinas Alvarenga', 2, 'No ha cambiado ningn campo.', 11, 1);
INSERT INTO django_admin_log VALUES (1107, '2016-08-23 10:55:45.924-04', '25', 'Maximo Joaquin Salinas Alvarenga', 2, 'Modificado/a email.', 11, 1);
INSERT INTO django_admin_log VALUES (1108, '2016-08-23 10:56:25.395-04', '25', 'Maximo Joaquin Salinas Alvarenga', 2, 'Modificado/a email.', 11, 1);
INSERT INTO django_admin_log VALUES (1109, '2016-08-23 10:57:24.03-04', '24', 'Pedro Miguel Molas Rodriguez', 2, 'No ha cambiado ningn campo.', 11, 1);
INSERT INTO django_admin_log VALUES (1110, '2016-08-23 11:02:27.726-04', '25', 'Maximo Joaquin Salinas Alvarenga', 2, 'No ha cambiado ningn campo.', 11, 1);
INSERT INTO django_admin_log VALUES (1111, '2016-08-23 11:49:46.023-04', '25', 'Maximo Joaquin Salinas Alvarenga', 2, 'Modificado/a fecha_nacimiento.', 11, 1);
INSERT INTO django_admin_log VALUES (1112, '2016-08-23 11:50:18.614-04', '25', 'Maximo Joaquin Salinas Alvarenga', 2, 'Modificado/a fecha_nacimiento.', 11, 1);
INSERT INTO django_admin_log VALUES (1113, '2016-08-23 12:05:27.705-04', '9', 'Triskel S.A.', 2, 'No ha cambiado ningn campo.', 114, 1);
INSERT INTO django_admin_log VALUES (1114, '2016-08-23 13:06:20.59-04', '18', 'frojas', 2, 'Modificado/a fecha_nacimiento.', 14, 1);
INSERT INTO django_admin_log VALUES (1115, '2016-08-23 14:40:33.697-04', '9', 'Triskel S.A.', 2, 'Modificado/a salario_minimo_vigente.', 114, 1);
INSERT INTO django_admin_log VALUES (1116, '2016-08-23 14:48:05.549-04', '9', 'Triskel S.A.', 2, 'Modificado/a salario_minimo_vigente.', 114, 1);
INSERT INTO django_admin_log VALUES (1117, '2016-08-23 14:48:14.852-04', '9', 'Triskel S.A.', 2, 'Modificado/a salario_minimo_vigente.', 114, 1);
INSERT INTO django_admin_log VALUES (1118, '2016-08-23 14:59:03.521-04', '18', 'frojas', 2, 'No ha cambiado ningn campo.', 14, 1);
INSERT INTO django_admin_log VALUES (1119, '2016-08-23 15:07:05.777-04', '18', 'frojas', 2, 'Modificados tipo_documento para "frojas - RUC - Registro Unico del Contribuyente - 654654" Empleado - Documento.', 14, 1);
INSERT INTO django_admin_log VALUES (1120, '2016-08-23 15:07:15.428-04', '18', 'frojas', 2, 'Modificados tipo_documento para "frojas - CI - Cedula de Identidad - 654654" Empleado - Documento.', 14, 1);
INSERT INTO django_admin_log VALUES (1121, '2016-08-23 15:07:42.907-04', '18', 'frojas', 2, 'Modificado/a fecha_nacimiento.', 14, 1);
INSERT INTO django_admin_log VALUES (1122, '2016-08-23 15:14:32.089-04', '4', 'rburgos', 2, 'Modificados numero_documento para "rburgos - RUC - Registro Unico del Contribuyente - 2667289" Empleado - Documento.', 14, 1);
INSERT INTO django_admin_log VALUES (1123, '2016-08-23 15:14:58.15-04', '6', 'cbalbuena', 2, 'Modificados numero_documento para "cbalbuena - RUC - Registro Unico del Contribuyente - 3681098" Empleado - Documento.', 14, 1);
INSERT INTO django_admin_log VALUES (1124, '2016-08-23 15:16:32.584-04', '16', 'cgamarra', 2, 'Modificados tipo_documento para "cgamarra - RUC - Registro Unico del Contribuyente - 4668718" Empleado - Documento.', 14, 1);
INSERT INTO django_admin_log VALUES (1125, '2016-08-23 15:21:58.996-04', '17', 'admin', 2, 'Aadido/a "admin - RUC - Registro Unico del Contribuyente - 3451629" Empleado - Documento.', 14, 1);
INSERT INTO django_admin_log VALUES (1126, '2016-08-23 15:22:59.462-04', '18', 'frojas', 2, 'Aadido/a "frojas - RUC - Registro Unico del Contribuyente - 654654" Empleado - Documento.', 14, 1);
INSERT INTO django_admin_log VALUES (1127, '2016-08-24 20:24:29.389-04', '25', 'Maximo Joaquin Salinas Alvarenga', 2, 'Modificado/a fecha_nacimiento, pais y ciudad.', 11, 1);
INSERT INTO django_admin_log VALUES (1128, '2016-08-25 09:16:04.887-04', '25', 'Maximo Joaquin Salinas Alvarenga', 2, 'Modificado/a pais y ciudad.', 11, 1);
INSERT INTO django_admin_log VALUES (1129, '2016-08-25 09:22:29.886-04', '27', 'Juan Bernardo Duarte', 1, '', 11, 1);
INSERT INTO django_admin_log VALUES (1130, '2016-08-25 09:51:45.607-04', '57', 'ID Prod: 57 - Prod: Queso para sandwich - Marca: Ochsi - Un. Med. Compra: Kilogramos', 2, 'Modificado/a subcategoria.', 27, 1);
INSERT INTO django_admin_log VALUES (1131, '2016-08-25 09:52:17.952-04', '57', 'ID Prod: 57 - Prod: Queso para sandwich - Marca: Ochsi - Un. Med. Compra: Kilogramos', 2, 'Modificado/a subcategoria.', 27, 1);
INSERT INTO django_admin_log VALUES (1132, '2016-08-25 15:38:45.652-04', '57', 'ID Prod: 57 - Prod: Queso para sandwich - Marca: Ochsi - Un. Med. Compra: Kilogramos', 2, 'Modificado/a imagen.', 27, 1);
INSERT INTO django_admin_log VALUES (1133, '2016-08-26 17:41:27.912-04', '57', 'ID Prod: 57 - Prod: Queso para sandwich - Marca: Ochsi - Un. Med. Compra: Kilogramos', 2, 'Modificado/a perecedero.', 27, 1);
INSERT INTO django_admin_log VALUES (1134, '2016-08-26 17:42:16.788-04', '56', 'ID Prod: 56 - Prod: Toallitas higienicas Kleenex clasica - Marca: Kleenex - Un. Med. Compra: Unidad', 2, 'Modificado/a contenido.', 27, 1);
INSERT INTO django_admin_log VALUES (1135, '2016-08-26 17:42:30.343-04', '53', 'ID Prod: 53 - Prod: Huevos - Plancha de 30 unidades - Marca: Nutrihuevos - Un. Med. Compra: Unidad', 2, 'Modificado/a perecedero.', 27, 1);
INSERT INTO django_admin_log VALUES (1136, '2016-08-26 17:43:21.413-04', '45', 'ID Prod: 45 - Prod: Repollo - Marca: Productos Robadin - Un. Med. Compra: Kilogramos', 2, 'Modificado/a perecedero.', 27, 1);
INSERT INTO django_admin_log VALUES (1137, '2016-08-26 17:56:30.864-04', '46', 'ID Prod: 46 - Prod: Repollo morado - Marca: Productos Robadin - Un. Med. Compra: Kilogramos', 2, 'Modificado/a perecedero.', 27, 1);
INSERT INTO django_admin_log VALUES (1138, '2016-08-26 17:56:46.431-04', '50', 'ID Prod: 50 - Prod: Papa frita corte tradicional 2,5 KGs - Marca: McCain - Un. Med. Compra: Unidad', 2, 'Modificado/a perecedero.', 27, 1);
INSERT INTO django_admin_log VALUES (1139, '2016-08-26 17:57:00.162-04', '18', 'ID Prod: 18 - Prod: Lomito - Marca: Frigochaco - Un. Med. Compra: Litros', 2, 'Modificado/a perecedero.', 27, 1);
INSERT INTO django_admin_log VALUES (1140, '2016-08-26 17:57:16.336-04', '17', 'ID Prod: 17 - Prod: Mayonesa clasica - Marca: Hellmann''s - Un. Med. Compra: Kilogramos', 2, 'Modificado/a perecedero.', 27, 1);
INSERT INTO django_admin_log VALUES (1141, '2016-08-26 17:57:40.734-04', '16', 'ID Prod: 16 - Prod: Aceite para fritar - Marca: Nolasol - Un. Med. Compra: Litros', 2, 'Modificado/a perecedero.', 27, 1);
INSERT INTO django_admin_log VALUES (1142, '2016-08-26 17:58:01.488-04', '12', 'ID Prod: 12 - Prod: Lechuga - Marca: Productos Robadin - Un. Med. Compra: Unidad', 2, 'Modificado/a perecedero.', 27, 1);
INSERT INTO django_admin_log VALUES (1143, '2016-08-26 17:58:10.657-04', '13', 'ID Prod: 13 - Prod: Cebolla - Marca: Productos Robadin - Un. Med. Compra: Kilogramos', 2, 'Modificado/a perecedero.', 27, 1);
INSERT INTO django_admin_log VALUES (1144, '2016-08-26 17:58:18.238-04', '14', 'ID Prod: 14 - Prod: Pan para sandwich - Marca: Bimbo - Un. Med. Compra: Unidad', 2, 'Modificado/a perecedero.', 27, 1);
INSERT INTO django_admin_log VALUES (1145, '2016-08-26 17:58:28.897-04', '15', 'ID Prod: 15 - Prod: Bastoncitos de queso muzarella - Marca: McCain - Un. Med. Compra: Kilogramos', 2, 'Modificado/a perecedero.', 27, 1);
INSERT INTO django_admin_log VALUES (1146, '2016-08-26 17:59:12.085-04', '11', 'ID Prod: 11 - Prod: Tomate Santacruz - Marca: Productos Robadin - Un. Med. Compra: Kilogramos', 2, 'Modificado/a perecedero.', 27, 1);
INSERT INTO django_admin_log VALUES (1147, '2016-08-26 18:10:46.545-04', '58', 'ID Prod: 58 - Prod: Hamburguesa clasica de carne - Pack de 12 unidades - Marca: Guarani - Un. Med. Compra: Unidad', 1, '', 27, 1);
INSERT INTO django_admin_log VALUES (1148, '2016-08-26 18:16:58.408-04', '59', 'ID Prod: 59 - Prod: Hamburguesa gourmet - Especialidad de la casa', 1, '', 107, 1);
INSERT INTO django_admin_log VALUES (1149, '2016-08-27 12:08:31.571-04', '9', 'Triskel S.A.', 2, 'Modificado/a salario_minimo_vigente.', 114, 1);


--
-- TOC entry 3329 (class 0 OID 0)
-- Dependencies: 188
-- Name: django_admin_log_id_seq; Type: SEQUENCE SET; Schema: public; Owner: sigbadmin
--

SELECT pg_catalog.setval('django_admin_log_id_seq', 1149, true);


--
-- TOC entry 3025 (class 0 OID 49627)
-- Dependencies: 175
-- Data for Name: django_content_type; Type: TABLE DATA; Schema: public; Owner: sigbadmin
--

INSERT INTO django_content_type VALUES (1, 'admin', 'logentry');
INSERT INTO django_content_type VALUES (2, 'auth', 'permission');
INSERT INTO django_content_type VALUES (3, 'auth', 'group');
INSERT INTO django_content_type VALUES (4, 'auth', 'user');
INSERT INTO django_content_type VALUES (5, 'contenttypes', 'contenttype');
INSERT INTO django_content_type VALUES (6, 'sessions', 'session');
INSERT INTO django_content_type VALUES (7, 'bar', 'reservaestado');
INSERT INTO django_content_type VALUES (8, 'bar', 'mesaestado');
INSERT INTO django_content_type VALUES (9, 'bar', 'cajaestado');
INSERT INTO django_content_type VALUES (10, 'bar', 'documento');
INSERT INTO django_content_type VALUES (11, 'clientes', 'cliente');
INSERT INTO django_content_type VALUES (12, 'clientes', 'reserva');
INSERT INTO django_content_type VALUES (13, 'clientes', 'clientedocumento');
INSERT INTO django_content_type VALUES (14, 'personal', 'empleado');
INSERT INTO django_content_type VALUES (15, 'personal', 'horario');
INSERT INTO django_content_type VALUES (16, 'personal', 'empleadodocumento');
INSERT INTO django_content_type VALUES (22, 'bar', 'categoriaproducto');
INSERT INTO django_content_type VALUES (23, 'compras', 'proveedor');
INSERT INTO django_content_type VALUES (26, 'personal', 'cargo');
INSERT INTO django_content_type VALUES (27, 'stock', 'producto');
INSERT INTO django_content_type VALUES (34, 'ventas', 'pedido');
INSERT INTO django_content_type VALUES (35, 'ventas', 'pedidodetalle');
INSERT INTO django_content_type VALUES (36, 'bar', 'mesa');
INSERT INTO django_content_type VALUES (37, 'bar', 'mesaubicacion');
INSERT INTO django_content_type VALUES (38, 'bar', 'caja');
INSERT INTO django_content_type VALUES (39, 'bar', 'cajaubicacion');
INSERT INTO django_content_type VALUES (40, 'bar', 'tipodeposito');
INSERT INTO django_content_type VALUES (41, 'bar', 'tipoproducto');
INSERT INTO django_content_type VALUES (43, 'bar', 'moneda');
INSERT INTO django_content_type VALUES (44, 'bar', 'cotizacion');
INSERT INTO django_content_type VALUES (45, 'bar', 'codigopaistelefono');
INSERT INTO django_content_type VALUES (50, 'bar', 'formapagoventa');
INSERT INTO django_content_type VALUES (51, 'bar', 'formapagocompra');
INSERT INTO django_content_type VALUES (54, 'clientes', 'clientetelefono');
INSERT INTO django_content_type VALUES (55, 'personal', 'empleadotelefono');
INSERT INTO django_content_type VALUES (56, 'bar', 'pais');
INSERT INTO django_content_type VALUES (57, 'bar', 'ciudad');
INSERT INTO django_content_type VALUES (58, 'bar', 'compraestado');
INSERT INTO django_content_type VALUES (62, 'bar', 'ordencompraestado');
INSERT INTO django_content_type VALUES (63, 'compras', 'lineacreditoproveedor');
INSERT INTO django_content_type VALUES (69, 'compras', 'productoproveedor');
INSERT INTO django_content_type VALUES (70, 'compras', 'ordencompra');
INSERT INTO django_content_type VALUES (71, 'compras', 'ordencompradetalle');
INSERT INTO django_content_type VALUES (74, 'bar', 'subcategoriaproducto');
INSERT INTO django_content_type VALUES (75, 'bar', 'unidadmedidaproducto');
INSERT INTO django_content_type VALUES (76, 'bar', 'persona');
INSERT INTO django_content_type VALUES (77, 'bar', 'deposito');
INSERT INTO django_content_type VALUES (93, 'bar', 'codigooperadoratelefono');
INSERT INTO django_content_type VALUES (94, 'compras', 'proveedortelefono');
INSERT INTO django_content_type VALUES (95, 'compras', 'compra');
INSERT INTO django_content_type VALUES (96, 'compras', 'compradetalle');
INSERT INTO django_content_type VALUES (98, 'bar', 'pedidoestado');
INSERT INTO django_content_type VALUES (99, 'bar', 'ventaestado');
INSERT INTO django_content_type VALUES (101, 'ventas', 'venta');
INSERT INTO django_content_type VALUES (102, 'ventas', 'ventadetalle');
INSERT INTO django_content_type VALUES (104, 'ventas', 'aperturacaja');
INSERT INTO django_content_type VALUES (105, 'stock', 'stock');
INSERT INTO django_content_type VALUES (107, 'stock', 'productocompuesto');
INSERT INTO django_content_type VALUES (108, 'stock', 'productocompuestodetalle');
INSERT INTO django_content_type VALUES (109, 'stock', 'stockdetalle');
INSERT INTO django_content_type VALUES (110, 'bar', 'timbrado');
INSERT INTO django_content_type VALUES (114, 'compras', 'empresa');
INSERT INTO django_content_type VALUES (115, 'compras', 'pagoproveedor');
INSERT INTO django_content_type VALUES (117, 'bar', 'tipomovimientostock');
INSERT INTO django_content_type VALUES (118, 'bar', 'transferenciastockestado');
INSERT INTO django_content_type VALUES (120, 'bar', 'tipofacturacompra');
INSERT INTO django_content_type VALUES (121, 'compras', 'facturaproveedor');
INSERT INTO django_content_type VALUES (122, 'compras', 'lineacreditoproveedordetalle');
INSERT INTO django_content_type VALUES (123, 'ventas', 'movimientocaja');
INSERT INTO django_content_type VALUES (124, 'ventas', 'cierrecaja');
INSERT INTO django_content_type VALUES (125, 'ventas', 'ingresovalorcaja');
INSERT INTO django_content_type VALUES (126, 'ventas', 'retirovalorcaja');
INSERT INTO django_content_type VALUES (127, 'ventas', 'comanda');
INSERT INTO django_content_type VALUES (128, 'stock', 'devolucion');
INSERT INTO django_content_type VALUES (129, 'stock', 'transferenciastock');
INSERT INTO django_content_type VALUES (130, 'stock', 'solicitatransferenciastock');
INSERT INTO django_content_type VALUES (131, 'stock', 'confirmatransferenciastock');
INSERT INTO django_content_type VALUES (132, 'bar', 'facturaventa');
INSERT INTO django_content_type VALUES (133, 'stock', 'stockproducto');
INSERT INTO django_content_type VALUES (134, 'stock', 'stockdeposito');


--
-- TOC entry 3330 (class 0 OID 0)
-- Dependencies: 174
-- Name: django_content_type_id_seq; Type: SEQUENCE SET; Schema: public; Owner: sigbadmin
--

SELECT pg_catalog.setval('django_content_type_id_seq', 134, true);


--
-- TOC entry 3023 (class 0 OID 49616)
-- Dependencies: 173
-- Data for Name: django_migrations; Type: TABLE DATA; Schema: public; Owner: sigbadmin
--

INSERT INTO django_migrations VALUES (1, 'contenttypes', '0001_initial', '2015-09-28 19:14:26.023-04');
INSERT INTO django_migrations VALUES (2, 'auth', '0001_initial', '2015-09-28 19:14:27.091-04');
INSERT INTO django_migrations VALUES (3, 'admin', '0001_initial', '2015-09-28 19:14:27.299-04');
INSERT INTO django_migrations VALUES (4, 'contenttypes', '0002_remove_content_type_name', '2015-09-28 19:14:27.446-04');
INSERT INTO django_migrations VALUES (5, 'auth', '0002_alter_permission_name_max_length', '2015-09-28 19:14:27.5-04');
INSERT INTO django_migrations VALUES (6, 'auth', '0003_alter_user_email_max_length', '2015-09-28 19:14:27.564-04');
INSERT INTO django_migrations VALUES (7, 'auth', '0004_alter_user_username_opts', '2015-09-28 19:14:27.604-04');
INSERT INTO django_migrations VALUES (8, 'auth', '0005_alter_user_last_login_null', '2015-09-28 19:14:27.648-04');
INSERT INTO django_migrations VALUES (9, 'auth', '0006_require_contenttypes_0002', '2015-09-28 19:14:27.654-04');
INSERT INTO django_migrations VALUES (10, 'bar', '0001_initial', '2015-09-28 19:14:27.827-04');
INSERT INTO django_migrations VALUES (11, 'ventas', '0001_initial', '2015-09-28 19:14:28.507-04');
INSERT INTO django_migrations VALUES (12, 'clientes', '0001_initial', '2015-09-28 19:14:29.183-04');
INSERT INTO django_migrations VALUES (13, 'personal', '0001_initial', '2015-09-28 19:14:29.537-04');
INSERT INTO django_migrations VALUES (14, 'sessions', '0001_initial', '2015-09-28 19:14:29.63-04');
INSERT INTO django_migrations VALUES (15, 'bar', '0002_categoriaproducto_formapago', '2015-10-18 21:53:24.965-03');
INSERT INTO django_migrations VALUES (16, 'clientes', '0002_auto_20151018_2152', '2015-10-19 00:19:01.518-03');
INSERT INTO django_migrations VALUES (17, 'clientes', '0003_auto_20151018_2156', '2015-10-19 00:19:02.49-03');
INSERT INTO django_migrations VALUES (18, 'clientes', '0004_auto_20151018_2211', '2015-10-19 00:19:02.894-03');
INSERT INTO django_migrations VALUES (19, 'clientes', '0005_auto_20151018_2212', '2015-10-19 00:19:03.205-03');
INSERT INTO django_migrations VALUES (20, 'clientes', '0006_auto_20151018_2214', '2015-10-19 00:19:03.351-03');
INSERT INTO django_migrations VALUES (21, 'stock', '0001_initial', '2015-10-19 00:19:04.296-03');
INSERT INTO django_migrations VALUES (22, 'compras', '0001_initial', '2015-10-19 00:19:04.706-03');
INSERT INTO django_migrations VALUES (23, 'clientes', '0007_auto_20151019_0021', '2015-10-19 00:21:27.456-03');
INSERT INTO django_migrations VALUES (24, 'clientes', '0008_auto_20151020_2054', '2015-10-20 20:54:43.046-03');
INSERT INTO django_migrations VALUES (25, 'clientes', '0009_auto_20151020_2114', '2015-10-20 21:18:36.852-03');
INSERT INTO django_migrations VALUES (26, 'clientes', '0010_auto_20151020_2114', '2015-10-20 21:18:37.067-03');
INSERT INTO django_migrations VALUES (27, 'personal', '0002_auto_20151018_2152', '2015-10-20 21:18:37.452-03');
INSERT INTO django_migrations VALUES (28, 'personal', '0003_auto_20151018_2156', '2015-10-20 21:18:37.765-03');
INSERT INTO django_migrations VALUES (29, 'personal', '0004_auto_20151018_2211', '2015-10-20 21:18:37.972-03');
INSERT INTO django_migrations VALUES (30, 'personal', '0005_auto_20151018_2212', '2015-10-20 21:18:38.165-03');
INSERT INTO django_migrations VALUES (31, 'personal', '0006_auto_20151019_0021', '2015-10-20 21:20:41.999-03');
INSERT INTO django_migrations VALUES (32, 'personal', '0007_auto_20151020_2054', '2015-10-20 21:21:24.234-03');
INSERT INTO django_migrations VALUES (33, 'personal', '0008_auto_20151020_2114', '2015-10-20 21:21:24.483-03');
INSERT INTO django_migrations VALUES (34, 'personal', '0009_auto_20151020_2114', '2015-10-20 21:22:05.73-03');
INSERT INTO django_migrations VALUES (35, 'ventas', '0002_pedido_pedidodetalle', '2015-10-20 21:22:06.409-03');
INSERT INTO django_migrations VALUES (36, 'clientes', '0011_auto_20151020_2154', '2015-10-20 21:54:39.648-03');
INSERT INTO django_migrations VALUES (37, 'clientes', '0012_auto_20151020_2155', '2015-10-20 21:55:54.44-03');
INSERT INTO django_migrations VALUES (38, 'personal', '0010_auto_20151020_2154', '2015-10-20 21:57:25.439-03');
INSERT INTO django_migrations VALUES (39, 'clientes', '0013_auto_20151020_2203', '2015-10-20 22:04:04.629-03');
INSERT INTO django_migrations VALUES (40, 'clientes', '0014_auto_20151020_2203', '2015-10-20 22:04:04.716-03');
INSERT INTO django_migrations VALUES (41, 'clientes', '0015_auto_20151020_2208', '2015-10-20 22:08:48.571-03');
INSERT INTO django_migrations VALUES (42, 'personal', '0011_auto_20151020_2208', '2015-10-20 22:08:48.794-03');
INSERT INTO django_migrations VALUES (43, 'clientes', '0016_auto_20151024_1948', '2015-10-24 19:48:57.062-03');
INSERT INTO django_migrations VALUES (44, 'personal', '0012_auto_20151024_1948', '2015-10-24 19:48:57.18-03');
INSERT INTO django_migrations VALUES (45, 'stock', '0002_auto_20151024_1948', '2015-10-24 19:48:57.831-03');
INSERT INTO django_migrations VALUES (46, 'bar', '0003_auto_20151025_1138', '2015-10-25 11:38:51.976-03');
INSERT INTO django_migrations VALUES (47, 'clientes', '0017_auto_20151025_1138', '2015-10-25 11:43:09.27-03');
INSERT INTO django_migrations VALUES (48, 'personal', '0013_auto_20151025_1138', '2015-10-25 11:43:09.469-03');
INSERT INTO django_migrations VALUES (49, 'ventas', '0003_auto_20151025_1138', '2015-10-25 11:43:11.189-03');
INSERT INTO django_migrations VALUES (50, 'bar', '0004_tipodeposito_tipoproducto', '2015-10-25 15:34:41.461-03');
INSERT INTO django_migrations VALUES (51, 'clientes', '0018_auto_20151025_1533', '2015-10-25 15:34:41.81-03');
INSERT INTO django_migrations VALUES (52, 'personal', '0014_auto_20151025_1533', '2015-10-25 15:34:42.087-03');
INSERT INTO django_migrations VALUES (53, 'stock', '0003_auto_20151025_1533', '2015-10-25 15:35:55.959-03');
INSERT INTO django_migrations VALUES (54, 'clientes', '0019_auto_20151025_1814', '2015-10-25 18:14:58.126-03');
INSERT INTO django_migrations VALUES (55, 'personal', '0015_auto_20151025_1814', '2015-10-25 18:14:58.384-03');
INSERT INTO django_migrations VALUES (56, 'stock', '0004_remove_producto_precio_venta', '2015-10-25 18:14:58.525-03');
INSERT INTO django_migrations VALUES (57, 'clientes', '0020_auto_20151025_1824', '2015-10-25 18:24:45.988-03');
INSERT INTO django_migrations VALUES (58, 'personal', '0016_auto_20151025_1824', '2015-10-25 18:24:46.105-03');
INSERT INTO django_migrations VALUES (59, 'stock', '0005_precioproducto_activo', '2015-10-25 18:28:21.745-03');
INSERT INTO django_migrations VALUES (60, 'clientes', '0021_auto_20151025_1834', '2015-10-25 18:34:27.088-03');
INSERT INTO django_migrations VALUES (61, 'personal', '0017_auto_20151025_1834', '2015-10-25 18:34:27.292-03');
INSERT INTO django_migrations VALUES (62, 'stock', '0006_auto_20151025_1834', '2015-10-25 18:34:27.531-03');
INSERT INTO django_migrations VALUES (63, 'clientes', '0022_auto_20151025_2238', '2015-10-25 22:39:08.751-03');
INSERT INTO django_migrations VALUES (64, 'compras', '0002_auto_20151025_2238', '2015-10-25 22:39:09.772-03');
INSERT INTO django_migrations VALUES (65, 'personal', '0018_auto_20151025_2238', '2015-10-25 22:39:10.024-03');
INSERT INTO django_migrations VALUES (66, 'clientes', '0023_auto_20151101_2104', '2015-11-01 21:04:45.474-03');
INSERT INTO django_migrations VALUES (67, 'personal', '0019_auto_20151101_2104', '2015-11-01 21:04:45.817-03');
INSERT INTO django_migrations VALUES (68, 'clientes', '0024_auto_20151102_0158', '2015-11-02 01:59:42.583-03');
INSERT INTO django_migrations VALUES (69, 'clientes', '0025_auto_20151102_0204', '2015-11-02 02:04:21.767-03');
INSERT INTO django_migrations VALUES (70, 'personal', '0020_auto_20151102_0158', '2015-11-02 02:05:51.281-03');
INSERT INTO django_migrations VALUES (71, 'personal', '0021_auto_20151102_0204', '2015-11-02 02:06:58.017-03');
INSERT INTO django_migrations VALUES (72, 'clientes', '0026_auto_20151102_0207', '2015-11-02 02:08:09.845-03');
INSERT INTO django_migrations VALUES (73, 'clientes', '0027_auto_20151102_0213', '2015-11-02 02:14:20.587-03');
INSERT INTO django_migrations VALUES (74, 'personal', '0022_auto_20151102_0207', '2015-11-02 02:15:02.718-03');
INSERT INTO django_migrations VALUES (75, 'personal', '0023_auto_20151102_0213', '2015-11-02 02:15:45.427-03');
INSERT INTO django_migrations VALUES (76, 'clientes', '0028_auto_20151102_0216', '2015-11-02 02:16:28.805-03');
INSERT INTO django_migrations VALUES (77, 'clientes', '0029_auto_20151102_0218', '2015-11-02 02:18:15.853-03');
INSERT INTO django_migrations VALUES (78, 'personal', '0024_auto_20151102_0216', '2015-11-02 02:20:55.548-03');
INSERT INTO django_migrations VALUES (79, 'personal', '0025_auto_20151102_0218', '2015-11-02 02:20:56.077-03');
INSERT INTO django_migrations VALUES (80, 'bar', '0005_auto_20151106_2228', '2015-11-06 22:30:01.568-03');
INSERT INTO django_migrations VALUES (81, 'clientes', '0030_auto_20151106_2228', '2015-11-06 22:30:01.886-03');
INSERT INTO django_migrations VALUES (82, 'compras', '0003_auto_20151106_2228', '2015-11-06 22:30:02.694-03');
INSERT INTO django_migrations VALUES (83, 'personal', '0026_auto_20151106_2228', '2015-11-06 22:30:03.226-03');
INSERT INTO django_migrations VALUES (84, 'bar', '0006_auto_20151106_2252', '2015-11-06 22:53:20.66-03');
INSERT INTO django_migrations VALUES (85, 'clientes', '0031_auto_20151106_2252', '2015-11-06 22:53:20.883-03');
INSERT INTO django_migrations VALUES (86, 'compras', '0004_auto_20151106_2252', '2015-11-06 22:53:21.064-03');
INSERT INTO django_migrations VALUES (87, 'personal', '0027_auto_20151106_2252', '2015-11-06 22:53:21.511-03');
INSERT INTO django_migrations VALUES (88, 'bar', '0007_auto_20151106_2300', '2015-11-06 23:01:09.143-03');
INSERT INTO django_migrations VALUES (89, 'clientes', '0032_auto_20151106_2300', '2015-11-06 23:01:09.554-03');
INSERT INTO django_migrations VALUES (90, 'compras', '0005_auto_20151106_2300', '2015-11-06 23:01:09.763-03');
INSERT INTO django_migrations VALUES (91, 'personal', '0028_auto_20151106_2300', '2015-11-06 23:01:10.29-03');
INSERT INTO django_migrations VALUES (92, 'bar', '0008_auto_20151107_1121', '2015-11-07 11:21:43.896-03');
INSERT INTO django_migrations VALUES (93, 'clientes', '0033_auto_20151107_1121', '2015-11-07 11:21:44.02-03');
INSERT INTO django_migrations VALUES (94, 'compras', '0006_auto_20151107_1121', '2015-11-07 11:21:44.429-03');
INSERT INTO django_migrations VALUES (95, 'personal', '0029_auto_20151107_1121', '2015-11-07 11:21:44.678-03');
INSERT INTO django_migrations VALUES (96, 'bar', '0009_auto_20151107_1333', '2015-11-07 13:34:10.426-03');
INSERT INTO django_migrations VALUES (97, 'clientes', '0034_auto_20151107_1333', '2015-11-07 13:34:13.896-03');
INSERT INTO django_migrations VALUES (98, 'compras', '0007_auto_20151107_1333', '2015-11-07 13:39:39.999-03');
INSERT INTO django_migrations VALUES (99, 'personal', '0030_auto_20151107_1333', '2015-11-07 13:39:40.82-03');
INSERT INTO django_migrations VALUES (100, 'bar', '0010_auto_20151107_1341', '2015-11-07 13:41:42.011-03');
INSERT INTO django_migrations VALUES (101, 'clientes', '0035_auto_20151107_1341', '2015-11-07 13:41:42.354-03');
INSERT INTO django_migrations VALUES (102, 'compras', '0008_auto_20151107_1341', '2015-11-07 13:41:42.904-03');
INSERT INTO django_migrations VALUES (103, 'personal', '0031_auto_20151107_1341', '2015-11-07 13:41:43.577-03');
INSERT INTO django_migrations VALUES (104, 'bar', '0011_auto_20151107_1346', '2015-11-07 13:47:39.001-03');
INSERT INTO django_migrations VALUES (105, 'clientes', '0036_auto_20151107_1346', '2015-11-07 13:47:39.373-03');
INSERT INTO django_migrations VALUES (106, 'compras', '0009_auto_20151107_1346', '2015-11-07 13:47:40.242-03');
INSERT INTO django_migrations VALUES (107, 'personal', '0032_auto_20151107_1346', '2015-11-07 13:47:41.098-03');
INSERT INTO django_migrations VALUES (108, 'bar', '0012_auto_20151107_1416', '2015-11-07 14:17:35.091-03');
INSERT INTO django_migrations VALUES (109, 'clientes', '0037_auto_20151107_1416', '2015-11-07 14:17:35.516-03');
INSERT INTO django_migrations VALUES (110, 'compras', '0010_auto_20151107_1416', '2015-11-07 14:17:36.967-03');
INSERT INTO django_migrations VALUES (111, 'personal', '0033_auto_20151107_1416', '2015-11-07 14:17:37.832-03');
INSERT INTO django_migrations VALUES (112, 'bar', '0013_auto_20151107_1436', '2015-11-07 14:36:53.118-03');
INSERT INTO django_migrations VALUES (113, 'clientes', '0038_auto_20151107_1436', '2015-11-07 14:36:53.499-03');
INSERT INTO django_migrations VALUES (114, 'compras', '0011_auto_20151107_1436', '2015-11-07 14:36:54.282-03');
INSERT INTO django_migrations VALUES (115, 'personal', '0034_auto_20151107_1436', '2015-11-07 14:36:55.132-03');
INSERT INTO django_migrations VALUES (116, 'bar', '0014_auto_20151107_1514', '2015-11-07 15:14:33.615-03');
INSERT INTO django_migrations VALUES (117, 'clientes', '0039_auto_20151107_1514', '2015-11-07 15:14:33.734-03');
INSERT INTO django_migrations VALUES (118, 'compras', '0012_auto_20151107_1514', '2015-11-07 15:14:34.446-03');
INSERT INTO django_migrations VALUES (119, 'personal', '0035_auto_20151107_1514', '2015-11-07 15:14:34.742-03');
INSERT INTO django_migrations VALUES (120, 'bar', '0015_auto_20151107_1549', '2015-11-07 15:50:04.875-03');
INSERT INTO django_migrations VALUES (121, 'clientes', '0040_auto_20151107_1549', '2015-11-07 15:50:05.152-03');
INSERT INTO django_migrations VALUES (122, 'compras', '0013_auto_20151107_1549', '2015-11-07 15:50:06.422-03');
INSERT INTO django_migrations VALUES (123, 'personal', '0036_auto_20151107_1549', '2015-11-07 15:50:07.109-03');
INSERT INTO django_migrations VALUES (124, 'bar', '0016_auto_20151108_0910', '2015-11-08 09:11:26.08-03');
INSERT INTO django_migrations VALUES (125, 'clientes', '0041_auto_20151108_0910', '2015-11-08 09:11:26.192-03');
INSERT INTO django_migrations VALUES (126, 'compras', '0014_auto_20151108_0910', '2015-11-08 09:11:26.335-03');
INSERT INTO django_migrations VALUES (127, 'personal', '0037_auto_20151108_0910', '2015-11-08 09:11:26.566-03');
INSERT INTO django_migrations VALUES (128, 'bar', '0017_auto_20151108_0915', '2015-11-08 09:16:34.692-03');
INSERT INTO django_migrations VALUES (129, 'clientes', '0042_auto_20151108_0915', '2015-11-08 09:16:35.023-03');
INSERT INTO django_migrations VALUES (130, 'compras', '0015_auto_20151108_0915', '2015-11-08 09:16:36.062-03');
INSERT INTO django_migrations VALUES (131, 'personal', '0038_auto_20151108_0915', '2015-11-08 09:16:36.85-03');
INSERT INTO django_migrations VALUES (132, 'bar', '0018_auto_20151108_1046', '2015-11-08 10:47:13.374-03');
INSERT INTO django_migrations VALUES (133, 'clientes', '0043_auto_20151108_1046', '2015-11-08 10:47:13.711-03');
INSERT INTO django_migrations VALUES (134, 'compras', '0016_auto_20151108_1046', '2015-11-08 10:47:14.258-03');
INSERT INTO django_migrations VALUES (135, 'personal', '0039_auto_20151108_1046', '2015-11-08 10:47:15.137-03');
INSERT INTO django_migrations VALUES (136, 'bar', '0019_auto_20151108_1156', '2015-11-08 11:57:32.277-03');
INSERT INTO django_migrations VALUES (137, 'clientes', '0044_auto_20151108_1156', '2015-11-08 11:57:32.619-03');
INSERT INTO django_migrations VALUES (138, 'bar', '0020_auto_20151108_1208', '2015-11-08 12:11:03.806-03');
INSERT INTO django_migrations VALUES (139, 'clientes', '0045_auto_20151108_1208', '2015-11-08 12:11:03.898-03');
INSERT INTO django_migrations VALUES (140, 'compras', '0017_auto_20151108_1156', '2015-11-08 12:15:33.905-03');
INSERT INTO django_migrations VALUES (141, 'compras', '0018_auto_20151108_1208', '2015-11-08 12:15:34.693-03');
INSERT INTO django_migrations VALUES (142, 'personal', '0040_auto_20151108_1156', '2015-11-08 12:15:35.574-03');
INSERT INTO django_migrations VALUES (143, 'personal', '0041_auto_20151108_1208', '2015-11-08 12:15:36.589-03');
INSERT INTO django_migrations VALUES (144, 'bar', '0021_auto_20151108_1747', '2015-11-08 17:49:15.394-03');
INSERT INTO django_migrations VALUES (145, 'clientes', '0046_auto_20151108_1747', '2015-11-08 17:49:15.736-03');
INSERT INTO django_migrations VALUES (146, 'compras', '0019_auto_20151108_1747', '2015-11-08 17:49:17.752-03');
INSERT INTO django_migrations VALUES (147, 'personal', '0042_auto_20151108_1747', '2015-11-08 17:49:18.631-03');
INSERT INTO django_migrations VALUES (148, 'bar', '0022_auto_20151108_1756', '2015-11-08 17:57:40.74-03');
INSERT INTO django_migrations VALUES (149, 'clientes', '0047_auto_20151108_1756', '2015-11-08 17:57:41.102-03');
INSERT INTO django_migrations VALUES (150, 'compras', '0020_auto_20151108_1756', '2015-11-08 17:57:42.609-03');
INSERT INTO django_migrations VALUES (151, 'personal', '0043_auto_20151108_1756', '2015-11-08 17:57:43.412-03');
INSERT INTO django_migrations VALUES (152, 'bar', '0023_auto_20151108_1804', '2015-11-08 18:04:58.443-03');
INSERT INTO django_migrations VALUES (153, 'clientes', '0048_auto_20151108_1804', '2015-11-08 18:04:58.807-03');
INSERT INTO django_migrations VALUES (154, 'compras', '0021_auto_20151108_1804', '2015-11-08 18:04:59.681-03');
INSERT INTO django_migrations VALUES (155, 'personal', '0044_auto_20151108_1804', '2015-11-08 18:05:00.419-03');
INSERT INTO django_migrations VALUES (156, 'bar', '0024_auto_20151108_2125', '2015-11-08 21:26:11.039-03');
INSERT INTO django_migrations VALUES (157, 'clientes', '0049_auto_20151108_2125', '2015-11-08 21:26:11.382-03');
INSERT INTO django_migrations VALUES (158, 'compras', '0022_auto_20151108_2125', '2015-11-08 21:26:12.01-03');
INSERT INTO django_migrations VALUES (159, 'personal', '0045_auto_20151108_2125', '2015-11-08 21:26:12.703-03');
INSERT INTO django_migrations VALUES (160, 'stock', '0007_auto_20151108_2125', '2015-11-08 21:26:13.558-03');
INSERT INTO django_migrations VALUES (161, 'bar', '0025_auto_20151108_2148', '2015-11-08 21:50:10.622-03');
INSERT INTO django_migrations VALUES (162, 'clientes', '0050_auto_20151108_2148', '2015-11-08 21:50:10.961-03');
INSERT INTO django_migrations VALUES (163, 'compras', '0023_auto_20151108_2148', '2015-11-08 21:50:11.747-03');
INSERT INTO django_migrations VALUES (164, 'personal', '0046_auto_20151108_2148', '2015-11-08 21:50:12.635-03');
INSERT INTO django_migrations VALUES (165, 'stock', '0008_auto_20151108_2148', '2015-11-08 21:50:12.945-03');
INSERT INTO django_migrations VALUES (166, 'bar', '0026_auto_20151108_2159', '2015-11-08 22:01:20.995-03');
INSERT INTO django_migrations VALUES (167, 'clientes', '0051_auto_20151108_2159', '2015-11-08 22:01:21.484-03');
INSERT INTO django_migrations VALUES (168, 'compras', '0024_auto_20151108_2159', '2015-11-08 22:01:22.632-03');
INSERT INTO django_migrations VALUES (169, 'personal', '0047_auto_20151108_2159', '2015-11-08 22:01:23.423-03');
INSERT INTO django_migrations VALUES (170, 'stock', '0009_auto_20151108_2159', '2015-11-08 22:01:23.704-03');
INSERT INTO django_migrations VALUES (171, 'bar', '0027_auto_20151108_2219', '2015-11-08 22:20:38.475-03');
INSERT INTO django_migrations VALUES (172, 'clientes', '0052_auto_20151108_2219', '2015-11-08 22:20:38.818-03');
INSERT INTO django_migrations VALUES (173, 'compras', '0025_compra', '2015-11-08 22:20:39.353-03');
INSERT INTO django_migrations VALUES (174, 'personal', '0048_auto_20151108_2219', '2015-11-08 22:20:40.066-03');
INSERT INTO django_migrations VALUES (175, 'stock', '0010_auto_20151108_2219', '2015-11-08 22:20:40.306-03');
INSERT INTO django_migrations VALUES (176, 'bar', '0028_auto_20151108_2230', '2015-11-08 22:31:10.783-03');
INSERT INTO django_migrations VALUES (177, 'clientes', '0053_auto_20151108_2230', '2015-11-08 22:31:11.028-03');
INSERT INTO django_migrations VALUES (178, 'compras', '0026_auto_20151108_2230', '2015-11-08 22:31:11.775-03');
INSERT INTO django_migrations VALUES (179, 'personal', '0049_auto_20151108_2230', '2015-11-08 22:31:12.231-03');
INSERT INTO django_migrations VALUES (180, 'stock', '0011_auto_20151108_2230', '2015-11-08 22:31:12.383-03');
INSERT INTO django_migrations VALUES (181, 'bar', '0029_auto_20151112_2256', '2015-11-12 22:57:22.304-03');
INSERT INTO django_migrations VALUES (182, 'clientes', '0054_auto_20151112_2256', '2015-11-12 22:57:23.049-03');
INSERT INTO django_migrations VALUES (183, 'compras', '0027_auto_20151112_2256', '2015-11-12 22:57:23.826-03');
INSERT INTO django_migrations VALUES (184, 'personal', '0050_auto_20151112_2256', '2015-11-12 22:57:24.645-03');
INSERT INTO django_migrations VALUES (185, 'stock', '0012_auto_20151112_2256', '2015-11-12 22:57:24.924-03');
INSERT INTO django_migrations VALUES (186, 'bar', '0030_auto_20151210_1657', '2015-12-10 16:58:22.675-03');
INSERT INTO django_migrations VALUES (187, 'clientes', '0055_auto_20151210_1657', '2015-12-10 16:58:25.019-03');
INSERT INTO django_migrations VALUES (188, 'compras', '0028_auto_20151210_1657', '2015-12-10 16:58:25.989-03');
INSERT INTO django_migrations VALUES (189, 'personal', '0051_auto_20151210_1657', '2015-12-10 16:58:26.847-03');
INSERT INTO django_migrations VALUES (190, 'stock', '0013_auto_20151210_1657', '2015-12-10 16:58:27.066-03');
INSERT INTO django_migrations VALUES (191, 'bar', '0031_auto_20151210_1746', '2015-12-10 17:48:08.749-03');
INSERT INTO django_migrations VALUES (192, 'clientes', '0056_auto_20151210_1746', '2015-12-10 17:48:10.728-03');
INSERT INTO django_migrations VALUES (193, 'compras', '0029_auto_20151210_1746', '2015-12-10 17:48:11.149-03');
INSERT INTO django_migrations VALUES (194, 'personal', '0052_auto_20151210_1746', '2015-12-10 17:48:13.218-03');
INSERT INTO django_migrations VALUES (195, 'stock', '0014_auto_20151210_1746', '2015-12-10 17:48:13.42-03');
INSERT INTO django_migrations VALUES (196, 'bar', '0032_auto_20151211_1039', '2015-12-11 10:40:18.013-03');
INSERT INTO django_migrations VALUES (197, 'bar', '0033_auto_20151211_1043', '2015-12-11 10:44:21.778-03');
INSERT INTO django_migrations VALUES (198, 'clientes', '0057_auto_20151211_1039', '2015-12-11 10:53:21.608-03');
INSERT INTO django_migrations VALUES (199, 'clientes', '0058_auto_20151211_1043', '2015-12-11 10:54:42.265-03');
INSERT INTO django_migrations VALUES (200, 'compras', '0030_auto_20151211_1039', '2015-12-11 10:54:42.449-03');
INSERT INTO django_migrations VALUES (201, 'compras', '0031_auto_20151211_1043', '2015-12-11 10:54:42.805-03');
INSERT INTO django_migrations VALUES (202, 'personal', '0053_auto_20151211_1039', '2015-12-11 10:54:43.131-03');
INSERT INTO django_migrations VALUES (203, 'personal', '0054_auto_20151211_1043', '2015-12-11 10:54:43.376-03');
INSERT INTO django_migrations VALUES (204, 'stock', '0015_auto_20151211_1039', '2015-12-11 10:54:43.716-03');
INSERT INTO django_migrations VALUES (205, 'stock', '0016_auto_20151211_1043', '2015-12-11 10:54:44.11-03');
INSERT INTO django_migrations VALUES (206, 'bar', '0034_auto_20151211_1147', '2015-12-11 11:48:16.47-03');
INSERT INTO django_migrations VALUES (207, 'clientes', '0059_auto_20151211_1147', '2015-12-11 11:48:17.144-03');
INSERT INTO django_migrations VALUES (208, 'compras', '0032_auto_20151211_1147', '2015-12-11 11:48:17.898-03');
INSERT INTO django_migrations VALUES (209, 'personal', '0055_auto_20151211_1147', '2015-12-11 11:48:19.078-03');
INSERT INTO django_migrations VALUES (210, 'stock', '0017_auto_20151211_1147', '2015-12-11 11:48:19.394-03');
INSERT INTO django_migrations VALUES (211, 'bar', '0035_auto_20151211_1158', '2015-12-11 11:59:37.789-03');
INSERT INTO django_migrations VALUES (212, 'clientes', '0060_auto_20151211_1158', '2015-12-11 11:59:38.109-03');
INSERT INTO django_migrations VALUES (213, 'compras', '0033_auto_20151211_1158', '2015-12-11 11:59:38.27-03');
INSERT INTO django_migrations VALUES (214, 'personal', '0056_auto_20151211_1158', '2015-12-11 11:59:38.55-03');
INSERT INTO django_migrations VALUES (215, 'stock', '0018_auto_20151211_1158', '2015-12-11 11:59:38.695-03');
INSERT INTO django_migrations VALUES (216, 'bar', '0036_auto_20151211_1322', '2015-12-11 13:23:04.787-03');
INSERT INTO django_migrations VALUES (217, 'clientes', '0061_auto_20151211_1322', '2015-12-11 13:23:05.098-03');
INSERT INTO django_migrations VALUES (218, 'compras', '0034_auto_20151211_1322', '2015-12-11 13:23:05.368-03');
INSERT INTO django_migrations VALUES (219, 'personal', '0057_auto_20151211_1322', '2015-12-11 13:23:07.538-03');
INSERT INTO django_migrations VALUES (220, 'stock', '0019_auto_20151211_1322', '2015-12-11 13:23:07.689-03');
INSERT INTO django_migrations VALUES (221, 'bar', '0037_auto_20151211_1329', '2015-12-11 13:30:04.594-03');
INSERT INTO django_migrations VALUES (222, 'clientes', '0062_auto_20151211_1329', '2015-12-11 13:30:04.722-03');
INSERT INTO django_migrations VALUES (223, 'compras', '0035_auto_20151211_1329', '2015-12-11 13:30:04.926-03');
INSERT INTO django_migrations VALUES (224, 'personal', '0058_auto_20151211_1329', '2015-12-11 13:30:05.571-03');
INSERT INTO django_migrations VALUES (225, 'stock', '0020_auto_20151211_1329', '2015-12-11 13:30:05.729-03');
INSERT INTO django_migrations VALUES (226, 'bar', '0038_auto_20151211_1531', '2015-12-11 15:33:09.14-03');
INSERT INTO django_migrations VALUES (227, 'clientes', '0063_auto_20151211_1531', '2015-12-11 15:33:09.494-03');
INSERT INTO django_migrations VALUES (228, 'compras', '0036_auto_20151211_1531', '2015-12-11 15:33:10.152-03');
INSERT INTO django_migrations VALUES (229, 'personal', '0059_auto_20151211_1531', '2015-12-11 15:33:11.851-03');
INSERT INTO django_migrations VALUES (230, 'stock', '0021_auto_20151211_1531', '2015-12-11 15:33:12.234-03');
INSERT INTO django_migrations VALUES (231, 'bar', '0039_auto_20151211_1536', '2015-12-11 15:37:33.67-03');
INSERT INTO django_migrations VALUES (232, 'clientes', '0064_auto_20151211_1536', '2015-12-11 15:37:33.767-03');
INSERT INTO django_migrations VALUES (233, 'compras', '0037_auto_20151211_1536', '2015-12-11 15:37:34.439-03');
INSERT INTO django_migrations VALUES (234, 'personal', '0060_auto_20151211_1536', '2015-12-11 15:37:36.032-03');
INSERT INTO django_migrations VALUES (235, 'stock', '0022_auto_20151211_1536', '2015-12-11 15:37:36.441-03');
INSERT INTO django_migrations VALUES (236, 'bar', '0040_auto_20151211_1556', '2015-12-11 15:57:40.712-03');
INSERT INTO django_migrations VALUES (237, 'clientes', '0065_auto_20151211_1556', '2015-12-11 15:57:40.905-03');
INSERT INTO django_migrations VALUES (238, 'compras', '0038_auto_20151211_1556', '2015-12-11 15:57:41.06-03');
INSERT INTO django_migrations VALUES (239, 'personal', '0061_auto_20151211_1556', '2015-12-11 15:57:41.667-03');
INSERT INTO django_migrations VALUES (240, 'stock', '0023_auto_20151211_1556', '2015-12-11 15:57:41.758-03');
INSERT INTO django_migrations VALUES (241, 'bar', '0041_auto_20151215_1624', '2015-12-15 16:25:01.922-03');
INSERT INTO django_migrations VALUES (242, 'clientes', '0066_auto_20151215_1624', '2015-12-15 16:25:02.221-03');
INSERT INTO django_migrations VALUES (243, 'compras', '0039_auto_20151215_1624', '2015-12-15 16:25:02.519-03');
INSERT INTO django_migrations VALUES (244, 'personal', '0062_auto_20151215_1624', '2015-12-15 16:25:04.018-03');
INSERT INTO django_migrations VALUES (245, 'stock', '0024_auto_20151215_1624', '2015-12-15 16:25:04.171-03');
INSERT INTO django_migrations VALUES (246, 'bar', '0042_auto_20151215_1641', '2015-12-15 16:42:34.168-03');
INSERT INTO django_migrations VALUES (247, 'clientes', '0067_auto_20151215_1641', '2015-12-15 16:42:34.52-03');
INSERT INTO django_migrations VALUES (248, 'compras', '0040_auto_20151215_1641', '2015-12-15 16:42:34.747-03');
INSERT INTO django_migrations VALUES (249, 'personal', '0063_auto_20151215_1641', '2015-12-15 16:42:35.126-03');
INSERT INTO django_migrations VALUES (250, 'stock', '0025_auto_20151215_1641', '2015-12-15 16:42:35.248-03');
INSERT INTO django_migrations VALUES (251, 'bar', '0043_auto_20160518_1627', '2016-05-18 16:28:44.651-04');
INSERT INTO django_migrations VALUES (252, 'clientes', '0068_auto_20160518_1627', '2016-05-18 16:28:44.868-04');
INSERT INTO django_migrations VALUES (253, 'compras', '0041_auto_20160518_1627', '2016-05-18 16:28:45.644-04');
INSERT INTO django_migrations VALUES (254, 'personal', '0064_auto_20160518_1627', '2016-05-18 16:28:46.043-04');
INSERT INTO django_migrations VALUES (255, 'stock', '0026_auto_20160518_1627', '2016-05-18 16:28:46.385-04');
INSERT INTO django_migrations VALUES (256, 'ventas', '0004_auto_20160518_1627', '2016-05-18 16:28:46.463-04');
INSERT INTO django_migrations VALUES (257, 'bar', '0044_auto_20160524_1317', '2016-05-24 13:17:47.87-04');
INSERT INTO django_migrations VALUES (258, 'clientes', '0069_auto_20160524_1317', '2016-05-24 13:17:48.006-04');
INSERT INTO django_migrations VALUES (259, 'bar', '0045_auto_20160524_1329', '2016-05-24 13:30:48.321-04');
INSERT INTO django_migrations VALUES (260, 'clientes', '0070_auto_20160524_1329', '2016-05-24 13:30:48.437-04');
INSERT INTO django_migrations VALUES (261, 'bar', '0046_auto_20160524_1333', '2016-05-24 13:34:36.651-04');
INSERT INTO django_migrations VALUES (262, 'clientes', '0071_auto_20160524_1333', '2016-05-24 13:34:36.751-04');
INSERT INTO django_migrations VALUES (263, 'bar', '0047_auto_20160524_1338', '2016-05-24 13:39:34.639-04');
INSERT INTO django_migrations VALUES (264, 'clientes', '0072_auto_20160524_1338', '2016-05-24 13:39:34.769-04');
INSERT INTO django_migrations VALUES (269, 'personal', '0065_auto_20160524_1317', '2016-05-24 13:47:09.707-04');
INSERT INTO django_migrations VALUES (270, 'personal', '0066_auto_20160524_1329', '2016-05-24 13:47:10.006-04');
INSERT INTO django_migrations VALUES (271, 'personal', '0067_auto_20160524_1333', '2016-05-24 13:47:10.309-04');
INSERT INTO django_migrations VALUES (272, 'personal', '0068_auto_20160524_1338', '2016-05-24 13:47:10.692-04');
INSERT INTO django_migrations VALUES (273, 'stock', '0027_auto_20160524_1317', '2016-05-24 13:47:10.812-04');
INSERT INTO django_migrations VALUES (274, 'stock', '0028_auto_20160524_1329', '2016-05-24 13:47:10.922-04');
INSERT INTO django_migrations VALUES (275, 'stock', '0029_auto_20160524_1333', '2016-05-24 13:47:11.035-04');
INSERT INTO django_migrations VALUES (276, 'stock', '0030_auto_20160524_1338', '2016-05-24 13:47:11.148-04');
INSERT INTO django_migrations VALUES (277, 'bar', '0048_auto_20160528_1121', '2016-05-28 11:22:46.237-04');
INSERT INTO django_migrations VALUES (278, 'clientes', '0073_auto_20160528_1121', '2016-05-28 11:22:46.353-04');
INSERT INTO django_migrations VALUES (279, 'bar', '0049_auto_20160528_1129', '2016-05-28 11:30:00.153-04');
INSERT INTO django_migrations VALUES (280, 'clientes', '0074_auto_20160528_1129', '2016-05-28 11:30:00.252-04');
INSERT INTO django_migrations VALUES (281, 'bar', '0050_auto_20160528_1141', '2016-05-28 11:42:43.666-04');
INSERT INTO django_migrations VALUES (282, 'clientes', '0075_auto_20160528_1141', '2016-05-28 11:42:43.765-04');
INSERT INTO django_migrations VALUES (283, 'compras', '0042_auto_20160524_1317', '2016-05-28 11:47:45.884-04');
INSERT INTO django_migrations VALUES (284, 'compras', '0043_auto_20160524_1329', '2016-05-28 11:47:46.241-04');
INSERT INTO django_migrations VALUES (285, 'compras', '0044_auto_20160524_1333', '2016-05-28 11:47:46.595-04');
INSERT INTO django_migrations VALUES (286, 'compras', '0045_auto_20160524_1338', '2016-05-28 11:47:46.981-04');
INSERT INTO django_migrations VALUES (287, 'compras', '0046_auto_20160528_1141', '2016-05-28 11:53:43.269-04');
INSERT INTO django_migrations VALUES (288, 'personal', '0069_auto_20160528_1121', '2016-05-28 11:53:43.579-04');
INSERT INTO django_migrations VALUES (289, 'personal', '0070_auto_20160528_1129', '2016-05-28 11:53:43.919-04');
INSERT INTO django_migrations VALUES (290, 'personal', '0071_auto_20160528_1141', '2016-05-28 11:53:44.235-04');
INSERT INTO django_migrations VALUES (291, 'stock', '0031_auto_20160528_1121', '2016-05-28 11:53:44.34-04');
INSERT INTO django_migrations VALUES (292, 'stock', '0032_auto_20160528_1129', '2016-05-28 11:53:44.454-04');
INSERT INTO django_migrations VALUES (293, 'stock', '0033_auto_20160528_1141', '2016-05-28 11:53:44.573-04');
INSERT INTO django_migrations VALUES (294, 'bar', '0051_auto_20160530_1455', '2016-05-30 15:13:36.878-04');
INSERT INTO django_migrations VALUES (295, 'bar', '0052_auto_20160530_1512', '2016-05-30 15:13:36.902-04');
INSERT INTO django_migrations VALUES (296, 'clientes', '0076_auto_20160530_1455', '2016-05-30 15:13:37.065-04');
INSERT INTO django_migrations VALUES (297, 'clientes', '0077_auto_20160530_1512', '2016-05-30 15:13:37.182-04');
INSERT INTO django_migrations VALUES (298, 'bar', '0053_auto_20160530_1543', '2016-05-30 15:44:22.131-04');
INSERT INTO django_migrations VALUES (299, 'clientes', '0078_auto_20160530_1543', '2016-05-30 15:44:22.237-04');
INSERT INTO django_migrations VALUES (300, 'bar', '0054_auto_20160530_1545', '2016-05-30 15:46:15.807-04');
INSERT INTO django_migrations VALUES (301, 'clientes', '0079_auto_20160530_1545', '2016-05-30 15:46:15.908-04');
INSERT INTO django_migrations VALUES (302, 'compras', '0047_auto_20160530_1545', '2016-05-30 15:46:18.176-04');
INSERT INTO django_migrations VALUES (303, 'personal', '0072_auto_20160530_1455', '2016-05-30 15:46:18.518-04');
INSERT INTO django_migrations VALUES (304, 'personal', '0073_auto_20160530_1512', '2016-05-30 15:46:18.839-04');
INSERT INTO django_migrations VALUES (305, 'personal', '0074_auto_20160530_1543', '2016-05-30 15:46:19.186-04');
INSERT INTO django_migrations VALUES (306, 'personal', '0075_auto_20160530_1545', '2016-05-30 15:46:19.535-04');
INSERT INTO django_migrations VALUES (307, 'stock', '0034_auto_20160530_1512', '2016-05-30 15:46:19.65-04');
INSERT INTO django_migrations VALUES (308, 'stock', '0035_auto_20160530_1543', '2016-05-30 15:46:19.865-04');
INSERT INTO django_migrations VALUES (309, 'stock', '0036_auto_20160530_1545', '2016-05-30 15:46:19.989-04');
INSERT INTO django_migrations VALUES (310, 'bar', '0055_auto_20160531_0022', '2016-05-31 00:43:00.474-04');
INSERT INTO django_migrations VALUES (311, 'bar', '0056_auto_20160531_0042', '2016-05-31 00:43:00.492-04');
INSERT INTO django_migrations VALUES (312, 'clientes', '0080_auto_20160531_0022', '2016-05-31 00:43:00.593-04');
INSERT INTO django_migrations VALUES (313, 'clientes', '0081_auto_20160531_0042', '2016-05-31 00:43:00.807-04');
INSERT INTO django_migrations VALUES (314, 'bar', '0057_auto_20160531_0937', '2016-05-31 09:38:12.722-04');
INSERT INTO django_migrations VALUES (315, 'clientes', '0082_auto_20160531_0937', '2016-05-31 09:38:12.826-04');
INSERT INTO django_migrations VALUES (316, 'bar', '0058_auto_20160531_0938', '2016-05-31 09:39:51.131-04');
INSERT INTO django_migrations VALUES (317, 'clientes', '0083_auto_20160531_0938', '2016-05-31 09:39:51.236-04');
INSERT INTO django_migrations VALUES (318, 'bar', '0059_auto_20160531_1102', '2016-05-31 11:02:54.872-04');
INSERT INTO django_migrations VALUES (319, 'clientes', '0084_auto_20160531_1102', '2016-05-31 11:02:54.983-04');
INSERT INTO django_migrations VALUES (320, 'personal', '0076_auto_20160531_0022', '2016-05-31 11:03:41.686-04');
INSERT INTO django_migrations VALUES (321, 'personal', '0077_auto_20160531_0042', '2016-05-31 11:03:42.024-04');
INSERT INTO django_migrations VALUES (322, 'personal', '0078_auto_20160531_0937', '2016-05-31 11:03:42.448-04');
INSERT INTO django_migrations VALUES (323, 'personal', '0079_auto_20160531_0938', '2016-05-31 11:03:42.774-04');
INSERT INTO django_migrations VALUES (324, 'personal', '0080_auto_20160531_1102', '2016-05-31 11:03:43.093-04');
INSERT INTO django_migrations VALUES (325, 'stock', '0037_auto_20160531_0042', '2016-05-31 11:03:43.202-04');
INSERT INTO django_migrations VALUES (326, 'stock', '0038_auto_20160531_0937', '2016-05-31 11:03:43.34-04');
INSERT INTO django_migrations VALUES (327, 'stock', '0039_auto_20160531_0938', '2016-05-31 11:03:43.465-04');
INSERT INTO django_migrations VALUES (328, 'stock', '0040_auto_20160531_1102', '2016-05-31 11:03:43.613-04');
INSERT INTO django_migrations VALUES (329, 'bar', '0060_auto_20160531_1104', '2016-05-31 11:05:41.16-04');
INSERT INTO django_migrations VALUES (330, 'clientes', '0085_auto_20160531_1104', '2016-05-31 11:05:41.253-04');
INSERT INTO django_migrations VALUES (331, 'bar', '0061_auto_20160531_1112', '2016-05-31 11:13:08.167-04');
INSERT INTO django_migrations VALUES (332, 'clientes', '0086_auto_20160531_1112', '2016-05-31 11:13:08.277-04');
INSERT INTO django_migrations VALUES (333, 'bar', '0062_auto_20160531_1117', '2016-05-31 11:18:44.081-04');
INSERT INTO django_migrations VALUES (334, 'clientes', '0087_auto_20160531_1117', '2016-05-31 11:18:44.196-04');
INSERT INTO django_migrations VALUES (335, 'compras', '0048_auto_20160531_1117', '2016-05-31 11:18:45.291-04');
INSERT INTO django_migrations VALUES (336, 'personal', '0081_auto_20160531_1104', '2016-05-31 11:18:45.593-04');
INSERT INTO django_migrations VALUES (337, 'personal', '0082_auto_20160531_1112', '2016-05-31 11:18:45.928-04');
INSERT INTO django_migrations VALUES (338, 'personal', '0083_auto_20160531_1117', '2016-05-31 11:18:46.288-04');
INSERT INTO django_migrations VALUES (339, 'stock', '0041_auto_20160531_1104', '2016-05-31 11:18:46.408-04');
INSERT INTO django_migrations VALUES (340, 'stock', '0042_auto_20160531_1112', '2016-05-31 11:18:46.538-04');
INSERT INTO django_migrations VALUES (341, 'stock', '0043_auto_20160531_1117', '2016-05-31 11:18:46.665-04');
INSERT INTO django_migrations VALUES (342, 'bar', '0063_auto_20160531_1149', '2016-05-31 11:50:27.716-04');
INSERT INTO django_migrations VALUES (343, 'clientes', '0088_auto_20160531_1149', '2016-05-31 11:50:27.811-04');
INSERT INTO django_migrations VALUES (344, 'bar', '0064_auto_20160531_1154', '2016-05-31 11:55:48.955-04');
INSERT INTO django_migrations VALUES (345, 'clientes', '0089_auto_20160531_1154', '2016-05-31 11:55:49.055-04');
INSERT INTO django_migrations VALUES (346, 'bar', '0065_auto_20160531_1157', '2016-05-31 11:58:27.946-04');
INSERT INTO django_migrations VALUES (347, 'clientes', '0090_auto_20160531_1157', '2016-05-31 11:58:28.07-04');
INSERT INTO django_migrations VALUES (348, 'bar', '0066_auto_20160531_1953', '2016-05-31 19:54:20.316-04');
INSERT INTO django_migrations VALUES (349, 'clientes', '0091_auto_20160531_1953', '2016-05-31 19:54:20.434-04');
INSERT INTO django_migrations VALUES (350, 'compras', '0049_auto_20160531_1953', '2016-05-31 19:54:20.971-04');
INSERT INTO django_migrations VALUES (351, 'personal', '0084_auto_20160531_1149', '2016-05-31 19:54:21.35-04');
INSERT INTO django_migrations VALUES (352, 'personal', '0085_auto_20160531_1154', '2016-05-31 19:54:21.719-04');
INSERT INTO django_migrations VALUES (353, 'personal', '0086_auto_20160531_1157', '2016-05-31 19:54:22.245-04');
INSERT INTO django_migrations VALUES (354, 'personal', '0087_auto_20160531_1953', '2016-05-31 19:54:22.619-04');
INSERT INTO django_migrations VALUES (355, 'stock', '0044_auto_20160531_1149', '2016-05-31 19:54:22.72-04');
INSERT INTO django_migrations VALUES (356, 'stock', '0045_auto_20160531_1154', '2016-05-31 19:54:22.84-04');
INSERT INTO django_migrations VALUES (357, 'stock', '0046_auto_20160531_1157', '2016-05-31 19:54:22.959-04');
INSERT INTO django_migrations VALUES (358, 'stock', '0047_auto_20160531_1953', '2016-05-31 19:54:23.064-04');
INSERT INTO django_migrations VALUES (359, 'bar', '0067_auto_20160531_1959', '2016-05-31 20:01:34.415-04');
INSERT INTO django_migrations VALUES (360, 'clientes', '0092_auto_20160531_1959', '2016-05-31 20:01:34.54-04');
INSERT INTO django_migrations VALUES (361, 'compras', '0050_auto_20160531_1959', '2016-05-31 20:01:35.4-04');
INSERT INTO django_migrations VALUES (362, 'personal', '0088_auto_20160531_1959', '2016-05-31 20:01:35.827-04');
INSERT INTO django_migrations VALUES (363, 'stock', '0048_auto_20160531_1959', '2016-05-31 20:01:35.935-04');
INSERT INTO django_migrations VALUES (364, 'bar', '0068_auto_20160531_2012', '2016-05-31 20:14:02.66-04');
INSERT INTO django_migrations VALUES (365, 'clientes', '0093_auto_20160531_2012', '2016-05-31 20:14:02.773-04');
INSERT INTO django_migrations VALUES (366, 'compras', '0051_auto_20160531_2012', '2016-05-31 20:14:03.378-04');
INSERT INTO django_migrations VALUES (367, 'personal', '0089_auto_20160531_2012', '2016-05-31 20:14:03.708-04');
INSERT INTO django_migrations VALUES (368, 'stock', '0049_auto_20160531_2012', '2016-05-31 20:14:03.808-04');
INSERT INTO django_migrations VALUES (369, 'bar', '0069_auto_20160531_2017', '2016-05-31 20:18:49.194-04');
INSERT INTO django_migrations VALUES (370, 'clientes', '0094_auto_20160531_2017', '2016-05-31 20:18:49.283-04');
INSERT INTO django_migrations VALUES (371, 'bar', '0070_auto_20160531_2021', '2016-05-31 20:22:22.973-04');
INSERT INTO django_migrations VALUES (372, 'clientes', '0095_auto_20160531_2021', '2016-05-31 20:22:23.078-04');
INSERT INTO django_migrations VALUES (373, 'bar', '0071_auto_20160531_2046', '2016-05-31 20:49:45.62-04');
INSERT INTO django_migrations VALUES (374, 'bar', '0072_auto_20160531_2048', '2016-05-31 20:49:45.644-04');
INSERT INTO django_migrations VALUES (375, 'bar', '0073_auto_20160531_2048', '2016-05-31 20:49:45.654-04');
INSERT INTO django_migrations VALUES (376, 'clientes', '0096_auto_20160531_2046', '2016-05-31 20:49:45.737-04');
INSERT INTO django_migrations VALUES (377, 'clientes', '0097_auto_20160531_2048', '2016-05-31 20:49:45.829-04');
INSERT INTO django_migrations VALUES (378, 'clientes', '0098_auto_20160531_2048', '2016-05-31 20:49:45.962-04');
INSERT INTO django_migrations VALUES (379, 'stock', '0050_auto_20160531_2017', '2016-05-31 20:49:45.998-04');
INSERT INTO django_migrations VALUES (380, 'stock', '0051_auto_20160531_2021', '2016-05-31 20:49:46.024-04');
INSERT INTO django_migrations VALUES (381, 'stock', '0052_auto_20160531_2046', '2016-05-31 20:49:46.05-04');
INSERT INTO django_migrations VALUES (382, 'stock', '0053_auto_20160531_2048', '2016-05-31 20:49:46.088-04');
INSERT INTO django_migrations VALUES (383, 'stock', '0054_auto_20160531_2048', '2016-05-31 20:49:46.116-04');
INSERT INTO django_migrations VALUES (384, 'personal', '0090_auto_20160531_2017', '2016-06-01 00:55:05.752-04');
INSERT INTO django_migrations VALUES (385, 'personal', '0091_auto_20160531_2021', '2016-06-01 00:55:06.048-04');
INSERT INTO django_migrations VALUES (386, 'personal', '0092_auto_20160531_2046', '2016-06-01 00:55:06.273-04');
INSERT INTO django_migrations VALUES (387, 'personal', '0093_auto_20160531_2048', '2016-06-01 00:55:06.464-04');
INSERT INTO django_migrations VALUES (388, 'personal', '0094_auto_20160531_2048', '2016-06-01 00:55:06.667-04');
INSERT INTO django_migrations VALUES (389, 'bar', '0074_auto_20160601_0056', '2016-06-01 00:56:46.506-04');
INSERT INTO django_migrations VALUES (390, 'clientes', '0099_auto_20160601_0056', '2016-06-01 00:56:46.606-04');
INSERT INTO django_migrations VALUES (391, 'personal', '0095_auto_20160601_0056', '2016-06-01 00:56:46.921-04');
INSERT INTO django_migrations VALUES (392, 'stock', '0055_auto_20160601_0056', '2016-06-01 00:56:46.947-04');
INSERT INTO django_migrations VALUES (393, 'bar', '0075_auto_20160601_0057', '2016-06-01 00:58:51.471-04');
INSERT INTO django_migrations VALUES (394, 'clientes', '0100_auto_20160601_0057', '2016-06-01 00:58:51.567-04');
INSERT INTO django_migrations VALUES (395, 'personal', '0096_auto_20160601_0057', '2016-06-01 10:32:30.116-04');
INSERT INTO django_migrations VALUES (396, 'stock', '0056_auto_20160601_0057', '2016-06-01 10:32:30.225-04');
INSERT INTO django_migrations VALUES (397, 'bar', '0076_auto_20160601_1032', '2016-06-01 10:33:44.629-04');
INSERT INTO django_migrations VALUES (398, 'clientes', '0101_auto_20160601_1032', '2016-06-01 10:33:44.72-04');
INSERT INTO django_migrations VALUES (399, 'personal', '0097_auto_20160601_1032', '2016-06-01 10:33:45.039-04');
INSERT INTO django_migrations VALUES (400, 'stock', '0057_auto_20160601_1032', '2016-06-01 10:33:45.059-04');
INSERT INTO django_migrations VALUES (401, 'bar', '0077_auto_20160601_1039', '2016-06-01 10:50:21.625-04');
INSERT INTO django_migrations VALUES (402, 'bar', '0078_auto_20160601_1049', '2016-06-01 10:50:21.641-04');
INSERT INTO django_migrations VALUES (403, 'clientes', '0102_auto_20160601_1039', '2016-06-01 10:50:21.737-04');
INSERT INTO django_migrations VALUES (404, 'clientes', '0103_auto_20160601_1049', '2016-06-01 10:50:21.849-04');
INSERT INTO django_migrations VALUES (405, 'personal', '0098_auto_20160601_1039', '2016-06-01 10:50:22.156-04');
INSERT INTO django_migrations VALUES (406, 'personal', '0099_auto_20160601_1049', '2016-06-01 10:50:22.45-04');
INSERT INTO django_migrations VALUES (407, 'stock', '0058_auto_20160601_1039', '2016-06-01 10:50:22.482-04');
INSERT INTO django_migrations VALUES (408, 'stock', '0059_auto_20160601_1049', '2016-06-01 10:50:22.507-04');
INSERT INTO django_migrations VALUES (409, 'bar', '0079_auto_20160601_1055', '2016-06-01 11:27:52.721-04');
INSERT INTO django_migrations VALUES (410, 'bar', '0080_auto_20160601_1118', '2016-06-01 11:27:52.737-04');
INSERT INTO django_migrations VALUES (411, 'bar', '0081_auto_20160601_1125', '2016-06-01 11:27:52.748-04');
INSERT INTO django_migrations VALUES (412, 'bar', '0082_auto_20160601_1126', '2016-06-01 11:27:52.758-04');
INSERT INTO django_migrations VALUES (413, 'clientes', '0104_auto_20160601_1055', '2016-06-01 11:27:52.863-04');
INSERT INTO django_migrations VALUES (414, 'clientes', '0105_auto_20160601_1118', '2016-06-01 11:27:52.962-04');
INSERT INTO django_migrations VALUES (415, 'clientes', '0106_auto_20160601_1125', '2016-06-01 11:27:53.061-04');
INSERT INTO django_migrations VALUES (416, 'clientes', '0107_auto_20160601_1126', '2016-06-01 11:27:53.158-04');
INSERT INTO django_migrations VALUES (417, 'personal', '0100_auto_20160601_1055', '2016-06-01 11:27:53.423-04');
INSERT INTO django_migrations VALUES (418, 'personal', '0101_auto_20160601_1118', '2016-06-01 11:27:53.627-04');
INSERT INTO django_migrations VALUES (419, 'personal', '0102_auto_20160601_1125', '2016-06-01 11:27:53.836-04');
INSERT INTO django_migrations VALUES (420, 'personal', '0103_auto_20160601_1126', '2016-06-01 11:27:54.026-04');
INSERT INTO django_migrations VALUES (421, 'stock', '0060_auto_20160601_1055', '2016-06-01 11:27:54.058-04');
INSERT INTO django_migrations VALUES (422, 'stock', '0061_auto_20160601_1118', '2016-06-01 11:27:54.09-04');
INSERT INTO django_migrations VALUES (423, 'stock', '0062_auto_20160601_1125', '2016-06-01 11:27:54.116-04');
INSERT INTO django_migrations VALUES (424, 'stock', '0063_auto_20160601_1126', '2016-06-01 11:27:54.144-04');
INSERT INTO django_migrations VALUES (425, 'bar', '0083_auto_20160601_1130', '2016-06-01 11:46:06.333-04');
INSERT INTO django_migrations VALUES (426, 'clientes', '0108_auto_20160601_1130', '2016-06-01 11:46:06.428-04');
INSERT INTO django_migrations VALUES (427, 'compras', '0002_delete_proveedor', '2016-06-01 11:50:52.326-04');
INSERT INTO django_migrations VALUES (428, 'personal', '0104_auto_20160601_1130', '2016-06-01 11:50:52.509-04');
INSERT INTO django_migrations VALUES (429, 'stock', '0064_auto_20160601_1130', '2016-06-01 11:50:52.538-04');
INSERT INTO django_migrations VALUES (430, 'bar', '0084_auto_20160601_1152', '2016-06-01 11:53:29.651-04');
INSERT INTO django_migrations VALUES (431, 'clientes', '0109_auto_20160601_1152', '2016-06-01 11:53:29.756-04');
INSERT INTO django_migrations VALUES (432, 'compras', '0003_proveedor', '2016-06-01 11:53:29.828-04');
INSERT INTO django_migrations VALUES (433, 'personal', '0105_auto_20160601_1152', '2016-06-01 11:53:30.038-04');
INSERT INTO django_migrations VALUES (434, 'stock', '0065_auto_20160601_1152', '2016-06-01 11:53:30.076-04');
INSERT INTO django_migrations VALUES (435, 'bar', '0085_auto_20160601_1205', '2016-06-01 12:06:28.268-04');
INSERT INTO django_migrations VALUES (436, 'clientes', '0110_auto_20160601_1205', '2016-06-01 12:06:28.386-04');
INSERT INTO django_migrations VALUES (437, 'stock', '0066_auto_20160601_1205', '2016-06-01 12:06:28.414-04');
INSERT INTO django_migrations VALUES (438, 'compras', '0004_auto_20160601_1205', '2016-06-01 12:06:29.697-04');
INSERT INTO django_migrations VALUES (439, 'personal', '0106_auto_20160601_1205', '2016-06-01 12:06:30.004-04');
INSERT INTO django_migrations VALUES (440, 'bar', '0086_auto_20160601_1352', '2016-06-01 13:53:52.51-04');
INSERT INTO django_migrations VALUES (441, 'clientes', '0111_auto_20160601_1352', '2016-06-01 13:53:52.621-04');
INSERT INTO django_migrations VALUES (442, 'compras', '0005_auto_20160601_1352', '2016-06-01 13:53:53.133-04');
INSERT INTO django_migrations VALUES (443, 'personal', '0107_auto_20160601_1352', '2016-06-01 13:53:53.486-04');
INSERT INTO django_migrations VALUES (444, 'stock', '0067_auto_20160601_1352', '2016-06-01 13:53:53.582-04');
INSERT INTO django_migrations VALUES (445, 'bar', '0087_auto_20160601_1356', '2016-06-01 13:57:32.841-04');
INSERT INTO django_migrations VALUES (446, 'clientes', '0112_auto_20160601_1356', '2016-06-01 13:57:32.944-04');
INSERT INTO django_migrations VALUES (447, 'compras', '0006_auto_20160601_1356', '2016-06-01 13:57:33.509-04');
INSERT INTO django_migrations VALUES (448, 'personal', '0108_auto_20160601_1356', '2016-06-01 13:57:33.821-04');
INSERT INTO django_migrations VALUES (449, 'stock', '0068_auto_20160601_1356', '2016-06-01 13:57:33.923-04');
INSERT INTO django_migrations VALUES (450, 'bar', '0088_auto_20160601_1403', '2016-06-01 14:04:28.86-04');
INSERT INTO django_migrations VALUES (451, 'clientes', '0113_auto_20160601_1403', '2016-06-01 14:04:28.953-04');
INSERT INTO django_migrations VALUES (452, 'compras', '0007_auto_20160601_1403', '2016-06-01 14:04:29.539-04');
INSERT INTO django_migrations VALUES (453, 'personal', '0109_auto_20160601_1403', '2016-06-01 14:04:29.81-04');
INSERT INTO django_migrations VALUES (454, 'stock', '0069_auto_20160601_1403', '2016-06-01 14:04:29.905-04');
INSERT INTO django_migrations VALUES (455, 'bar', '0089_auto_20160601_1412', '2016-06-01 14:13:27.567-04');
INSERT INTO django_migrations VALUES (456, 'clientes', '0114_auto_20160601_1412', '2016-06-01 14:13:27.676-04');
INSERT INTO django_migrations VALUES (457, 'compras', '0008_auto_20160601_1412', '2016-06-01 14:17:07.249-04');
INSERT INTO django_migrations VALUES (458, 'personal', '0110_auto_20160601_1412', '2016-06-01 14:17:07.553-04');
INSERT INTO django_migrations VALUES (459, 'stock', '0070_auto_20160601_1412', '2016-06-01 14:17:07.653-04');
INSERT INTO django_migrations VALUES (460, 'bar', '0090_auto_20160601_1428', '2016-06-01 14:29:49.459-04');
INSERT INTO django_migrations VALUES (461, 'clientes', '0115_auto_20160601_1428', '2016-06-01 14:29:49.559-04');
INSERT INTO django_migrations VALUES (462, 'compras', '0009_auto_20160601_1428', '2016-06-01 14:29:50.189-04');
INSERT INTO django_migrations VALUES (463, 'personal', '0111_auto_20160601_1428', '2016-06-01 14:29:50.516-04');
INSERT INTO django_migrations VALUES (464, 'stock', '0071_auto_20160601_1428', '2016-06-01 14:29:50.629-04');
INSERT INTO django_migrations VALUES (465, 'bar', '0091_auto_20160601_1433', '2016-06-01 14:33:59.558-04');
INSERT INTO django_migrations VALUES (466, 'clientes', '0116_auto_20160601_1433', '2016-06-01 14:33:59.658-04');
INSERT INTO django_migrations VALUES (467, 'bar', '0092_auto_20160601_1441', '2016-06-01 14:43:43.191-04');
INSERT INTO django_migrations VALUES (468, 'clientes', '0117_auto_20160601_1441', '2016-06-01 14:43:43.312-04');
INSERT INTO django_migrations VALUES (469, 'compras', '0010_auto_20160601_1441', '2016-06-01 14:43:44.312-04');
INSERT INTO django_migrations VALUES (470, 'personal', '0112_auto_20160601_1433', '2016-06-01 14:43:44.662-04');
INSERT INTO django_migrations VALUES (471, 'personal', '0113_auto_20160601_1441', '2016-06-01 14:43:44.956-04');
INSERT INTO django_migrations VALUES (472, 'stock', '0072_auto_20160601_1433', '2016-06-01 14:43:45.07-04');
INSERT INTO django_migrations VALUES (473, 'stock', '0073_auto_20160601_1441', '2016-06-01 14:43:45.174-04');
INSERT INTO django_migrations VALUES (474, 'bar', '0093_auto_20160601_1514', '2016-06-01 15:15:29.028-04');
INSERT INTO django_migrations VALUES (475, 'clientes', '0118_auto_20160601_1514', '2016-06-01 15:15:29.135-04');
INSERT INTO django_migrations VALUES (476, 'compras', '0011_auto_20160601_1514', '2016-06-01 15:15:29.898-04');
INSERT INTO django_migrations VALUES (477, 'personal', '0114_auto_20160601_1514', '2016-06-01 15:15:30.2-04');
INSERT INTO django_migrations VALUES (478, 'stock', '0074_auto_20160601_1514', '2016-06-01 15:15:30.312-04');
INSERT INTO django_migrations VALUES (479, 'bar', '0094_auto_20160613_1135', '2016-06-13 11:36:28.376-04');
INSERT INTO django_migrations VALUES (480, 'clientes', '0119_auto_20160613_1135', '2016-06-13 11:36:28.528-04');
INSERT INTO django_migrations VALUES (481, 'bar', '0095_auto_20160613_1141', '2016-06-13 11:42:36.405-04');
INSERT INTO django_migrations VALUES (482, 'clientes', '0120_auto_20160613_1141', '2016-06-13 11:42:36.524-04');
INSERT INTO django_migrations VALUES (483, 'compras', '0012_auto_20160613_1135', '2016-06-13 11:45:17.334-04');
INSERT INTO django_migrations VALUES (484, 'compras', '0013_auto_20160613_1141', '2016-06-13 11:45:17.891-04');
INSERT INTO django_migrations VALUES (485, 'personal', '0115_auto_20160613_1135', '2016-06-13 11:45:18.191-04');
INSERT INTO django_migrations VALUES (486, 'personal', '0116_auto_20160613_1141', '2016-06-13 11:45:18.509-04');
INSERT INTO django_migrations VALUES (487, 'stock', '0075_auto_20160613_1135', '2016-06-13 11:45:18.626-04');
INSERT INTO django_migrations VALUES (488, 'stock', '0076_auto_20160613_1141', '2016-06-13 11:45:18.733-04');
INSERT INTO django_migrations VALUES (489, 'bar', '0096_auto_20160613_1145', '2016-06-13 11:46:48.085-04');
INSERT INTO django_migrations VALUES (490, 'clientes', '0121_auto_20160613_1145', '2016-06-13 11:46:48.189-04');
INSERT INTO django_migrations VALUES (491, 'compras', '0014_auto_20160613_1145', '2016-06-13 11:46:48.771-04');
INSERT INTO django_migrations VALUES (492, 'personal', '0117_auto_20160613_1145', '2016-06-13 11:46:49.119-04');
INSERT INTO django_migrations VALUES (493, 'stock', '0077_auto_20160613_1145', '2016-06-13 11:46:49.248-04');
INSERT INTO django_migrations VALUES (494, 'bar', '0097_auto_20160613_1150', '2016-06-13 11:51:01.887-04');
INSERT INTO django_migrations VALUES (495, 'clientes', '0122_auto_20160613_1150', '2016-06-13 11:51:01.995-04');
INSERT INTO django_migrations VALUES (496, 'compras', '0015_auto_20160613_1150', '2016-06-13 11:51:02.675-04');
INSERT INTO django_migrations VALUES (497, 'personal', '0118_auto_20160613_1150', '2016-06-13 11:51:02.985-04');
INSERT INTO django_migrations VALUES (498, 'stock', '0078_auto_20160613_1150', '2016-06-13 11:51:03.088-04');
INSERT INTO django_migrations VALUES (499, 'bar', '0098_auto_20160613_1544', '2016-06-13 15:45:22.482-04');
INSERT INTO django_migrations VALUES (500, 'clientes', '0123_auto_20160613_1544', '2016-06-13 15:45:22.585-04');
INSERT INTO django_migrations VALUES (501, 'compras', '0016_auto_20160613_1544', '2016-06-13 15:45:23.767-04');
INSERT INTO django_migrations VALUES (502, 'personal', '0119_auto_20160613_1544', '2016-06-13 15:45:24.117-04');
INSERT INTO django_migrations VALUES (503, 'stock', '0079_auto_20160613_1544', '2016-06-13 15:45:24.21-04');
INSERT INTO django_migrations VALUES (504, 'bar', '0099_auto_20160613_1552', '2016-06-13 15:53:02.595-04');
INSERT INTO django_migrations VALUES (505, 'clientes', '0124_auto_20160613_1552', '2016-06-13 15:53:02.692-04');
INSERT INTO django_migrations VALUES (506, 'compras', '0017_auto_20160613_1552', '2016-06-13 15:53:03.412-04');
INSERT INTO django_migrations VALUES (507, 'personal', '0120_auto_20160613_1552', '2016-06-13 15:53:03.756-04');
INSERT INTO django_migrations VALUES (508, 'stock', '0080_auto_20160613_1552', '2016-06-13 15:53:03.886-04');
INSERT INTO django_migrations VALUES (509, 'bar', '0100_auto_20160613_1822', '2016-06-13 18:23:27.901-04');
INSERT INTO django_migrations VALUES (510, 'clientes', '0125_auto_20160613_1822', '2016-06-13 18:23:28.077-04');
INSERT INTO django_migrations VALUES (511, 'stock', '0081_auto_20160613_1822', '2016-06-13 18:23:28.104-04');
INSERT INTO django_migrations VALUES (512, 'compras', '0018_auto_20160613_1822', '2016-06-13 18:23:28.815-04');
INSERT INTO django_migrations VALUES (513, 'personal', '0121_auto_20160613_1822', '2016-06-13 18:23:29.126-04');
INSERT INTO django_migrations VALUES (514, 'bar', '0101_auto_20160616_1151', '2016-06-16 11:52:59.299-04');
INSERT INTO django_migrations VALUES (515, 'clientes', '0126_auto_20160616_1151', '2016-06-16 11:52:59.444-04');
INSERT INTO django_migrations VALUES (516, 'compras', '0019_auto_20160616_1151', '2016-06-16 11:53:01.014-04');
INSERT INTO django_migrations VALUES (517, 'personal', '0122_auto_20160616_1151', '2016-06-16 11:53:01.362-04');
INSERT INTO django_migrations VALUES (518, 'stock', '0082_auto_20160616_1151', '2016-06-16 11:53:01.5-04');
INSERT INTO django_migrations VALUES (519, 'bar', '0102_auto_20160619_1901', '2016-06-19 19:02:09.136-04');
INSERT INTO django_migrations VALUES (520, 'clientes', '0127_auto_20160619_1901', '2016-06-19 19:02:09.256-04');
INSERT INTO django_migrations VALUES (521, 'bar', '0103_auto_20160619_1909', '2016-06-19 19:10:05.775-04');
INSERT INTO django_migrations VALUES (522, 'clientes', '0128_auto_20160619_1909', '2016-06-19 19:10:05.885-04');
INSERT INTO django_migrations VALUES (523, 'compras', '0020_auto_20160619_1901', '2016-06-19 19:16:50.27-04');
INSERT INTO django_migrations VALUES (524, 'compras', '0021_auto_20160619_1909', '2016-06-19 19:16:51.04-04');
INSERT INTO django_migrations VALUES (525, 'personal', '0123_auto_20160619_1901', '2016-06-19 19:16:51.373-04');
INSERT INTO django_migrations VALUES (526, 'personal', '0124_auto_20160619_1909', '2016-06-19 19:16:51.699-04');
INSERT INTO django_migrations VALUES (527, 'stock', '0083_auto_20160619_1901', '2016-06-19 19:23:49.086-04');
INSERT INTO django_migrations VALUES (528, 'stock', '0084_auto_20160619_1909', '2016-06-19 19:23:49.279-04');
INSERT INTO django_migrations VALUES (529, 'bar', '0104_auto_20160620_1144', '2016-06-20 11:45:57.057-04');
INSERT INTO django_migrations VALUES (530, 'clientes', '0129_auto_20160620_1144', '2016-06-20 11:45:57.173-04');
INSERT INTO django_migrations VALUES (531, 'bar', '0105_auto_20160620_1157', '2016-06-20 11:58:10.466-04');
INSERT INTO django_migrations VALUES (532, 'clientes', '0130_auto_20160620_1157', '2016-06-20 11:58:10.589-04');
INSERT INTO django_migrations VALUES (533, 'compras', '0022_auto_20160620_1144', '2016-06-20 11:59:33.319-04');
INSERT INTO django_migrations VALUES (534, 'compras', '0023_auto_20160620_1157', '2016-06-20 11:59:33.951-04');
INSERT INTO django_migrations VALUES (535, 'personal', '0125_auto_20160620_1144', '2016-06-20 11:59:34.295-04');
INSERT INTO django_migrations VALUES (536, 'personal', '0126_auto_20160620_1157', '2016-06-20 11:59:34.617-04');
INSERT INTO django_migrations VALUES (537, 'stock', '0085_auto_20160620_1144', '2016-06-20 11:59:34.727-04');
INSERT INTO django_migrations VALUES (538, 'stock', '0086_auto_20160620_1157', '2016-06-20 11:59:34.847-04');
INSERT INTO django_migrations VALUES (539, 'bar', '0106_auto_20160620_1159', '2016-06-20 12:00:54.623-04');
INSERT INTO django_migrations VALUES (540, 'clientes', '0131_auto_20160620_1159', '2016-06-20 12:00:54.741-04');
INSERT INTO django_migrations VALUES (541, 'compras', '0024_auto_20160620_1159', '2016-06-20 12:00:55.424-04');
INSERT INTO django_migrations VALUES (542, 'personal', '0127_auto_20160620_1159', '2016-06-20 12:00:55.739-04');
INSERT INTO django_migrations VALUES (543, 'stock', '0087_auto_20160620_1159', '2016-06-20 12:00:55.851-04');
INSERT INTO django_migrations VALUES (544, 'bar', '0107_auto_20160620_1304', '2016-06-20 13:05:29.16-04');
INSERT INTO django_migrations VALUES (545, 'clientes', '0132_auto_20160620_1304', '2016-06-20 13:05:29.283-04');
INSERT INTO django_migrations VALUES (546, 'compras', '0025_auto_20160620_1304', '2016-06-20 13:05:29.881-04');
INSERT INTO django_migrations VALUES (547, 'personal', '0128_auto_20160620_1304', '2016-06-20 13:05:30.288-04');
INSERT INTO django_migrations VALUES (548, 'stock', '0088_auto_20160620_1304', '2016-06-20 13:05:30.571-04');
INSERT INTO django_migrations VALUES (549, 'bar', '0108_auto_20160622_1414', '2016-06-22 14:19:59.48-04');
INSERT INTO django_migrations VALUES (550, 'clientes', '0133_auto_20160622_1414', '2016-06-22 14:19:59.683-04');
INSERT INTO django_migrations VALUES (551, 'compras', '0026_auto_20160622_1414', '2016-06-22 14:20:01.435-04');
INSERT INTO django_migrations VALUES (552, 'personal', '0129_auto_20160622_1414', '2016-06-22 14:20:01.823-04');
INSERT INTO django_migrations VALUES (553, 'stock', '0089_auto_20160622_1414', '2016-06-22 14:20:02.696-04');
INSERT INTO django_migrations VALUES (554, 'bar', '0109_auto_20160622_1450', '2016-06-22 14:51:52.076-04');
INSERT INTO django_migrations VALUES (555, 'clientes', '0134_auto_20160622_1450', '2016-06-22 14:51:52.26-04');
INSERT INTO django_migrations VALUES (556, 'compras', '0027_auto_20160622_1450', '2016-06-22 14:51:53.018-04');
INSERT INTO django_migrations VALUES (557, 'personal', '0130_auto_20160622_1450', '2016-06-22 14:51:53.341-04');
INSERT INTO django_migrations VALUES (558, 'stock', '0090_auto_20160622_1450', '2016-06-22 14:51:53.588-04');
INSERT INTO django_migrations VALUES (559, 'bar', '0110_auto_20160622_1821', '2016-06-22 18:22:27.217-04');
INSERT INTO django_migrations VALUES (560, 'clientes', '0135_auto_20160622_1821', '2016-06-22 18:22:27.33-04');
INSERT INTO django_migrations VALUES (561, 'compras', '0028_auto_20160622_1821', '2016-06-22 18:22:28.457-04');
INSERT INTO django_migrations VALUES (562, 'personal', '0131_auto_20160622_1821', '2016-06-22 18:22:28.885-04');
INSERT INTO django_migrations VALUES (563, 'stock', '0091_auto_20160622_1821', '2016-06-22 18:22:29.115-04');
INSERT INTO django_migrations VALUES (564, 'bar', '0111_auto_20160622_1829', '2016-06-22 18:31:10.34-04');
INSERT INTO django_migrations VALUES (565, 'clientes', '0136_auto_20160622_1829', '2016-06-22 18:31:10.543-04');
INSERT INTO django_migrations VALUES (566, 'compras', '0029_auto_20160622_1829', '2016-06-22 18:31:11.182-04');
INSERT INTO django_migrations VALUES (567, 'personal', '0132_auto_20160622_1829', '2016-06-22 18:31:11.532-04');
INSERT INTO django_migrations VALUES (568, 'stock', '0092_auto_20160622_1829', '2016-06-22 18:31:11.779-04');
INSERT INTO django_migrations VALUES (569, 'bar', '0112_auto_20160622_2326', '2016-06-22 23:27:55.586-04');
INSERT INTO django_migrations VALUES (570, 'clientes', '0137_auto_20160622_2326', '2016-06-22 23:27:55.693-04');
INSERT INTO django_migrations VALUES (571, 'compras', '0030_auto_20160622_2326', '2016-06-22 23:27:56.454-04');
INSERT INTO django_migrations VALUES (572, 'personal', '0133_auto_20160622_2326', '2016-06-22 23:27:56.801-04');
INSERT INTO django_migrations VALUES (573, 'stock', '0093_auto_20160622_2326', '2016-06-22 23:27:57.043-04');
INSERT INTO django_migrations VALUES (574, 'bar', '0113_auto_20160622_2356', '2016-06-22 23:57:59.31-04');
INSERT INTO django_migrations VALUES (575, 'clientes', '0138_auto_20160622_2356', '2016-06-22 23:57:59.431-04');
INSERT INTO django_migrations VALUES (576, 'compras', '0031_auto_20160622_2356', '2016-06-22 23:58:00.414-04');
INSERT INTO django_migrations VALUES (577, 'personal', '0134_auto_20160622_2356', '2016-06-22 23:58:00.922-04');
INSERT INTO django_migrations VALUES (578, 'stock', '0094_auto_20160622_2356', '2016-06-22 23:58:01.202-04');
INSERT INTO django_migrations VALUES (579, 'bar', '0114_auto_20160623_0005', '2016-06-23 00:07:01.066-04');
INSERT INTO django_migrations VALUES (580, 'clientes', '0139_auto_20160623_0005', '2016-06-23 00:07:01.176-04');
INSERT INTO django_migrations VALUES (581, 'stock', '0095_auto_20160623_0005', '2016-06-23 00:07:01.38-04');
INSERT INTO django_migrations VALUES (582, 'compras', '0032_auto_20160623_0005', '2016-06-23 00:07:02.063-04');
INSERT INTO django_migrations VALUES (583, 'personal', '0135_auto_20160623_0005', '2016-06-23 00:07:02.393-04');
INSERT INTO django_migrations VALUES (584, 'bar', '0115_auto_20160623_0020', '2016-06-23 00:21:55.936-04');
INSERT INTO django_migrations VALUES (585, 'clientes', '0140_auto_20160623_0020', '2016-06-23 00:21:56.126-04');
INSERT INTO django_migrations VALUES (586, 'compras', '0033_auto_20160623_0020', '2016-06-23 00:21:56.946-04');
INSERT INTO django_migrations VALUES (587, 'personal', '0136_auto_20160623_0020', '2016-06-23 00:21:57.257-04');
INSERT INTO django_migrations VALUES (588, 'stock', '0096_auto_20160623_0020', '2016-06-23 00:21:57.514-04');
INSERT INTO django_migrations VALUES (589, 'bar', '0116_auto_20160623_1112', '2016-06-23 11:13:46.711-04');
INSERT INTO django_migrations VALUES (590, 'clientes', '0141_auto_20160623_1112', '2016-06-23 11:13:46.832-04');
INSERT INTO django_migrations VALUES (591, 'compras', '0034_auto_20160623_1112', '2016-06-23 11:13:47.736-04');
INSERT INTO django_migrations VALUES (592, 'personal', '0137_auto_20160623_1112', '2016-06-23 11:13:48.075-04');
INSERT INTO django_migrations VALUES (593, 'stock', '0097_auto_20160623_1112', '2016-06-23 11:13:48.326-04');
INSERT INTO django_migrations VALUES (594, 'bar', '0117_auto_20160623_1137', '2016-06-23 11:38:37.056-04');
INSERT INTO django_migrations VALUES (595, 'clientes', '0142_auto_20160623_1137', '2016-06-23 11:38:37.269-04');
INSERT INTO django_migrations VALUES (596, 'compras', '0035_auto_20160623_1137', '2016-06-23 11:38:38.218-04');
INSERT INTO django_migrations VALUES (597, 'personal', '0138_auto_20160623_1137', '2016-06-23 11:38:38.557-04');
INSERT INTO django_migrations VALUES (598, 'stock', '0098_auto_20160623_1137', '2016-06-23 11:38:38.795-04');
INSERT INTO django_migrations VALUES (599, 'bar', '0118_auto_20160623_1150', '2016-06-23 12:08:35.827-04');
INSERT INTO django_migrations VALUES (600, 'bar', '0119_auto_20160623_1207', '2016-06-23 12:08:35.844-04');
INSERT INTO django_migrations VALUES (601, 'clientes', '0143_auto_20160623_1150', '2016-06-23 12:08:35.968-04');
INSERT INTO django_migrations VALUES (602, 'clientes', '0144_auto_20160623_1207', '2016-06-23 12:08:36.106-04');
INSERT INTO django_migrations VALUES (603, 'compras', '0036_auto_20160623_1150', '2016-06-23 12:08:36.866-04');
INSERT INTO django_migrations VALUES (604, 'compras', '0037_auto_20160623_1207', '2016-06-23 12:08:38.029-04');
INSERT INTO django_migrations VALUES (605, 'personal', '0139_auto_20160623_1150', '2016-06-23 12:08:38.399-04');
INSERT INTO django_migrations VALUES (606, 'personal', '0140_auto_20160623_1207', '2016-06-23 12:08:38.781-04');
INSERT INTO django_migrations VALUES (607, 'stock', '0099_auto_20160623_1150', '2016-06-23 12:08:39.056-04');
INSERT INTO django_migrations VALUES (608, 'stock', '0100_auto_20160623_1207', '2016-06-23 12:08:39.411-04');
INSERT INTO django_migrations VALUES (609, 'bar', '0120_auto_20160623_1209', '2016-06-23 12:13:40.245-04');
INSERT INTO django_migrations VALUES (610, 'clientes', '0145_auto_20160623_1209', '2016-06-23 12:13:40.352-04');
INSERT INTO django_migrations VALUES (611, 'compras', '0038_auto_20160623_1209', '2016-06-23 12:13:41.285-04');
INSERT INTO django_migrations VALUES (612, 'personal', '0141_auto_20160623_1209', '2016-06-23 12:13:41.628-04');
INSERT INTO django_migrations VALUES (613, 'stock', '0101_auto_20160623_1209', '2016-06-23 12:13:41.979-04');
INSERT INTO django_migrations VALUES (614, 'bar', '0121_auto_20160623_1311', '2016-06-23 13:13:32.422-04');
INSERT INTO django_migrations VALUES (615, 'clientes', '0146_auto_20160623_1311', '2016-06-23 13:13:32.538-04');
INSERT INTO django_migrations VALUES (616, 'compras', '0039_auto_20160623_1311', '2016-06-23 13:13:33.65-04');
INSERT INTO django_migrations VALUES (617, 'personal', '0142_auto_20160623_1311', '2016-06-23 13:13:33.993-04');
INSERT INTO django_migrations VALUES (618, 'stock', '0102_auto_20160623_1311', '2016-06-23 13:13:34.265-04');
INSERT INTO django_migrations VALUES (619, 'bar', '0122_auto_20160623_1313', '2016-06-23 13:18:41.763-04');
INSERT INTO django_migrations VALUES (620, 'clientes', '0147_auto_20160623_1313', '2016-06-23 13:18:41.879-04');
INSERT INTO django_migrations VALUES (621, 'compras', '0040_auto_20160623_1313', '2016-06-23 13:25:11.677-04');
INSERT INTO django_migrations VALUES (622, 'personal', '0143_auto_20160623_1313', '2016-06-23 13:25:12.011-04');
INSERT INTO django_migrations VALUES (623, 'stock', '0103_auto_20160623_1313', '2016-06-23 13:25:12.263-04');
INSERT INTO django_migrations VALUES (624, 'bar', '0123_auto_20160623_1327', '2016-06-23 13:29:25.033-04');
INSERT INTO django_migrations VALUES (625, 'clientes', '0148_auto_20160623_1327', '2016-06-23 13:29:25.163-04');
INSERT INTO django_migrations VALUES (626, 'compras', '0041_auto_20160623_1327', '2016-06-23 13:29:26.11-04');
INSERT INTO django_migrations VALUES (627, 'personal', '0144_auto_20160623_1327', '2016-06-23 13:29:26.444-04');
INSERT INTO django_migrations VALUES (628, 'stock', '0104_auto_20160623_1327', '2016-06-23 13:29:26.736-04');
INSERT INTO django_migrations VALUES (629, 'bar', '0124_auto_20160623_1332', '2016-06-23 13:36:03.002-04');
INSERT INTO django_migrations VALUES (630, 'clientes', '0149_auto_20160623_1332', '2016-06-23 13:36:03.119-04');
INSERT INTO django_migrations VALUES (631, 'compras', '0042_auto_20160623_1332', '2016-06-23 13:36:03.896-04');
INSERT INTO django_migrations VALUES (632, 'personal', '0145_auto_20160623_1332', '2016-06-23 13:36:04.327-04');
INSERT INTO django_migrations VALUES (633, 'stock', '0105_auto_20160623_1332', '2016-06-23 13:36:04.576-04');
INSERT INTO django_migrations VALUES (634, 'bar', '0125_auto_20160623_1407', '2016-06-23 14:08:42.94-04');
INSERT INTO django_migrations VALUES (635, 'clientes', '0150_auto_20160623_1407', '2016-06-23 14:08:43.076-04');
INSERT INTO django_migrations VALUES (636, 'compras', '0043_auto_20160623_1407', '2016-06-23 14:08:44.169-04');
INSERT INTO django_migrations VALUES (637, 'personal', '0146_auto_20160623_1407', '2016-06-23 14:08:44.482-04');
INSERT INTO django_migrations VALUES (638, 'stock', '0106_auto_20160623_1407', '2016-06-23 14:08:44.739-04');
INSERT INTO django_migrations VALUES (639, 'bar', '0126_auto_20160623_1412', '2016-06-23 14:14:45.436-04');
INSERT INTO django_migrations VALUES (640, 'clientes', '0151_auto_20160623_1412', '2016-06-23 14:14:45.547-04');
INSERT INTO django_migrations VALUES (641, 'compras', '0044_auto_20160623_1412', '2016-06-23 14:14:46.363-04');
INSERT INTO django_migrations VALUES (642, 'personal', '0147_auto_20160623_1412', '2016-06-23 14:14:46.665-04');
INSERT INTO django_migrations VALUES (643, 'stock', '0107_auto_20160623_1412', '2016-06-23 14:14:46.905-04');
INSERT INTO django_migrations VALUES (644, 'bar', '0127_auto_20160623_1421', '2016-06-23 14:23:02.496-04');
INSERT INTO django_migrations VALUES (645, 'clientes', '0152_auto_20160623_1421', '2016-06-23 14:23:02.665-04');
INSERT INTO django_migrations VALUES (646, 'compras', '0045_auto_20160623_1421', '2016-06-23 14:23:03.712-04');
INSERT INTO django_migrations VALUES (647, 'personal', '0148_auto_20160623_1421', '2016-06-23 14:23:04.022-04');
INSERT INTO django_migrations VALUES (648, 'stock', '0108_auto_20160623_1421', '2016-06-23 14:23:04.331-04');
INSERT INTO django_migrations VALUES (649, 'bar', '0128_auto_20160623_1442', '2016-06-23 14:44:05.482-04');
INSERT INTO django_migrations VALUES (650, 'clientes', '0153_auto_20160623_1442', '2016-06-23 14:44:05.666-04');
INSERT INTO django_migrations VALUES (651, 'compras', '0046_auto_20160623_1442', '2016-06-23 14:44:06.362-04');
INSERT INTO django_migrations VALUES (652, 'personal', '0149_auto_20160623_1442', '2016-06-23 14:44:06.686-04');
INSERT INTO django_migrations VALUES (653, 'stock', '0109_auto_20160623_1442', '2016-06-23 14:44:06.962-04');
INSERT INTO django_migrations VALUES (654, 'bar', '0129_auto_20160623_1452', '2016-06-23 14:54:12.625-04');
INSERT INTO django_migrations VALUES (655, 'clientes', '0154_auto_20160623_1452', '2016-06-23 14:54:12.733-04');
INSERT INTO django_migrations VALUES (656, 'compras', '0047_auto_20160623_1452', '2016-06-23 14:54:13.355-04');
INSERT INTO django_migrations VALUES (657, 'personal', '0150_auto_20160623_1452', '2016-06-23 14:54:13.641-04');
INSERT INTO django_migrations VALUES (658, 'stock', '0110_auto_20160623_1452', '2016-06-23 14:54:13.942-04');
INSERT INTO django_migrations VALUES (659, 'bar', '0130_auto_20160623_1504', '2016-06-23 15:25:35.625-04');
INSERT INTO django_migrations VALUES (660, 'bar', '0131_auto_20160623_1518', '2016-06-23 15:25:35.66-04');
INSERT INTO django_migrations VALUES (661, 'bar', '0132_auto_20160623_1523', '2016-06-23 15:25:35.684-04');
INSERT INTO django_migrations VALUES (662, 'clientes', '0155_auto_20160623_1504', '2016-06-23 15:25:35.823-04');
INSERT INTO django_migrations VALUES (663, 'clientes', '0156_auto_20160623_1518', '2016-06-23 15:25:36.131-04');
INSERT INTO django_migrations VALUES (664, 'clientes', '0157_auto_20160623_1523', '2016-06-23 15:25:36.264-04');
INSERT INTO django_migrations VALUES (665, 'compras', '0048_auto_20160623_1504', '2016-06-23 15:25:36.731-04');
INSERT INTO django_migrations VALUES (666, 'compras', '0049_auto_20160623_1518', '2016-06-23 15:25:37.299-04');
INSERT INTO django_migrations VALUES (667, 'compras', '0050_auto_20160623_1523', '2016-06-23 15:25:37.807-04');
INSERT INTO django_migrations VALUES (668, 'personal', '0151_auto_20160623_1504', '2016-06-23 15:25:38.209-04');
INSERT INTO django_migrations VALUES (669, 'personal', '0152_auto_20160623_1518', '2016-06-23 15:25:38.717-04');
INSERT INTO django_migrations VALUES (670, 'personal', '0153_auto_20160623_1523', '2016-06-23 15:25:39.196-04');
INSERT INTO django_migrations VALUES (671, 'stock', '0111_auto_20160623_1504', '2016-06-23 15:25:39.47-04');
INSERT INTO django_migrations VALUES (672, 'stock', '0112_auto_20160623_1518', '2016-06-23 15:25:39.814-04');
INSERT INTO django_migrations VALUES (673, 'stock', '0113_auto_20160623_1523', '2016-06-23 15:25:40.152-04');
INSERT INTO django_migrations VALUES (674, 'bar', '0133_auto_20160623_1529', '2016-06-23 15:30:57.06-04');
INSERT INTO django_migrations VALUES (675, 'clientes', '0158_auto_20160623_1529', '2016-06-23 15:30:57.199-04');
INSERT INTO django_migrations VALUES (676, 'compras', '0051_auto_20160623_1529', '2016-06-23 15:30:57.613-04');
INSERT INTO django_migrations VALUES (677, 'personal', '0154_auto_20160623_1529', '2016-06-23 15:30:58.106-04');
INSERT INTO django_migrations VALUES (678, 'stock', '0114_auto_20160623_1529', '2016-06-23 15:30:58.403-04');
INSERT INTO django_migrations VALUES (679, 'bar', '0134_auto_20160626_1857', '2016-06-26 18:58:42.164-04');
INSERT INTO django_migrations VALUES (680, 'clientes', '0159_auto_20160626_1857', '2016-06-26 18:58:42.28-04');
INSERT INTO django_migrations VALUES (681, 'compras', '0052_auto_20160626_1857', '2016-06-26 18:58:43.077-04');
INSERT INTO django_migrations VALUES (682, 'personal', '0155_auto_20160626_1857', '2016-06-26 18:58:43.386-04');
INSERT INTO django_migrations VALUES (683, 'stock', '0115_auto_20160626_1857', '2016-06-26 18:58:43.587-04');
INSERT INTO django_migrations VALUES (684, 'bar', '0135_auto_20160626_2015', '2016-06-26 20:16:50.237-04');
INSERT INTO django_migrations VALUES (685, 'clientes', '0160_auto_20160626_2015', '2016-06-26 20:16:50.342-04');
INSERT INTO django_migrations VALUES (686, 'compras', '0053_auto_20160626_2015', '2016-06-26 20:16:51.375-04');
INSERT INTO django_migrations VALUES (687, 'personal', '0156_auto_20160626_2015', '2016-06-26 20:16:51.672-04');
INSERT INTO django_migrations VALUES (688, 'stock', '0116_auto_20160626_2015', '2016-06-26 20:16:51.889-04');
INSERT INTO django_migrations VALUES (689, 'bar', '0136_auto_20160626_2022', '2016-06-26 20:25:03.312-04');
INSERT INTO django_migrations VALUES (690, 'clientes', '0161_auto_20160626_2022', '2016-06-26 20:25:03.413-04');
INSERT INTO django_migrations VALUES (691, 'compras', '0054_auto_20160626_2022', '2016-06-26 20:25:04.288-04');
INSERT INTO django_migrations VALUES (692, 'personal', '0157_auto_20160626_2022', '2016-06-26 20:25:04.578-04');
INSERT INTO django_migrations VALUES (693, 'stock', '0117_auto_20160626_2022', '2016-06-26 20:25:04.792-04');
INSERT INTO django_migrations VALUES (694, 'bar', '0137_auto_20160628_1354', '2016-06-28 14:25:15.183-04');
INSERT INTO django_migrations VALUES (695, 'clientes', '0162_auto_20160628_1354', '2016-06-28 14:25:16.085-04');
INSERT INTO django_migrations VALUES (696, 'compras', '0055_auto_20160628_1354', '2016-06-28 14:25:16.624-04');
INSERT INTO django_migrations VALUES (697, 'personal', '0158_auto_20160628_1354', '2016-06-28 14:25:16.953-04');
INSERT INTO django_migrations VALUES (698, 'stock', '0118_auto_20160628_1354', '2016-06-28 14:25:17.171-04');
INSERT INTO django_migrations VALUES (699, 'bar', '0138_auto_20160628_1456', '2016-06-28 14:57:34.071-04');
INSERT INTO django_migrations VALUES (700, 'personal', '0159_auto_20160628_1456', '2016-06-28 15:06:33.605-04');
INSERT INTO django_migrations VALUES (701, 'compras', '0056_auto_20160628_1456', '2016-06-28 15:06:34.33-04');
INSERT INTO django_migrations VALUES (702, 'clientes', '0163_auto_20160628_1456', '2016-06-28 15:07:24.792-04');
INSERT INTO django_migrations VALUES (703, 'bar', '0139_auto_20160628_1456', '2016-06-28 15:07:25.072-04');
INSERT INTO django_migrations VALUES (704, 'stock', '0119_auto_20160628_1456', '2016-06-28 15:07:25.294-04');
INSERT INTO django_migrations VALUES (705, 'bar', '0140_auto_20160628_1534', '2016-06-28 15:35:11.91-04');
INSERT INTO django_migrations VALUES (706, 'clientes', '0164_auto_20160628_1534', '2016-06-28 15:35:12.119-04');
INSERT INTO django_migrations VALUES (707, 'compras', '0057_auto_20160628_1534', '2016-06-28 15:35:13.3-04');
INSERT INTO django_migrations VALUES (708, 'personal', '0160_auto_20160628_1534', '2016-06-28 15:35:13.595-04');
INSERT INTO django_migrations VALUES (709, 'stock', '0120_auto_20160628_1534', '2016-06-28 15:35:13.828-04');
INSERT INTO django_migrations VALUES (710, 'bar', '0141_auto_20160704_1048', '2016-07-04 10:48:52.735-04');
INSERT INTO django_migrations VALUES (711, 'clientes', '0165_auto_20160704_1048', '2016-07-04 10:48:53.289-04');
INSERT INTO django_migrations VALUES (712, 'compras', '0058_auto_20160704_1048', '2016-07-04 10:48:54.713-04');
INSERT INTO django_migrations VALUES (713, 'personal', '0161_auto_20160704_1048', '2016-07-04 10:48:55.427-04');
INSERT INTO django_migrations VALUES (714, 'stock', '0121_auto_20160704_1048', '2016-07-04 10:48:55.766-04');
INSERT INTO django_migrations VALUES (715, 'bar', '0142_auto_20160704_1112', '2016-07-04 11:12:53.13-04');
INSERT INTO django_migrations VALUES (716, 'clientes', '0166_auto_20160704_1112', '2016-07-04 11:12:53.349-04');
INSERT INTO django_migrations VALUES (717, 'compras', '0059_auto_20160704_1112', '2016-07-04 11:12:54.237-04');
INSERT INTO django_migrations VALUES (718, 'personal', '0162_auto_20160704_1112', '2016-07-04 11:12:54.584-04');
INSERT INTO django_migrations VALUES (719, 'stock', '0122_auto_20160704_1112', '2016-07-04 11:12:55.244-04');
INSERT INTO django_migrations VALUES (720, 'bar', '0143_auto_20160704_1134', '2016-07-04 11:34:35.755-04');
INSERT INTO django_migrations VALUES (721, 'clientes', '0167_auto_20160704_1134', '2016-07-04 11:34:36.007-04');
INSERT INTO django_migrations VALUES (722, 'compras', '0060_auto_20160704_1134', '2016-07-04 11:34:37.042-04');
INSERT INTO django_migrations VALUES (723, 'personal', '0163_auto_20160704_1134', '2016-07-04 11:34:37.358-04');
INSERT INTO django_migrations VALUES (724, 'stock', '0123_auto_20160704_1134', '2016-07-04 11:34:37.713-04');
INSERT INTO django_migrations VALUES (725, 'bar', '0144_auto_20160704_1341', '2016-07-04 13:44:25.474-04');
INSERT INTO django_migrations VALUES (726, 'clientes', '0168_auto_20160704_1341', '2016-07-04 13:44:25.68-04');
INSERT INTO django_migrations VALUES (727, 'compras', '0061_auto_20160704_1341', '2016-07-04 13:44:26.743-04');
INSERT INTO django_migrations VALUES (728, 'personal', '0164_auto_20160704_1341', '2016-07-04 13:44:27.029-04');
INSERT INTO django_migrations VALUES (729, 'stock', '0124_auto_20160704_1341', '2016-07-04 13:44:27.346-04');
INSERT INTO django_migrations VALUES (730, 'bar', '0145_auto_20160704_1352', '2016-07-04 13:55:31.057-04');
INSERT INTO django_migrations VALUES (731, 'bar', '0146_auto_20160704_1354', '2016-07-04 13:55:31.39-04');
INSERT INTO django_migrations VALUES (732, 'clientes', '0169_auto_20160704_1352', '2016-07-04 13:55:31.671-04');
INSERT INTO django_migrations VALUES (733, 'clientes', '0170_auto_20160704_1354', '2016-07-04 13:55:32.016-04');
INSERT INTO django_migrations VALUES (734, 'compras', '0062_auto_20160704_1352', '2016-07-04 13:55:32.928-04');
INSERT INTO django_migrations VALUES (735, 'compras', '0063_auto_20160704_1354', '2016-07-04 13:55:33.669-04');
INSERT INTO django_migrations VALUES (736, 'personal', '0165_auto_20160704_1352', '2016-07-04 13:55:33.959-04');
INSERT INTO django_migrations VALUES (737, 'personal', '0166_auto_20160704_1354', '2016-07-04 13:55:34.285-04');
INSERT INTO django_migrations VALUES (738, 'stock', '0125_auto_20160704_1352', '2016-07-04 13:55:34.633-04');
INSERT INTO django_migrations VALUES (739, 'stock', '0126_auto_20160704_1354', '2016-07-04 13:55:35.118-04');
INSERT INTO django_migrations VALUES (740, 'bar', '0147_auto_20160705_1750', '2016-07-05 18:25:23.845-04');
INSERT INTO django_migrations VALUES (741, 'clientes', '0171_auto_20160705_1750', '2016-07-05 18:25:24.051-04');
INSERT INTO django_migrations VALUES (742, 'compras', '0064_auto_20160705_1750', '2016-07-05 18:25:24.846-04');
INSERT INTO django_migrations VALUES (743, 'personal', '0167_auto_20160705_1750', '2016-07-05 18:25:25.15-04');
INSERT INTO django_migrations VALUES (744, 'stock', '0127_auto_20160705_1750', '2016-07-05 18:25:25.893-04');
INSERT INTO django_migrations VALUES (745, 'bar', '0148_auto_20160705_2038', '2016-07-05 20:38:34.938-04');
INSERT INTO django_migrations VALUES (746, 'clientes', '0172_auto_20160705_2038', '2016-07-05 20:38:35.133-04');
INSERT INTO django_migrations VALUES (747, 'compras', '0065_auto_20160705_2038', '2016-07-05 20:38:35.856-04');
INSERT INTO django_migrations VALUES (748, 'personal', '0168_auto_20160705_2038', '2016-07-05 20:38:36.151-04');
INSERT INTO django_migrations VALUES (749, 'stock', '0128_auto_20160705_2038', '2016-07-05 20:38:36.478-04');
INSERT INTO django_migrations VALUES (750, 'bar', '0149_auto_20160706_0016', '2016-07-06 00:17:10.298-04');
INSERT INTO django_migrations VALUES (751, 'clientes', '0173_auto_20160706_0016', '2016-07-06 00:17:10.498-04');
INSERT INTO django_migrations VALUES (752, 'compras', '0066_auto_20160706_0016', '2016-07-06 00:17:11.218-04');
INSERT INTO django_migrations VALUES (753, 'personal', '0169_auto_20160706_0016', '2016-07-06 00:17:11.545-04');
INSERT INTO django_migrations VALUES (754, 'stock', '0129_auto_20160706_0016', '2016-07-06 00:17:11.94-04');
INSERT INTO django_migrations VALUES (755, 'bar', '0150_auto_20160706_0021', '2016-07-06 00:23:06.834-04');
INSERT INTO django_migrations VALUES (756, 'clientes', '0174_auto_20160706_0021', '2016-07-06 00:23:07.035-04');
INSERT INTO django_migrations VALUES (757, 'compras', '0067_auto_20160706_0021', '2016-07-06 00:23:07.653-04');
INSERT INTO django_migrations VALUES (758, 'personal', '0170_auto_20160706_0021', '2016-07-06 00:23:07.968-04');
INSERT INTO django_migrations VALUES (759, 'stock', '0130_auto_20160706_0021', '2016-07-06 00:23:08.363-04');
INSERT INTO django_migrations VALUES (760, 'bar', '0151_auto_20160706_0025', '2016-07-06 00:25:49.294-04');
INSERT INTO django_migrations VALUES (761, 'clientes', '0175_auto_20160706_0025', '2016-07-06 00:25:49.7-04');
INSERT INTO django_migrations VALUES (762, 'compras', '0068_auto_20160706_0025', '2016-07-06 00:25:50.368-04');
INSERT INTO django_migrations VALUES (763, 'personal', '0171_auto_20160706_0025', '2016-07-06 00:25:50.767-04');
INSERT INTO django_migrations VALUES (764, 'stock', '0131_auto_20160706_0025', '2016-07-06 00:25:51.168-04');
INSERT INTO django_migrations VALUES (765, 'bar', '0152_auto_20160706_0030', '2016-07-06 00:30:48.165-04');
INSERT INTO django_migrations VALUES (766, 'clientes', '0176_auto_20160706_0030', '2016-07-06 00:30:48.355-04');
INSERT INTO django_migrations VALUES (767, 'compras', '0069_auto_20160706_0030', '2016-07-06 00:30:48.951-04');
INSERT INTO django_migrations VALUES (768, 'personal', '0172_auto_20160706_0030', '2016-07-06 00:30:49.277-04');
INSERT INTO django_migrations VALUES (769, 'stock', '0132_auto_20160706_0030', '2016-07-06 00:30:49.684-04');
INSERT INTO django_migrations VALUES (770, 'bar', '0153_auto_20160706_0057', '2016-07-06 00:58:42.344-04');
INSERT INTO django_migrations VALUES (771, 'clientes', '0177_auto_20160706_0057', '2016-07-06 00:58:42.54-04');
INSERT INTO django_migrations VALUES (772, 'compras', '0070_auto_20160706_0057', '2016-07-06 00:58:43.144-04');
INSERT INTO django_migrations VALUES (773, 'personal', '0173_auto_20160706_0057', '2016-07-06 00:58:43.535-04');
INSERT INTO django_migrations VALUES (774, 'stock', '0133_auto_20160706_0057', '2016-07-06 00:58:43.847-04');
INSERT INTO django_migrations VALUES (775, 'bar', '0154_auto_20160706_0111', '2016-07-06 01:12:30.541-04');
INSERT INTO django_migrations VALUES (776, 'clientes', '0178_auto_20160706_0111', '2016-07-06 01:12:30.721-04');
INSERT INTO django_migrations VALUES (777, 'compras', '0071_auto_20160706_0111', '2016-07-06 01:12:31.315-04');
INSERT INTO django_migrations VALUES (778, 'personal', '0174_auto_20160706_0111', '2016-07-06 01:12:31.675-04');
INSERT INTO django_migrations VALUES (779, 'stock', '0134_auto_20160706_0111', '2016-07-06 01:12:31.961-04');
INSERT INTO django_migrations VALUES (780, 'bar', '0155_auto_20160706_0112', '2016-07-06 01:13:19.126-04');
INSERT INTO django_migrations VALUES (781, 'clientes', '0179_auto_20160706_0112', '2016-07-06 01:13:19.371-04');
INSERT INTO django_migrations VALUES (782, 'compras', '0072_auto_20160706_0112', '2016-07-06 01:13:20.116-04');
INSERT INTO django_migrations VALUES (783, 'personal', '0175_auto_20160706_0112', '2016-07-06 01:13:20.43-04');
INSERT INTO django_migrations VALUES (784, 'stock', '0135_auto_20160706_0112', '2016-07-06 01:13:20.78-04');
INSERT INTO django_migrations VALUES (785, 'bar', '0156_auto_20160706_0117', '2016-07-06 01:18:24.133-04');
INSERT INTO django_migrations VALUES (786, 'clientes', '0180_auto_20160706_0117', '2016-07-06 01:18:24.438-04');
INSERT INTO django_migrations VALUES (787, 'compras', '0073_auto_20160706_0117', '2016-07-06 01:18:25.257-04');
INSERT INTO django_migrations VALUES (788, 'personal', '0176_auto_20160706_0117', '2016-07-06 01:18:25.663-04');
INSERT INTO django_migrations VALUES (789, 'stock', '0136_auto_20160706_0117', '2016-07-06 01:18:26.022-04');
INSERT INTO django_migrations VALUES (790, 'bar', '0157_auto_20160706_1043', '2016-07-06 10:44:24.212-04');
INSERT INTO django_migrations VALUES (791, 'clientes', '0181_auto_20160706_1043', '2016-07-06 10:44:24.432-04');
INSERT INTO django_migrations VALUES (792, 'compras', '0074_auto_20160706_1043', '2016-07-06 10:44:25.145-04');
INSERT INTO django_migrations VALUES (793, 'personal', '0177_auto_20160706_1043', '2016-07-06 10:44:25.641-04');
INSERT INTO django_migrations VALUES (794, 'stock', '0137_auto_20160706_1043', '2016-07-06 10:44:26.003-04');
INSERT INTO django_migrations VALUES (795, 'bar', '0158_auto_20160706_1046', '2016-07-06 10:47:33.039-04');
INSERT INTO django_migrations VALUES (796, 'clientes', '0182_auto_20160706_1046', '2016-07-06 10:47:33.358-04');
INSERT INTO django_migrations VALUES (797, 'compras', '0075_auto_20160706_1046', '2016-07-06 10:47:34.085-04');
INSERT INTO django_migrations VALUES (798, 'personal', '0178_auto_20160706_1046', '2016-07-06 10:47:34.448-04');
INSERT INTO django_migrations VALUES (799, 'stock', '0138_auto_20160706_1046', '2016-07-06 10:47:34.835-04');
INSERT INTO django_migrations VALUES (800, 'bar', '0159_auto_20160706_1102', '2016-07-06 11:02:57.033-04');
INSERT INTO django_migrations VALUES (801, 'clientes', '0183_auto_20160706_1102', '2016-07-06 11:02:57.252-04');
INSERT INTO django_migrations VALUES (802, 'compras', '0076_auto_20160706_1102', '2016-07-06 11:02:57.921-04');
INSERT INTO django_migrations VALUES (803, 'personal', '0179_auto_20160706_1102', '2016-07-06 11:02:58.374-04');
INSERT INTO django_migrations VALUES (804, 'stock', '0139_auto_20160706_1102', '2016-07-06 11:02:58.73-04');
INSERT INTO django_migrations VALUES (805, 'bar', '0160_auto_20160706_1317', '2016-07-06 13:17:43.468-04');
INSERT INTO django_migrations VALUES (806, 'clientes', '0184_auto_20160706_1317', '2016-07-06 13:17:43.713-04');
INSERT INTO django_migrations VALUES (807, 'compras', '0077_auto_20160706_1317', '2016-07-06 13:17:44.543-04');
INSERT INTO django_migrations VALUES (808, 'personal', '0180_auto_20160706_1317', '2016-07-06 13:17:44.829-04');
INSERT INTO django_migrations VALUES (809, 'stock', '0140_auto_20160706_1317', '2016-07-06 13:17:46.1-04');
INSERT INTO django_migrations VALUES (810, 'bar', '0161_auto_20160707_1024', '2016-07-07 10:24:52.027-04');
INSERT INTO django_migrations VALUES (811, 'clientes', '0185_auto_20160707_1024', '2016-07-07 10:24:52.241-04');
INSERT INTO django_migrations VALUES (812, 'compras', '0078_auto_20160707_1024', '2016-07-07 10:24:52.952-04');
INSERT INTO django_migrations VALUES (813, 'personal', '0181_auto_20160707_1024', '2016-07-07 10:24:53.233-04');
INSERT INTO django_migrations VALUES (814, 'stock', '0141_auto_20160707_1024', '2016-07-07 10:24:54.666-04');
INSERT INTO django_migrations VALUES (815, 'bar', '0162_auto_20160707_1415', '2016-07-07 14:15:58.156-04');
INSERT INTO django_migrations VALUES (816, 'clientes', '0186_auto_20160707_1415', '2016-07-07 14:15:58.366-04');
INSERT INTO django_migrations VALUES (817, 'compras', '0079_auto_20160707_1415', '2016-07-07 14:15:59.002-04');
INSERT INTO django_migrations VALUES (818, 'personal', '0182_auto_20160707_1415', '2016-07-07 14:15:59.302-04');
INSERT INTO django_migrations VALUES (819, 'stock', '0142_auto_20160707_1415', '2016-07-07 14:16:00.121-04');
INSERT INTO django_migrations VALUES (820, 'bar', '0163_auto_20160715_1204', '2016-07-15 12:05:04.427-04');
INSERT INTO django_migrations VALUES (821, 'clientes', '0187_auto_20160715_1204', '2016-07-15 12:05:04.661-04');
INSERT INTO django_migrations VALUES (822, 'compras', '0080_auto_20160715_1204', '2016-07-15 12:05:05.432-04');
INSERT INTO django_migrations VALUES (823, 'personal', '0183_auto_20160715_1204', '2016-07-15 12:05:05.824-04');
INSERT INTO django_migrations VALUES (824, 'stock', '0143_auto_20160715_1204', '2016-07-15 12:05:06.13-04');
INSERT INTO django_migrations VALUES (825, 'ventas', '0005_auto_20160715_1204', '2016-07-15 12:05:08.85-04');
INSERT INTO django_migrations VALUES (826, 'bar', '0164_auto_20160715_1517', '2016-07-15 15:17:58.482-04');
INSERT INTO django_migrations VALUES (827, 'clientes', '0188_auto_20160715_1517', '2016-07-15 15:17:58.728-04');
INSERT INTO django_migrations VALUES (828, 'compras', '0081_auto_20160715_1517', '2016-07-15 15:17:59.401-04');
INSERT INTO django_migrations VALUES (829, 'personal', '0184_auto_20160715_1517', '2016-07-15 15:17:59.814-04');
INSERT INTO django_migrations VALUES (830, 'ventas', '0006_auto_20160715_1517', '2016-07-15 15:18:00.227-04');
INSERT INTO django_migrations VALUES (831, 'stock', '0144_auto_20160715_1517', '2016-07-15 15:18:00.987-04');
INSERT INTO django_migrations VALUES (832, 'bar', '0165_auto_20160715_1605', '2016-07-15 16:07:08.707-04');
INSERT INTO django_migrations VALUES (833, 'clientes', '0189_auto_20160715_1605', '2016-07-15 16:07:08.938-04');
INSERT INTO django_migrations VALUES (834, 'compras', '0082_auto_20160715_1605', '2016-07-15 16:07:09.667-04');
INSERT INTO django_migrations VALUES (835, 'personal', '0185_auto_20160715_1605', '2016-07-15 16:07:10.014-04');
INSERT INTO django_migrations VALUES (836, 'stock', '0145_auto_20160715_1605', '2016-07-15 16:07:10.745-04');
INSERT INTO django_migrations VALUES (837, 'ventas', '0007_auto_20160715_1605', '2016-07-15 16:07:11.24-04');
INSERT INTO django_migrations VALUES (838, 'bar', '0166_auto_20160718_1600', '2016-07-18 16:01:42.293-04');
INSERT INTO django_migrations VALUES (839, 'clientes', '0190_auto_20160718_1600', '2016-07-18 16:01:42.53-04');
INSERT INTO django_migrations VALUES (840, 'compras', '0083_auto_20160718_1600', '2016-07-18 16:01:43.159-04');
INSERT INTO django_migrations VALUES (841, 'personal', '0186_auto_20160718_1600', '2016-07-18 16:01:43.502-04');
INSERT INTO django_migrations VALUES (842, 'stock', '0146_auto_20160718_1600', '2016-07-18 16:01:44.06-04');
INSERT INTO django_migrations VALUES (843, 'ventas', '0008_auto_20160718_1600', '2016-07-18 16:01:44.45-04');
INSERT INTO django_migrations VALUES (844, 'bar', '0167_auto_20160722_1059', '2016-07-22 11:00:51.56-04');
INSERT INTO django_migrations VALUES (845, 'clientes', '0191_auto_20160722_1059', '2016-07-22 11:00:51.788-04');
INSERT INTO django_migrations VALUES (846, 'compras', '0084_auto_20160722_1059', '2016-07-22 11:00:52.67-04');
INSERT INTO django_migrations VALUES (847, 'personal', '0187_auto_20160722_1059', '2016-07-22 11:00:52.968-04');
INSERT INTO django_migrations VALUES (848, 'stock', '0147_auto_20160722_1059', '2016-07-22 11:00:54.16-04');
INSERT INTO django_migrations VALUES (849, 'ventas', '0009_auto_20160722_1059', '2016-07-22 11:00:54.523-04');
INSERT INTO django_migrations VALUES (850, 'bar', '0168_auto_20160722_1106', '2016-07-22 11:07:37.972-04');
INSERT INTO django_migrations VALUES (851, 'clientes', '0192_auto_20160722_1106', '2016-07-22 11:07:38.171-04');
INSERT INTO django_migrations VALUES (852, 'compras', '0085_auto_20160722_1106', '2016-07-22 11:07:38.892-04');
INSERT INTO django_migrations VALUES (853, 'personal', '0188_auto_20160722_1106', '2016-07-22 11:07:39.188-04');
INSERT INTO django_migrations VALUES (854, 'stock', '0148_auto_20160722_1106', '2016-07-22 11:07:39.47-04');
INSERT INTO django_migrations VALUES (855, 'ventas', '0010_auto_20160722_1106', '2016-07-22 11:07:39.873-04');
INSERT INTO django_migrations VALUES (856, 'bar', '0169_auto_20160722_1120', '2016-07-22 11:21:46.888-04');
INSERT INTO django_migrations VALUES (857, 'clientes', '0193_auto_20160722_1120', '2016-07-22 11:21:47.141-04');
INSERT INTO django_migrations VALUES (858, 'compras', '0086_auto_20160722_1120', '2016-07-22 11:21:47.904-04');
INSERT INTO django_migrations VALUES (859, 'personal', '0189_auto_20160722_1120', '2016-07-22 11:21:48.237-04');
INSERT INTO django_migrations VALUES (860, 'stock', '0149_auto_20160722_1120', '2016-07-22 11:21:48.519-04');
INSERT INTO django_migrations VALUES (861, 'ventas', '0011_auto_20160722_1120', '2016-07-22 11:21:48.914-04');
INSERT INTO django_migrations VALUES (862, 'bar', '0170_auto_20160722_1138', '2016-07-22 11:39:11.713-04');
INSERT INTO django_migrations VALUES (863, 'clientes', '0194_auto_20160722_1138', '2016-07-22 11:39:12.062-04');
INSERT INTO django_migrations VALUES (864, 'compras', '0087_auto_20160722_1138', '2016-07-22 11:39:12.739-04');
INSERT INTO django_migrations VALUES (865, 'personal', '0190_auto_20160722_1138', '2016-07-22 11:39:13.117-04');
INSERT INTO django_migrations VALUES (866, 'stock', '0150_auto_20160722_1138', '2016-07-22 11:39:14.146-04');
INSERT INTO django_migrations VALUES (867, 'ventas', '0012_auto_20160722_1138', '2016-07-22 11:39:14.534-04');
INSERT INTO django_migrations VALUES (868, 'bar', '0171_auto_20160722_1344', '2016-07-22 13:45:51.425-04');
INSERT INTO django_migrations VALUES (869, 'clientes', '0195_auto_20160722_1344', '2016-07-22 13:45:51.642-04');
INSERT INTO django_migrations VALUES (870, 'compras', '0088_auto_20160722_1344', '2016-07-22 13:45:52.288-04');
INSERT INTO django_migrations VALUES (871, 'personal', '0191_auto_20160722_1344', '2016-07-22 13:45:52.646-04');
INSERT INTO django_migrations VALUES (872, 'ventas', '0013_auto_20160722_1344', '2016-07-22 13:45:53.542-04');
INSERT INTO django_migrations VALUES (873, 'stock', '0151_auto_20160722_1344', '2016-07-22 13:45:53.818-04');
INSERT INTO django_migrations VALUES (874, 'bar', '0172_auto_20160722_1515', '2016-07-22 15:16:25.307-04');
INSERT INTO django_migrations VALUES (875, 'clientes', '0196_auto_20160722_1515', '2016-07-22 15:16:25.562-04');
INSERT INTO django_migrations VALUES (876, 'compras', '0089_auto_20160722_1515', '2016-07-22 15:16:26.442-04');
INSERT INTO django_migrations VALUES (877, 'personal', '0192_auto_20160722_1515', '2016-07-22 15:16:26.755-04');
INSERT INTO django_migrations VALUES (878, 'stock', '0152_auto_20160722_1515', '2016-07-22 15:16:28.363-04');
INSERT INTO django_migrations VALUES (879, 'ventas', '0014_auto_20160722_1515', '2016-07-22 15:16:29.268-04');
INSERT INTO django_migrations VALUES (880, 'bar', '0173_auto_20160726_2040', '2016-07-26 20:41:29.779-04');
INSERT INTO django_migrations VALUES (881, 'clientes', '0197_auto_20160726_2040', '2016-07-26 20:41:30.018-04');
INSERT INTO django_migrations VALUES (882, 'compras', '0090_auto_20160726_2040', '2016-07-28 15:17:33.1-04');
INSERT INTO django_migrations VALUES (883, 'personal', '0193_auto_20160726_2040', '2016-07-28 15:17:33.449-04');
INSERT INTO django_migrations VALUES (884, 'stock', '0153_auto_20160726_2040', '2016-07-28 15:17:33.854-04');
INSERT INTO django_migrations VALUES (885, 'ventas', '0015_auto_20160726_2040', '2016-07-28 15:17:34.804-04');
INSERT INTO django_migrations VALUES (886, 'bar', '0174_auto_20160729_1513', '2016-07-29 15:15:19.084-04');
INSERT INTO django_migrations VALUES (887, 'clientes', '0198_auto_20160729_1513', '2016-07-29 15:15:19.315-04');
INSERT INTO django_migrations VALUES (888, 'ventas', '0016_auto_20160729_1513', '2016-07-29 15:15:20.358-04');
INSERT INTO django_migrations VALUES (889, 'compras', '0091_auto_20160729_1513', '2016-07-29 15:15:21.463-04');
INSERT INTO django_migrations VALUES (890, 'personal', '0194_auto_20160729_1513', '2016-07-29 15:15:22.029-04');
INSERT INTO django_migrations VALUES (891, 'stock', '0154_auto_20160729_1513', '2016-07-29 15:15:22.475-04');
INSERT INTO django_migrations VALUES (892, 'bar', '0175_auto_20160730_1456', '2016-07-30 14:57:24.003-04');
INSERT INTO django_migrations VALUES (893, 'clientes', '0199_auto_20160730_1456', '2016-07-30 14:57:24.239-04');
INSERT INTO django_migrations VALUES (894, 'compras', '0092_auto_20160730_1456', '2016-07-30 14:57:25.455-04');
INSERT INTO django_migrations VALUES (895, 'personal', '0195_auto_20160730_1456', '2016-07-30 14:57:25.951-04');
INSERT INTO django_migrations VALUES (896, 'stock', '0155_auto_20160730_1456', '2016-07-30 14:57:26.383-04');
INSERT INTO django_migrations VALUES (897, 'ventas', '0017_auto_20160730_1456', '2016-07-30 14:57:27.388-04');
INSERT INTO django_migrations VALUES (898, 'bar', '0176_auto_20160731_1123', '2016-07-31 11:24:49.387-04');
INSERT INTO django_migrations VALUES (899, 'clientes', '0200_auto_20160731_1123', '2016-07-31 11:24:49.627-04');
INSERT INTO django_migrations VALUES (900, 'compras', '0093_auto_20160731_1123', '2016-07-31 11:24:51.16-04');
INSERT INTO django_migrations VALUES (901, 'personal', '0196_auto_20160731_1123', '2016-07-31 11:24:51.667-04');
INSERT INTO django_migrations VALUES (902, 'stock', '0156_auto_20160731_1123', '2016-07-31 11:24:52.417-04');
INSERT INTO django_migrations VALUES (903, 'ventas', '0018_auto_20160731_1123', '2016-07-31 11:24:52.881-04');
INSERT INTO django_migrations VALUES (904, 'bar', '0177_auto_20160731_1130', '2016-07-31 11:32:26.233-04');
INSERT INTO django_migrations VALUES (905, 'clientes', '0201_auto_20160731_1130', '2016-07-31 11:32:26.576-04');
INSERT INTO django_migrations VALUES (906, 'compras', '0094_auto_20160731_1130', '2016-07-31 11:32:27.41-04');
INSERT INTO django_migrations VALUES (907, 'personal', '0197_auto_20160731_1130', '2016-07-31 11:32:27.788-04');
INSERT INTO django_migrations VALUES (908, 'stock', '0157_auto_20160731_1130', '2016-07-31 11:32:28.322-04');
INSERT INTO django_migrations VALUES (909, 'ventas', '0019_auto_20160731_1130', '2016-07-31 11:32:28.732-04');
INSERT INTO django_migrations VALUES (910, 'ventas', '0020_auto_20160731_1844', '2016-07-31 18:45:04-04');
INSERT INTO django_migrations VALUES (911, 'compras', '0095_auto_20160731_1844', '2016-07-31 18:45:05.306-04');
INSERT INTO django_migrations VALUES (912, 'bar', '0178_auto_20160731_1844', '2016-07-31 18:45:05.675-04');
INSERT INTO django_migrations VALUES (913, 'clientes', '0202_auto_20160731_1844', '2016-07-31 18:45:06.262-04');
INSERT INTO django_migrations VALUES (914, 'personal', '0198_auto_20160731_1844', '2016-07-31 18:52:07.103-04');
INSERT INTO django_migrations VALUES (915, 'stock', '0158_auto_20160731_1844', '2016-07-31 18:52:07.565-04');
INSERT INTO django_migrations VALUES (916, 'ventas', '0021_auto_20160731_1914', '2016-07-31 19:26:13.587-04');
INSERT INTO django_migrations VALUES (917, 'compras', '0096_auto_20160731_1914', '2016-07-31 19:26:14.524-04');
INSERT INTO django_migrations VALUES (918, 'bar', '0179_auto_20160731_1914', '2016-07-31 19:26:14.839-04');
INSERT INTO django_migrations VALUES (919, 'clientes', '0203_auto_20160731_1914', '2016-07-31 19:26:15.143-04');
INSERT INTO django_migrations VALUES (920, 'personal', '0199_auto_20160731_1914', '2016-07-31 19:26:15.485-04');
INSERT INTO django_migrations VALUES (921, 'stock', '0159_auto_20160731_1914', '2016-07-31 19:26:16.121-04');
INSERT INTO django_migrations VALUES (922, 'bar', '0180_auto_20160731_1943', '2016-07-31 19:43:41.416-04');
INSERT INTO django_migrations VALUES (923, 'clientes', '0204_auto_20160731_1943', '2016-07-31 19:43:41.798-04');
INSERT INTO django_migrations VALUES (924, 'compras', '0097_auto_20160731_1943', '2016-07-31 19:43:42.735-04');
INSERT INTO django_migrations VALUES (925, 'personal', '0200_auto_20160731_1943', '2016-07-31 19:43:42.982-04');
INSERT INTO django_migrations VALUES (926, 'stock', '0160_auto_20160731_1943', '2016-07-31 19:43:43.488-04');
INSERT INTO django_migrations VALUES (927, 'ventas', '0022_auto_20160731_1943', '2016-07-31 19:43:43.913-04');
INSERT INTO django_migrations VALUES (928, 'bar', '0181_auto_20160731_1950', '2016-07-31 19:51:20.974-04');
INSERT INTO django_migrations VALUES (929, 'clientes', '0205_auto_20160731_1950', '2016-07-31 19:51:21.27-04');
INSERT INTO django_migrations VALUES (930, 'compras', '0098_auto_20160731_1950', '2016-07-31 19:51:21.983-04');
INSERT INTO django_migrations VALUES (931, 'personal', '0201_auto_20160731_1950', '2016-07-31 19:51:22.254-04');
INSERT INTO django_migrations VALUES (932, 'stock', '0161_auto_20160731_1950', '2016-07-31 19:51:22.788-04');
INSERT INTO django_migrations VALUES (933, 'ventas', '0023_auto_20160731_1950', '2016-07-31 19:51:23.214-04');
INSERT INTO django_migrations VALUES (934, 'bar', '0182_auto_20160731_2055', '2016-07-31 20:55:52.63-04');
INSERT INTO django_migrations VALUES (935, 'clientes', '0206_auto_20160731_2055', '2016-07-31 20:55:52.921-04');
INSERT INTO django_migrations VALUES (936, 'compras', '0099_auto_20160731_2055', '2016-07-31 20:55:53.715-04');
INSERT INTO django_migrations VALUES (937, 'personal', '0202_auto_20160731_2055', '2016-07-31 20:55:54.005-04');
INSERT INTO django_migrations VALUES (938, 'stock', '0162_auto_20160731_2055', '2016-07-31 20:55:54.422-04');
INSERT INTO django_migrations VALUES (939, 'ventas', '0024_auto_20160731_2055', '2016-07-31 20:55:54.862-04');
INSERT INTO django_migrations VALUES (940, 'bar', '0183_auto_20160801_1610', '2016-08-01 16:11:19.785-04');
INSERT INTO django_migrations VALUES (941, 'clientes', '0207_auto_20160801_1610', '2016-08-01 16:37:58.789-04');
INSERT INTO django_migrations VALUES (942, 'compras', '0100_auto_20160801_1610', '2016-08-01 16:37:59.058-04');
INSERT INTO django_migrations VALUES (943, 'personal', '0203_auto_20160801_1610', '2016-08-01 16:37:59.487-04');
INSERT INTO django_migrations VALUES (944, 'bar', '0184_auto_20160803_1604', '2016-08-03 16:27:23.194-04');
INSERT INTO django_migrations VALUES (945, 'clientes', '0208_auto_20160803_1604', '2016-08-03 16:27:23.63-04');
INSERT INTO django_migrations VALUES (946, 'compras', '0101_auto_20160803_1604', '2016-08-03 16:27:24.005-04');
INSERT INTO django_migrations VALUES (947, 'personal', '0204_auto_20160803_1604', '2016-08-03 16:27:24.289-04');
INSERT INTO django_migrations VALUES (948, 'ventas', '0025_auto_20160803_1604', '2016-08-03 16:29:12.569-04');
INSERT INTO django_migrations VALUES (949, 'bar', '0185_auto_20160804_1619', '2016-08-04 16:20:26.921-04');
INSERT INTO django_migrations VALUES (950, 'clientes', '0209_auto_20160804_1619', '2016-08-04 16:20:27.291-04');
INSERT INTO django_migrations VALUES (951, 'compras', '0102_auto_20160804_1619', '2016-08-04 16:20:28.418-04');
INSERT INTO django_migrations VALUES (952, 'personal', '0205_auto_20160804_1619', '2016-08-04 16:20:28.713-04');
INSERT INTO django_migrations VALUES (953, 'stock', '0163_auto_20160804_1619', '2016-08-04 16:20:29.513-04');
INSERT INTO django_migrations VALUES (954, 'ventas', '0026_auto_20160804_1619', '2016-08-04 16:20:30.97-04');
INSERT INTO django_migrations VALUES (955, 'bar', '0186_auto_20160807_1133', '2016-08-07 11:33:46.533-04');
INSERT INTO django_migrations VALUES (956, 'clientes', '0210_auto_20160807_1133', '2016-08-07 11:33:46.835-04');
INSERT INTO django_migrations VALUES (957, 'compras', '0103_auto_20160807_1133', '2016-08-07 11:33:49.819-04');
INSERT INTO django_migrations VALUES (958, 'personal', '0206_auto_20160807_1133', '2016-08-07 11:33:50.086-04');
INSERT INTO django_migrations VALUES (959, 'bar', '0187_auto_20160807_2113', '2016-08-07 21:14:35.134-04');
INSERT INTO django_migrations VALUES (960, 'clientes', '0211_auto_20160807_2113', '2016-08-07 21:14:35.428-04');
INSERT INTO django_migrations VALUES (961, 'compras', '0104_auto_20160807_2113', '2016-08-07 21:14:35.904-04');
INSERT INTO django_migrations VALUES (962, 'personal', '0207_auto_20160807_2113', '2016-08-07 21:14:36.22-04');
INSERT INTO django_migrations VALUES (963, 'ventas', '0027_auto_20160807_2113', '2016-08-07 21:14:38.184-04');
INSERT INTO django_migrations VALUES (964, 'bar', '0188_auto_20160808_0946', '2016-08-08 09:49:02.294-04');
INSERT INTO django_migrations VALUES (965, 'bar', '0189_auto_20160808_0948', '2016-08-08 09:49:02.597-04');
INSERT INTO django_migrations VALUES (966, 'clientes', '0212_auto_20160808_0946', '2016-08-08 09:49:02.893-04');
INSERT INTO django_migrations VALUES (967, 'clientes', '0213_auto_20160808_0948', '2016-08-08 09:49:03.202-04');
INSERT INTO django_migrations VALUES (968, 'compras', '0105_auto_20160808_0946', '2016-08-08 09:49:03.706-04');
INSERT INTO django_migrations VALUES (969, 'compras', '0106_auto_20160808_0948', '2016-08-08 09:49:03.992-04');
INSERT INTO django_migrations VALUES (970, 'personal', '0208_auto_20160808_0946', '2016-08-08 09:49:04.326-04');
INSERT INTO django_migrations VALUES (971, 'personal', '0209_auto_20160808_0948', '2016-08-08 09:49:04.631-04');
INSERT INTO django_migrations VALUES (972, 'stock', '0164_auto_20160808_0946', '2016-08-08 09:49:05.872-04');
INSERT INTO django_migrations VALUES (973, 'stock', '0165_auto_20160808_0948', '2016-08-08 09:49:06.062-04');
INSERT INTO django_migrations VALUES (974, 'ventas', '0028_auto_20160808_0946', '2016-08-08 09:49:06.693-04');
INSERT INTO django_migrations VALUES (975, 'bar', '0190_auto_20160808_1006', '2016-08-08 10:07:26.2-04');
INSERT INTO django_migrations VALUES (976, 'clientes', '0214_auto_20160808_1006', '2016-08-08 10:07:26.501-04');
INSERT INTO django_migrations VALUES (977, 'compras', '0107_auto_20160808_1006', '2016-08-08 10:07:26.803-04');
INSERT INTO django_migrations VALUES (978, 'personal', '0210_auto_20160808_1006', '2016-08-08 10:07:27.112-04');
INSERT INTO django_migrations VALUES (979, 'stock', '0166_auto_20160808_1006', '2016-08-08 10:08:10.881-04');
INSERT INTO django_migrations VALUES (980, 'ventas', '0029_auto_20160809_1019', '2016-08-09 10:20:14.243-04');
INSERT INTO django_migrations VALUES (981, 'bar', '0191_auto_20160809_1019', '2016-08-09 10:20:15.087-04');
INSERT INTO django_migrations VALUES (982, 'clientes', '0215_auto_20160809_1019', '2016-08-09 10:20:15.383-04');
INSERT INTO django_migrations VALUES (983, 'compras', '0108_auto_20160809_1019', '2016-08-09 10:20:16.222-04');
INSERT INTO django_migrations VALUES (984, 'personal', '0211_auto_20160809_1019', '2016-08-09 10:20:16.554-04');
INSERT INTO django_migrations VALUES (985, 'stock', '0167_auto_20160809_1019', '2016-08-09 10:26:29.921-04');
INSERT INTO django_migrations VALUES (986, 'bar', '0192_auto_20160809_1028', '2016-08-09 10:28:50.002-04');
INSERT INTO django_migrations VALUES (987, 'clientes', '0216_auto_20160809_1028', '2016-08-09 10:28:50.611-04');
INSERT INTO django_migrations VALUES (988, 'compras', '0109_auto_20160809_1028', '2016-08-09 10:28:51-04');
INSERT INTO django_migrations VALUES (989, 'personal', '0212_auto_20160809_1028', '2016-08-09 10:28:51.349-04');
INSERT INTO django_migrations VALUES (990, 'stock', '0168_remove_stockdetalle_tipo_movimiento', '2016-08-09 10:30:22.267-04');
INSERT INTO django_migrations VALUES (991, 'bar', '0193_auto_20160809_1031', '2016-08-09 10:32:24.536-04');
INSERT INTO django_migrations VALUES (992, 'clientes', '0217_auto_20160809_1031', '2016-08-09 10:32:24.927-04');
INSERT INTO django_migrations VALUES (993, 'compras', '0110_auto_20160809_1031', '2016-08-09 10:32:25.261-04');
INSERT INTO django_migrations VALUES (994, 'personal', '0213_auto_20160809_1031', '2016-08-09 10:32:25.656-04');
INSERT INTO django_migrations VALUES (995, 'stock', '0169_stockdetalle_tipo_movimiento', '2016-08-09 10:32:25.879-04');
INSERT INTO django_migrations VALUES (996, 'bar', '0194_auto_20160810_1126', '2016-08-10 11:27:46.202-04');
INSERT INTO django_migrations VALUES (997, 'clientes', '0218_auto_20160810_1126', '2016-08-10 11:27:46.517-04');
INSERT INTO django_migrations VALUES (998, 'compras', '0111_auto_20160810_1126', '2016-08-10 11:33:01.988-04');
INSERT INTO django_migrations VALUES (999, 'personal', '0214_auto_20160810_1126', '2016-08-10 11:33:02.269-04');
INSERT INTO django_migrations VALUES (1000, 'bar', '0195_auto_20160810_1134', '2016-08-10 11:35:35.852-04');
INSERT INTO django_migrations VALUES (1001, 'clientes', '0219_auto_20160810_1134', '2016-08-10 11:35:36.232-04');
INSERT INTO django_migrations VALUES (1002, 'compras', '0112_auto_20160810_1134', '2016-08-10 11:35:36.725-04');
INSERT INTO django_migrations VALUES (1003, 'personal', '0215_auto_20160810_1134', '2016-08-10 11:35:37.049-04');
INSERT INTO django_migrations VALUES (1004, 'bar', '0196_auto_20160810_1136', '2016-08-10 11:37:40.419-04');
INSERT INTO django_migrations VALUES (1005, 'bar', '0197_auto_20160810_1136', '2016-08-10 11:37:40.715-04');
INSERT INTO django_migrations VALUES (1006, 'clientes', '0220_auto_20160810_1136', '2016-08-10 11:37:41.03-04');
INSERT INTO django_migrations VALUES (1007, 'clientes', '0221_auto_20160810_1136', '2016-08-10 11:37:41.343-04');
INSERT INTO django_migrations VALUES (1008, 'compras', '0113_auto_20160810_1136', '2016-08-10 11:37:42.057-04');
INSERT INTO django_migrations VALUES (1009, 'compras', '0114_auto_20160810_1136', '2016-08-10 11:37:42.394-04');
INSERT INTO django_migrations VALUES (1010, 'personal', '0216_auto_20160810_1136', '2016-08-10 11:37:42.703-04');
INSERT INTO django_migrations VALUES (1011, 'personal', '0217_auto_20160810_1136', '2016-08-10 11:37:43.016-04');
INSERT INTO django_migrations VALUES (1012, 'bar', '0198_auto_20160811_1059', '2016-08-11 11:00:10.524-04');
INSERT INTO django_migrations VALUES (1013, 'clientes', '0222_auto_20160811_1059', '2016-08-11 11:00:10.876-04');
INSERT INTO django_migrations VALUES (1014, 'compras', '0115_auto_20160811_1059', '2016-08-11 11:06:05.818-04');
INSERT INTO django_migrations VALUES (1015, 'personal', '0218_auto_20160811_1059', '2016-08-11 11:06:06.119-04');
INSERT INTO django_migrations VALUES (1016, 'bar', '0199_auto_20160811_1106', '2016-08-11 11:08:12.093-04');
INSERT INTO django_migrations VALUES (1017, 'clientes', '0223_auto_20160811_1106', '2016-08-11 11:08:12.396-04');
INSERT INTO django_migrations VALUES (1018, 'compras', '0116_auto_20160811_1106', '2016-08-11 11:08:13.341-04');
INSERT INTO django_migrations VALUES (1019, 'personal', '0219_auto_20160811_1106', '2016-08-11 11:08:13.622-04');
INSERT INTO django_migrations VALUES (1020, 'bar', '0200_auto_20160811_1108', '2016-08-11 11:09:44.39-04');
INSERT INTO django_migrations VALUES (1021, 'clientes', '0224_auto_20160811_1108', '2016-08-11 11:09:44.701-04');
INSERT INTO django_migrations VALUES (1022, 'compras', '0117_auto_20160811_1108', '2016-08-11 11:09:45.582-04');
INSERT INTO django_migrations VALUES (1023, 'personal', '0220_auto_20160811_1108', '2016-08-11 11:09:45.963-04');
INSERT INTO django_migrations VALUES (1024, 'bar', '0201_auto_20160811_1117', '2016-08-11 11:18:45.914-04');
INSERT INTO django_migrations VALUES (1025, 'clientes', '0225_auto_20160811_1117', '2016-08-11 11:18:46.22-04');
INSERT INTO django_migrations VALUES (1026, 'compras', '0118_auto_20160811_1117', '2016-08-11 11:20:00.459-04');
INSERT INTO django_migrations VALUES (1027, 'personal', '0221_auto_20160811_1117', '2016-08-11 11:20:00.771-04');
INSERT INTO django_migrations VALUES (1028, 'bar', '0202_auto_20160811_1218', '2016-08-11 12:19:20.271-04');
INSERT INTO django_migrations VALUES (1029, 'clientes', '0226_auto_20160811_1218', '2016-08-11 12:19:20.649-04');
INSERT INTO django_migrations VALUES (1030, 'compras', '0119_auto_20160811_1218', '2016-08-11 12:26:46.514-04');
INSERT INTO django_migrations VALUES (1031, 'personal', '0222_auto_20160811_1218', '2016-08-11 12:26:46.831-04');
INSERT INTO django_migrations VALUES (1032, 'bar', '0203_auto_20160812_2039', '2016-08-12 20:40:33.069-04');
INSERT INTO django_migrations VALUES (1033, 'clientes', '0227_auto_20160812_2039', '2016-08-12 20:40:33.361-04');
INSERT INTO django_migrations VALUES (1034, 'compras', '0120_auto_20160812_2039', '2016-08-12 20:40:34.344-04');
INSERT INTO django_migrations VALUES (1035, 'personal', '0223_auto_20160812_2039', '2016-08-12 20:40:35.864-04');
INSERT INTO django_migrations VALUES (1036, 'stock', '0170_auto_20160812_2039', '2016-08-12 20:40:36.944-04');
INSERT INTO django_migrations VALUES (1037, 'bar', '0204_auto_20160813_1000', '2016-08-13 10:00:57.113-04');
INSERT INTO django_migrations VALUES (1038, 'clientes', '0228_auto_20160813_1000', '2016-08-13 10:00:57.529-04');
INSERT INTO django_migrations VALUES (1039, 'compras', '0121_auto_20160813_1000', '2016-08-13 10:00:58.484-04');
INSERT INTO django_migrations VALUES (1040, 'personal', '0224_auto_20160813_1000', '2016-08-13 10:00:58.789-04');
INSERT INTO django_migrations VALUES (1041, 'bar', '0205_auto_20160813_1020', '2016-08-13 10:51:54.198-04');
INSERT INTO django_migrations VALUES (1042, 'bar', '0206_auto_20160813_1050', '2016-08-13 10:51:54.514-04');
INSERT INTO django_migrations VALUES (1043, 'clientes', '0229_auto_20160813_1020', '2016-08-13 10:51:54.928-04');
INSERT INTO django_migrations VALUES (1044, 'clientes', '0230_auto_20160813_1050', '2016-08-13 10:51:55.241-04');
INSERT INTO django_migrations VALUES (1045, 'compras', '0122_auto_20160813_1020', '2016-08-13 10:51:55.891-04');
INSERT INTO django_migrations VALUES (1046, 'compras', '0123_auto_20160813_1050', '2016-08-13 10:51:56.671-04');
INSERT INTO django_migrations VALUES (1047, 'personal', '0225_auto_20160813_1020', '2016-08-13 10:51:56.978-04');
INSERT INTO django_migrations VALUES (1048, 'personal', '0226_auto_20160813_1050', '2016-08-13 10:51:57.584-04');
INSERT INTO django_migrations VALUES (1049, 'bar', '0207_auto_20160813_1114', '2016-08-13 11:15:04.803-04');
INSERT INTO django_migrations VALUES (1050, 'clientes', '0231_auto_20160813_1114', '2016-08-13 11:15:05.153-04');
INSERT INTO django_migrations VALUES (1051, 'compras', '0124_auto_20160813_1114', '2016-08-13 11:15:05.889-04');
INSERT INTO django_migrations VALUES (1052, 'personal', '0227_auto_20160813_1114', '2016-08-13 11:15:07.369-04');
INSERT INTO django_migrations VALUES (1053, 'bar', '0208_auto_20160813_1427', '2016-08-13 14:29:00.374-04');
INSERT INTO django_migrations VALUES (1054, 'clientes', '0232_auto_20160813_1427', '2016-08-13 14:29:00.661-04');
INSERT INTO django_migrations VALUES (1055, 'compras', '0125_auto_20160813_1427', '2016-08-13 14:29:01.6-04');
INSERT INTO django_migrations VALUES (1056, 'personal', '0228_auto_20160813_1427', '2016-08-13 14:29:01.881-04');
INSERT INTO django_migrations VALUES (1057, 'bar', '0209_auto_20160813_1518', '2016-08-13 15:19:19.935-04');
INSERT INTO django_migrations VALUES (1058, 'clientes', '0233_auto_20160813_1518', '2016-08-13 15:19:20.301-04');
INSERT INTO django_migrations VALUES (1059, 'compras', '0126_auto_20160813_1518', '2016-08-13 15:19:21.248-04');
INSERT INTO django_migrations VALUES (1060, 'personal', '0229_auto_20160813_1518', '2016-08-13 15:19:21.564-04');
INSERT INTO django_migrations VALUES (1061, 'bar', '0210_auto_20160813_1644', '2016-08-13 16:45:57.481-04');
INSERT INTO django_migrations VALUES (1062, 'clientes', '0234_auto_20160813_1644', '2016-08-13 16:45:58.896-04');
INSERT INTO django_migrations VALUES (1063, 'compras', '0127_auto_20160813_1644', '2016-08-13 16:45:59.735-04');
INSERT INTO django_migrations VALUES (1064, 'personal', '0230_auto_20160813_1644', '2016-08-13 16:46:00.025-04');
INSERT INTO django_migrations VALUES (1065, 'bar', '0211_auto_20160813_1758', '2016-08-13 17:59:58.185-04');
INSERT INTO django_migrations VALUES (1066, 'clientes', '0235_auto_20160813_1758', '2016-08-13 17:59:58.952-04');
INSERT INTO django_migrations VALUES (1067, 'compras', '0128_auto_20160813_1758', '2016-08-13 17:59:59.593-04');
INSERT INTO django_migrations VALUES (1068, 'personal', '0231_auto_20160813_1758', '2016-08-13 17:59:59.99-04');
INSERT INTO django_migrations VALUES (1069, 'bar', '0212_auto_20160814_1120', '2016-08-14 11:21:37.473-04');
INSERT INTO django_migrations VALUES (1070, 'clientes', '0236_auto_20160814_1120', '2016-08-14 11:21:37.842-04');
INSERT INTO django_migrations VALUES (1071, 'compras', '0129_auto_20160814_1120', '2016-08-14 11:21:38.991-04');
INSERT INTO django_migrations VALUES (1072, 'personal', '0232_auto_20160814_1120', '2016-08-14 11:21:39.276-04');
INSERT INTO django_migrations VALUES (1073, 'stock', '0171_auto_20160814_1120', '2016-08-14 11:21:40.448-04');
INSERT INTO django_migrations VALUES (1074, 'ventas', '0030_auto_20160814_1120', '2016-08-14 11:21:41.596-04');
INSERT INTO django_migrations VALUES (1075, 'bar', '0213_auto_20160814_1133', '2016-08-14 11:38:47.039-04');
INSERT INTO django_migrations VALUES (1076, 'bar', '0214_auto_20160814_1137', '2016-08-14 11:38:47.316-04');
INSERT INTO django_migrations VALUES (1077, 'clientes', '0237_auto_20160814_1133', '2016-08-14 11:38:47.47-04');
INSERT INTO django_migrations VALUES (1078, 'clientes', '0238_auto_20160814_1137', '2016-08-14 11:38:47.707-04');
INSERT INTO django_migrations VALUES (1079, 'compras', '0130_auto_20160814_1133', '2016-08-14 11:38:48.248-04');
INSERT INTO django_migrations VALUES (1080, 'compras', '0131_auto_20160814_1137', '2016-08-14 11:38:48.846-04');
INSERT INTO django_migrations VALUES (1081, 'personal', '0233_auto_20160814_1133', '2016-08-14 11:38:49.128-04');
INSERT INTO django_migrations VALUES (1082, 'personal', '0234_auto_20160814_1137', '2016-08-14 11:38:49.531-04');
INSERT INTO django_migrations VALUES (1083, 'stock', '0172_auto_20160814_1133', '2016-08-14 11:38:49.807-04');
INSERT INTO django_migrations VALUES (1084, 'stock', '0173_productocompuestodetalle_producto_compuesto', '2016-08-14 11:38:49.96-04');
INSERT INTO django_migrations VALUES (1085, 'bar', '0215_auto_20160814_1155', '2016-08-14 11:57:35.676-04');
INSERT INTO django_migrations VALUES (1086, 'clientes', '0239_auto_20160814_1155', '2016-08-14 11:57:35.863-04');
INSERT INTO django_migrations VALUES (1087, 'compras', '0132_auto_20160814_1155', '2016-08-14 11:57:36.452-04');
INSERT INTO django_migrations VALUES (1088, 'personal', '0235_auto_20160814_1155', '2016-08-14 11:57:36.762-04');
INSERT INTO django_migrations VALUES (1089, 'stock', '0174_auto_20160814_1155', '2016-08-14 11:57:37.197-04');
INSERT INTO django_migrations VALUES (1090, 'bar', '0216_auto_20160814_2240', '2016-08-14 22:41:56.331-04');
INSERT INTO django_migrations VALUES (1091, 'clientes', '0240_auto_20160814_2240', '2016-08-14 22:41:56.563-04');
INSERT INTO django_migrations VALUES (1092, 'compras', '0133_auto_20160814_2240', '2016-08-14 22:41:57.483-04');
INSERT INTO django_migrations VALUES (1093, 'personal', '0236_auto_20160814_2240', '2016-08-14 22:41:57.911-04');
INSERT INTO django_migrations VALUES (1094, 'ventas', '0031_auto_20160814_2240', '2016-08-14 22:41:58.932-04');
INSERT INTO django_migrations VALUES (1095, 'stock', '0175_auto_20160814_2240', '2016-08-14 22:42:00.735-04');
INSERT INTO django_migrations VALUES (1096, 'bar', '0217_auto_20160814_2243', '2016-08-14 22:45:06.624-04');
INSERT INTO django_migrations VALUES (1097, 'clientes', '0241_auto_20160814_2243', '2016-08-14 22:45:06.938-04');
INSERT INTO django_migrations VALUES (1098, 'compras', '0134_auto_20160814_2243', '2016-08-14 22:45:07.643-04');
INSERT INTO django_migrations VALUES (1099, 'personal', '0237_auto_20160814_2243', '2016-08-14 22:45:07.984-04');
INSERT INTO django_migrations VALUES (1100, 'ventas', '0032_comanda', '2016-08-14 22:45:08.197-04');
INSERT INTO django_migrations VALUES (1101, 'bar', '0218_auto_20160814_2254', '2016-08-14 22:55:40.02-04');
INSERT INTO django_migrations VALUES (1102, 'clientes', '0242_auto_20160814_2254', '2016-08-14 22:55:40.226-04');
INSERT INTO django_migrations VALUES (1103, 'compras', '0135_auto_20160814_2254', '2016-08-14 22:55:41.078-04');
INSERT INTO django_migrations VALUES (1104, 'personal', '0238_auto_20160814_2254', '2016-08-14 22:55:41.372-04');
INSERT INTO django_migrations VALUES (1105, 'stock', '0176_devolucion', '2016-08-14 22:55:41.408-04');
INSERT INTO django_migrations VALUES (1106, 'ventas', '0033_auto_20160814_2254', '2016-08-14 22:55:41.629-04');
INSERT INTO django_migrations VALUES (1107, 'bar', '0219_auto_20160815_1056', '2016-08-15 10:58:01.328-04');
INSERT INTO django_migrations VALUES (1108, 'clientes', '0243_auto_20160815_1056', '2016-08-15 10:58:01.479-04');
INSERT INTO django_migrations VALUES (1109, 'compras', '0136_auto_20160815_1056', '2016-08-15 10:58:03.432-04');
INSERT INTO django_migrations VALUES (1110, 'personal', '0239_auto_20160815_1056', '2016-08-15 10:58:04.14-04');
INSERT INTO django_migrations VALUES (1111, 'stock', '0177_auto_20160815_1056', '2016-08-15 10:58:04.813-04');
INSERT INTO django_migrations VALUES (1112, 'ventas', '0034_auto_20160815_1056', '2016-08-15 10:58:04.996-04');
INSERT INTO django_migrations VALUES (1113, 'bar', '0220_auto_20160815_1110', '2016-08-15 11:12:00.993-04');
INSERT INTO django_migrations VALUES (1114, 'clientes', '0244_auto_20160815_1110', '2016-08-15 11:12:01.167-04');
INSERT INTO django_migrations VALUES (1115, 'compras', '0137_auto_20160815_1110', '2016-08-15 11:12:01.73-04');
INSERT INTO django_migrations VALUES (1116, 'personal', '0240_auto_20160815_1110', '2016-08-15 11:12:02.019-04');
INSERT INTO django_migrations VALUES (1117, 'ventas', '0035_auto_20160815_1110', '2016-08-15 11:12:02.248-04');
INSERT INTO django_migrations VALUES (1118, 'bar', '0221_auto_20160815_1158', '2016-08-15 12:00:35.793-04');
INSERT INTO django_migrations VALUES (1119, 'clientes', '0245_auto_20160815_1158', '2016-08-15 12:00:35.956-04');
INSERT INTO django_migrations VALUES (1120, 'compras', '0138_auto_20160815_1158', '2016-08-15 12:00:36.884-04');
INSERT INTO django_migrations VALUES (1121, 'personal', '0241_auto_20160815_1158', '2016-08-15 12:00:37.169-04');
INSERT INTO django_migrations VALUES (1122, 'ventas', '0036_auto_20160815_1158', '2016-08-15 12:00:37.739-04');
INSERT INTO django_migrations VALUES (1123, 'bar', '0222_auto_20160815_1350', '2016-08-15 13:51:54.707-04');
INSERT INTO django_migrations VALUES (1124, 'clientes', '0246_auto_20160815_1350', '2016-08-15 13:51:54.871-04');
INSERT INTO django_migrations VALUES (1125, 'compras', '0139_auto_20160815_1350', '2016-08-15 13:51:55.699-04');
INSERT INTO django_migrations VALUES (1126, 'personal', '0242_auto_20160815_1350', '2016-08-15 13:51:56.046-04');
INSERT INTO django_migrations VALUES (1127, 'ventas', '0037_auto_20160815_1350', '2016-08-15 13:51:56.381-04');
INSERT INTO django_migrations VALUES (1128, 'bar', '0223_auto_20160815_1421', '2016-08-15 14:22:37.352-04');
INSERT INTO django_migrations VALUES (1129, 'clientes', '0247_auto_20160815_1421', '2016-08-15 14:22:37.525-04');
INSERT INTO django_migrations VALUES (1130, 'compras', '0140_auto_20160815_1421', '2016-08-15 14:22:38.291-04');
INSERT INTO django_migrations VALUES (1131, 'personal', '0243_auto_20160815_1421', '2016-08-15 14:22:38.758-04');
INSERT INTO django_migrations VALUES (1132, 'ventas', '0038_auto_20160815_1421', '2016-08-15 14:22:38.942-04');
INSERT INTO django_migrations VALUES (1133, 'bar', '0224_auto_20160815_1500', '2016-08-15 15:01:43.896-04');
INSERT INTO django_migrations VALUES (1134, 'clientes', '0248_auto_20160815_1500', '2016-08-15 15:08:38.36-04');
INSERT INTO django_migrations VALUES (1135, 'compras', '0141_auto_20160815_1500', '2016-08-15 15:08:39.083-04');
INSERT INTO django_migrations VALUES (1136, 'personal', '0244_auto_20160815_1500', '2016-08-15 15:08:39.531-04');
INSERT INTO django_migrations VALUES (1137, 'ventas', '0039_auto_20160815_1500', '2016-08-15 15:08:39.813-04');
INSERT INTO django_migrations VALUES (1138, 'bar', '0225_auto_20160815_1509', '2016-08-15 15:10:58.33-04');
INSERT INTO django_migrations VALUES (1139, 'clientes', '0249_auto_20160815_1509', '2016-08-15 15:37:31.817-04');
INSERT INTO django_migrations VALUES (1140, 'compras', '0142_auto_20160815_1509', '2016-08-15 15:37:32.502-04');
INSERT INTO django_migrations VALUES (1141, 'personal', '0245_auto_20160815_1509', '2016-08-15 15:37:32.82-04');
INSERT INTO django_migrations VALUES (1142, 'bar', '0226_auto_20160815_1705', '2016-08-15 17:07:53.77-04');
INSERT INTO django_migrations VALUES (1143, 'clientes', '0250_auto_20160815_1705', '2016-08-15 17:07:53.922-04');
INSERT INTO django_migrations VALUES (1144, 'compras', '0143_auto_20160815_1705', '2016-08-15 17:07:55.507-04');
INSERT INTO django_migrations VALUES (1145, 'personal', '0246_auto_20160815_1705', '2016-08-15 17:07:55.788-04');
INSERT INTO django_migrations VALUES (1146, 'bar', '0227_auto_20160815_2011', '2016-08-15 20:13:01.665-04');
INSERT INTO django_migrations VALUES (1147, 'clientes', '0251_auto_20160815_2011', '2016-08-15 20:13:01.957-04');
INSERT INTO django_migrations VALUES (1148, 'compras', '0144_auto_20160815_2011', '2016-08-15 20:13:04.213-04');
INSERT INTO django_migrations VALUES (1149, 'personal', '0247_auto_20160815_2011', '2016-08-15 20:13:04.515-04');
INSERT INTO django_migrations VALUES (1150, 'bar', '0228_auto_20160816_0739', '2016-08-16 07:41:30.567-04');
INSERT INTO django_migrations VALUES (1151, 'clientes', '0252_auto_20160816_0739', '2016-08-16 07:41:30.759-04');
INSERT INTO django_migrations VALUES (1152, 'compras', '0145_auto_20160816_0739', '2016-08-16 07:41:31.948-04');
INSERT INTO django_migrations VALUES (1153, 'personal', '0248_auto_20160816_0739', '2016-08-16 07:41:32.258-04');
INSERT INTO django_migrations VALUES (1154, 'stock', '0178_auto_20160816_0739', '2016-08-16 07:41:33.815-04');
INSERT INTO django_migrations VALUES (1155, 'bar', '0229_auto_20160816_0804', '2016-08-16 08:06:23.032-04');
INSERT INTO django_migrations VALUES (1156, 'clientes', '0253_auto_20160816_0804', '2016-08-16 08:06:23.325-04');
INSERT INTO django_migrations VALUES (1157, 'compras', '0146_auto_20160816_0804', '2016-08-16 08:06:23.997-04');
INSERT INTO django_migrations VALUES (1158, 'personal', '0249_auto_20160816_0804', '2016-08-16 08:06:24.363-04');
INSERT INTO django_migrations VALUES (1159, 'bar', '0230_auto_20160816_0917', '2016-08-16 09:18:49.136-04');
INSERT INTO django_migrations VALUES (1160, 'clientes', '0254_auto_20160816_0917', '2016-08-16 09:18:49.326-04');
INSERT INTO django_migrations VALUES (1161, 'compras', '0147_auto_20160816_0917', '2016-08-16 09:18:51.328-04');
INSERT INTO django_migrations VALUES (1162, 'personal', '0250_auto_20160816_0917', '2016-08-16 09:18:51.761-04');
INSERT INTO django_migrations VALUES (1163, 'bar', '0231_auto_20160816_1318', '2016-08-16 13:23:27.303-04');
INSERT INTO django_migrations VALUES (1164, 'clientes', '0255_auto_20160816_1318', '2016-08-16 13:23:27.523-04');
INSERT INTO django_migrations VALUES (1165, 'compras', '0148_auto_20160816_1318', '2016-08-16 13:23:28.39-04');
INSERT INTO django_migrations VALUES (1166, 'personal', '0251_auto_20160816_1318', '2016-08-16 13:23:28.76-04');
INSERT INTO django_migrations VALUES (1167, 'stock', '0179_auto_20160816_1318', '2016-08-16 13:23:29.38-04');
INSERT INTO django_migrations VALUES (1168, 'bar', '0232_auto_20160816_1359', '2016-08-16 14:01:32.893-04');
INSERT INTO django_migrations VALUES (1169, 'clientes', '0256_auto_20160816_1359', '2016-08-16 14:01:33.058-04');
INSERT INTO django_migrations VALUES (1170, 'compras', '0149_auto_20160816_1359', '2016-08-16 14:01:33.536-04');
INSERT INTO django_migrations VALUES (1171, 'personal', '0252_auto_20160816_1359', '2016-08-16 14:01:33.899-04');
INSERT INTO django_migrations VALUES (1172, 'bar', '0233_auto_20160816_1419', '2016-08-16 14:21:39.269-04');
INSERT INTO django_migrations VALUES (1173, 'clientes', '0257_auto_20160816_1419', '2016-08-16 14:21:39.424-04');
INSERT INTO django_migrations VALUES (1174, 'compras', '0150_auto_20160816_1419', '2016-08-16 14:21:39.955-04');
INSERT INTO django_migrations VALUES (1175, 'personal', '0253_auto_20160816_1419', '2016-08-16 14:21:40.381-04');
INSERT INTO django_migrations VALUES (1176, 'bar', '0234_auto_20160816_1423', '2016-08-16 14:24:44.907-04');
INSERT INTO django_migrations VALUES (1177, 'clientes', '0258_auto_20160816_1423', '2016-08-16 14:24:45.074-04');
INSERT INTO django_migrations VALUES (1178, 'compras', '0151_auto_20160816_1423', '2016-08-16 14:24:45.674-04');
INSERT INTO django_migrations VALUES (1179, 'personal', '0254_auto_20160816_1423', '2016-08-16 14:24:46.015-04');
INSERT INTO django_migrations VALUES (1180, 'stock', '0180_auto_20160816_1359', '2016-08-16 14:24:47.19-04');
INSERT INTO django_migrations VALUES (1181, 'stock', '0181_auto_20160816_1419', '2016-08-16 14:24:47.492-04');
INSERT INTO django_migrations VALUES (1182, 'stock', '0182_auto_20160816_1423', '2016-08-16 14:24:47.9-04');
INSERT INTO django_migrations VALUES (1183, 'bar', '0235_auto_20160816_1504', '2016-08-16 15:06:43.149-04');
INSERT INTO django_migrations VALUES (1184, 'clientes', '0259_auto_20160816_1504', '2016-08-16 15:06:43.341-04');
INSERT INTO django_migrations VALUES (1185, 'compras', '0152_auto_20160816_1504', '2016-08-16 15:06:43.819-04');
INSERT INTO django_migrations VALUES (1186, 'personal', '0255_auto_20160816_1504', '2016-08-16 15:06:44.211-04');
INSERT INTO django_migrations VALUES (1187, 'stock', '0183_auto_20160816_1504', '2016-08-16 15:06:44.871-04');
INSERT INTO django_migrations VALUES (1188, 'bar', '0236_auto_20160816_1546', '2016-08-16 15:47:56.227-04');
INSERT INTO django_migrations VALUES (1189, 'clientes', '0260_auto_20160816_1546', '2016-08-16 15:47:56.514-04');
INSERT INTO django_migrations VALUES (1190, 'compras', '0153_auto_20160816_1546', '2016-08-16 15:47:56.982-04');
INSERT INTO django_migrations VALUES (1191, 'personal', '0256_auto_20160816_1546', '2016-08-16 15:47:57.333-04');
INSERT INTO django_migrations VALUES (1192, 'stock', '0184_auto_20160816_1546', '2016-08-16 15:47:57.62-04');
INSERT INTO django_migrations VALUES (1193, 'bar', '0237_auto_20160817_0947', '2016-08-17 09:49:58.852-04');
INSERT INTO django_migrations VALUES (1194, 'clientes', '0261_auto_20160817_0947', '2016-08-17 09:49:59.004-04');
INSERT INTO django_migrations VALUES (1195, 'compras', '0154_auto_20160817_0947', '2016-08-17 09:49:59.899-04');
INSERT INTO django_migrations VALUES (1196, 'personal', '0257_auto_20160817_0947', '2016-08-17 09:50:00.232-04');
INSERT INTO django_migrations VALUES (1197, 'stock', '0185_auto_20160817_0947', '2016-08-17 09:51:17.263-04');
INSERT INTO django_migrations VALUES (1198, 'ventas', '0040_auto_20160817_1352', '2016-08-17 13:58:05.575-04');
INSERT INTO django_migrations VALUES (1199, 'compras', '0155_auto_20160817_1352', '2016-08-17 13:58:10.088-04');
INSERT INTO django_migrations VALUES (1200, 'bar', '0238_auto_20160817_1352', '2016-08-17 13:58:11.426-04');
INSERT INTO django_migrations VALUES (1201, 'clientes', '0262_auto_20160817_1352', '2016-08-17 13:58:11.593-04');
INSERT INTO django_migrations VALUES (1202, 'personal', '0258_auto_20160817_1352', '2016-08-17 13:58:11.957-04');
INSERT INTO django_migrations VALUES (1203, 'stock', '0186_auto_20160817_1352', '2016-08-17 13:58:13.103-04');
INSERT INTO django_migrations VALUES (1204, 'bar', '0239_auto_20160817_1408', '2016-08-17 14:09:49.726-04');
INSERT INTO django_migrations VALUES (1205, 'clientes', '0263_auto_20160817_1408', '2016-08-17 14:09:50.024-04');
INSERT INTO django_migrations VALUES (1206, 'compras', '0156_auto_20160817_1408', '2016-08-17 14:09:50.919-04');
INSERT INTO django_migrations VALUES (1207, 'personal', '0259_auto_20160817_1408', '2016-08-17 14:09:51.332-04');
INSERT INTO django_migrations VALUES (1208, 'bar', '0240_auto_20160817_1459', '2016-08-17 15:00:23.569-04');
INSERT INTO django_migrations VALUES (1209, 'clientes', '0264_auto_20160817_1459', '2016-08-17 15:00:23.8-04');
INSERT INTO django_migrations VALUES (1210, 'personal', '0260_auto_20160817_1459', '2016-08-17 15:00:24.202-04');
INSERT INTO django_migrations VALUES (1211, 'compras', '0157_auto_20160817_1459', '2016-08-17 15:00:25.528-04');
INSERT INTO django_migrations VALUES (1212, 'bar', '0241_auto_20160823_1014', '2016-08-23 10:15:07.137-04');
INSERT INTO django_migrations VALUES (1213, 'clientes', '0265_auto_20160823_1014', '2016-08-23 10:15:07.477-04');
INSERT INTO django_migrations VALUES (1214, 'compras', '0158_auto_20160823_1014', '2016-08-23 10:15:08.421-04');
INSERT INTO django_migrations VALUES (1215, 'personal', '0261_auto_20160823_1014', '2016-08-23 10:15:08.923-04');
INSERT INTO django_migrations VALUES (1216, 'stock', '0187_auto_20160823_1014', '2016-08-23 10:15:09.577-04');
INSERT INTO django_migrations VALUES (1217, 'bar', '0242_auto_20160823_1400', '2016-08-23 14:01:38.247-04');
INSERT INTO django_migrations VALUES (1218, 'clientes', '0266_auto_20160823_1400', '2016-08-23 14:01:38.443-04');
INSERT INTO django_migrations VALUES (1219, 'compras', '0159_auto_20160823_1400', '2016-08-23 14:01:39.288-04');
INSERT INTO django_migrations VALUES (1220, 'personal', '0262_auto_20160823_1400', '2016-08-23 14:01:39.575-04');
INSERT INTO django_migrations VALUES (1221, 'bar', '0243_auto_20160823_1434', '2016-08-23 14:35:45.682-04');
INSERT INTO django_migrations VALUES (1222, 'clientes', '0267_auto_20160823_1434', '2016-08-23 14:35:45.839-04');
INSERT INTO django_migrations VALUES (1223, 'compras', '0160_auto_20160823_1434', '2016-08-23 14:35:46.309-04');
INSERT INTO django_migrations VALUES (1224, 'personal', '0263_auto_20160823_1434', '2016-08-23 14:35:46.788-04');
INSERT INTO django_migrations VALUES (1225, 'bar', '0244_auto_20160823_1445', '2016-08-23 14:46:33.237-04');
INSERT INTO django_migrations VALUES (1226, 'clientes', '0268_auto_20160823_1445', '2016-08-23 14:46:33.532-04');
INSERT INTO django_migrations VALUES (1227, 'compras', '0161_auto_20160823_1445', '2016-08-23 14:46:34.001-04');
INSERT INTO django_migrations VALUES (1228, 'personal', '0264_auto_20160823_1445', '2016-08-23 14:46:34.471-04');
INSERT INTO django_migrations VALUES (1229, 'bar', '0245_auto_20160823_1449', '2016-08-23 15:11:16.73-04');
INSERT INTO django_migrations VALUES (1230, 'bar', '0246_auto_20160823_1510', '2016-08-23 15:11:17.036-04');
INSERT INTO django_migrations VALUES (1231, 'clientes', '0269_auto_20160823_1449', '2016-08-23 15:11:17.18-04');
INSERT INTO django_migrations VALUES (1232, 'clientes', '0270_auto_20160823_1510', '2016-08-23 15:11:17.32-04');
INSERT INTO django_migrations VALUES (1233, 'compras', '0162_auto_20160823_1449', '2016-08-23 15:11:17.925-04');
INSERT INTO django_migrations VALUES (1234, 'compras', '0163_auto_20160823_1510', '2016-08-23 15:11:18.401-04');
INSERT INTO django_migrations VALUES (1235, 'personal', '0265_auto_20160823_1449', '2016-08-23 15:11:18.883-04');
INSERT INTO django_migrations VALUES (1236, 'personal', '0266_auto_20160823_1510', '2016-08-23 15:11:19.574-04');
INSERT INTO django_migrations VALUES (1237, 'bar', '0247_auto_20160823_1520', '2016-08-23 15:21:15.048-04');
INSERT INTO django_migrations VALUES (1238, 'clientes', '0271_auto_20160823_1520', '2016-08-23 15:21:15.739-04');
INSERT INTO django_migrations VALUES (1239, 'compras', '0164_auto_20160823_1520', '2016-08-23 15:21:16.282-04');
INSERT INTO django_migrations VALUES (1240, 'personal', '0267_auto_20160823_1520', '2016-08-23 15:21:17.068-04');
INSERT INTO django_migrations VALUES (1241, 'bar', '0248_auto_20160826_1715', '2016-08-26 17:16:42.554-04');
INSERT INTO django_migrations VALUES (1242, 'clientes', '0272_auto_20160826_1715', '2016-08-26 17:16:42.734-04');
INSERT INTO django_migrations VALUES (1243, 'compras', '0165_auto_20160826_1715', '2016-08-26 17:16:43.682-04');
INSERT INTO django_migrations VALUES (1244, 'personal', '0268_auto_20160826_1715', '2016-08-26 17:16:44.01-04');
INSERT INTO django_migrations VALUES (1245, 'stock', '0188_auto_20160826_1715', '2016-08-26 17:16:45.276-04');
INSERT INTO django_migrations VALUES (1246, 'bar', '0249_auto_20160826_1728', '2016-08-26 17:29:53.103-04');
INSERT INTO django_migrations VALUES (1247, 'clientes', '0273_auto_20160826_1728', '2016-08-26 17:29:53.278-04');
INSERT INTO django_migrations VALUES (1248, 'compras', '0166_auto_20160826_1728', '2016-08-26 17:29:53.794-04');
INSERT INTO django_migrations VALUES (1249, 'personal', '0269_auto_20160826_1728', '2016-08-26 17:29:54.146-04');
INSERT INTO django_migrations VALUES (1250, 'stock', '0189_auto_20160826_1728', '2016-08-26 17:29:54.532-04');
INSERT INTO django_migrations VALUES (1251, 'bar', '0250_auto_20160827_1150', '2016-08-27 11:51:25.907-04');
INSERT INTO django_migrations VALUES (1252, 'clientes', '0274_auto_20160827_1150', '2016-08-27 11:51:26.11-04');
INSERT INTO django_migrations VALUES (1253, 'compras', '0167_auto_20160827_1150', '2016-08-27 11:51:27.075-04');
INSERT INTO django_migrations VALUES (1254, 'personal', '0270_auto_20160827_1150', '2016-08-27 11:51:27.486-04');
INSERT INTO django_migrations VALUES (1255, 'stock', '0190_auto_20160827_1150', '2016-08-27 11:51:28.681-04');
INSERT INTO django_migrations VALUES (1256, 'bar', '0251_auto_20160827_1449', '2016-08-27 14:50:56.39-04');
INSERT INTO django_migrations VALUES (1257, 'clientes', '0275_auto_20160827_1449', '2016-08-27 14:50:56.605-04');
INSERT INTO django_migrations VALUES (1258, 'compras', '0168_auto_20160827_1449', '2016-08-27 14:50:57.333-04');
INSERT INTO django_migrations VALUES (1259, 'personal', '0271_auto_20160827_1449', '2016-08-27 14:50:57.653-04');
INSERT INTO django_migrations VALUES (1260, 'stock', '0191_auto_20160827_1449', '2016-08-27 14:50:58.018-04');


--
-- TOC entry 3331 (class 0 OID 0)
-- Dependencies: 172
-- Name: django_migrations_id_seq; Type: SEQUENCE SET; Schema: public; Owner: sigbadmin
--

SELECT pg_catalog.setval('django_migrations_id_seq', 1260, true);


--
-- TOC entry 3062 (class 0 OID 49963)
-- Dependencies: 212
-- Data for Name: django_session; Type: TABLE DATA; Schema: public; Owner: sigbadmin
--

INSERT INTO django_session VALUES ('doxshsyad9y7mlpci5o3ae8cnm8mlg7i', 'NTMwNzM3MDZmYTM0ODk3MzVlZDNjYzZhNzRlY2EzYjQwMTg0YTg3YTp7Il9hdXRoX3VzZXJfaGFzaCI6IjNlMWU5MDBjNWEzMmIwMWE2NWZkZWQ2OTViM2NhZjU5YWZlZDMwZDIiLCJfYXV0aF91c2VyX2JhY2tlbmQiOiJkamFuZ28uY29udHJpYi5hdXRoLmJhY2tlbmRzLk1vZGVsQmFja2VuZCIsIl9hdXRoX3VzZXJfaWQiOiIxIn0=', '2016-06-27 18:59:57.853-04');
INSERT INTO django_session VALUES ('5zpnkxcsanhdjm0is4vhj0ukkmzyfnw3', 'NTMwNzM3MDZmYTM0ODk3MzVlZDNjYzZhNzRlY2EzYjQwMTg0YTg3YTp7Il9hdXRoX3VzZXJfaGFzaCI6IjNlMWU5MDBjNWEzMmIwMWE2NWZkZWQ2OTViM2NhZjU5YWZlZDMwZDIiLCJfYXV0aF91c2VyX2JhY2tlbmQiOiJkamFuZ28uY29udHJpYi5hdXRoLmJhY2tlbmRzLk1vZGVsQmFja2VuZCIsIl9hdXRoX3VzZXJfaWQiOiIxIn0=', '2016-07-13 11:56:12.409-04');
INSERT INTO django_session VALUES ('etuh9mcq7ro1p0jbdi48aze9d15icvdl', 'NTMwNzM3MDZmYTM0ODk3MzVlZDNjYzZhNzRlY2EzYjQwMTg0YTg3YTp7Il9hdXRoX3VzZXJfaGFzaCI6IjNlMWU5MDBjNWEzMmIwMWE2NWZkZWQ2OTViM2NhZjU5YWZlZDMwZDIiLCJfYXV0aF91c2VyX2JhY2tlbmQiOiJkamFuZ28uY29udHJpYi5hdXRoLmJhY2tlbmRzLk1vZGVsQmFja2VuZCIsIl9hdXRoX3VzZXJfaWQiOiIxIn0=', '2015-10-20 21:14:36.82-03');
INSERT INTO django_session VALUES ('l9vx9wires2u6tta5xdp622m30cc9x31', 'NTMwNzM3MDZmYTM0ODk3MzVlZDNjYzZhNzRlY2EzYjQwMTg0YTg3YTp7Il9hdXRoX3VzZXJfaGFzaCI6IjNlMWU5MDBjNWEzMmIwMWE2NWZkZWQ2OTViM2NhZjU5YWZlZDMwZDIiLCJfYXV0aF91c2VyX2JhY2tlbmQiOiJkamFuZ28uY29udHJpYi5hdXRoLmJhY2tlbmRzLk1vZGVsQmFja2VuZCIsIl9hdXRoX3VzZXJfaWQiOiIxIn0=', '2016-08-04 19:15:33.912-04');
INSERT INTO django_session VALUES ('32tm5jqkhyff8o4t028q3ahg7nbrd826', 'NTMwNzM3MDZmYTM0ODk3MzVlZDNjYzZhNzRlY2EzYjQwMTg0YTg3YTp7Il9hdXRoX3VzZXJfaGFzaCI6IjNlMWU5MDBjNWEzMmIwMWE2NWZkZWQ2OTViM2NhZjU5YWZlZDMwZDIiLCJfYXV0aF91c2VyX2JhY2tlbmQiOiJkamFuZ28uY29udHJpYi5hdXRoLmJhY2tlbmRzLk1vZGVsQmFja2VuZCIsIl9hdXRoX3VzZXJfaWQiOiIxIn0=', '2016-08-26 09:06:03.052-04');
INSERT INTO django_session VALUES ('1vwmrisv5i2tzsry109n29hrul5rrphr', 'NTMwNzM3MDZmYTM0ODk3MzVlZDNjYzZhNzRlY2EzYjQwMTg0YTg3YTp7Il9hdXRoX3VzZXJfaGFzaCI6IjNlMWU5MDBjNWEzMmIwMWE2NWZkZWQ2OTViM2NhZjU5YWZlZDMwZDIiLCJfYXV0aF91c2VyX2JhY2tlbmQiOiJkamFuZ28uY29udHJpYi5hdXRoLmJhY2tlbmRzLk1vZGVsQmFja2VuZCIsIl9hdXRoX3VzZXJfaWQiOiIxIn0=', '2016-09-06 18:19:22.832-04');
INSERT INTO django_session VALUES ('cqu27y7szzlnlkgoxv8wu4d2pf5avyl4', 'NTMwNzM3MDZmYTM0ODk3MzVlZDNjYzZhNzRlY2EzYjQwMTg0YTg3YTp7Il9hdXRoX3VzZXJfaGFzaCI6IjNlMWU5MDBjNWEzMmIwMWE2NWZkZWQ2OTViM2NhZjU5YWZlZDMwZDIiLCJfYXV0aF91c2VyX2JhY2tlbmQiOiJkamFuZ28uY29udHJpYi5hdXRoLmJhY2tlbmRzLk1vZGVsQmFja2VuZCIsIl9hdXRoX3VzZXJfaWQiOiIxIn0=', '2016-09-10 11:04:07.205-04');
INSERT INTO django_session VALUES ('xkxe0mysvbtw8u2v216s2icjyblajp24', 'NTMwNzM3MDZmYTM0ODk3MzVlZDNjYzZhNzRlY2EzYjQwMTg0YTg3YTp7Il9hdXRoX3VzZXJfaGFzaCI6IjNlMWU5MDBjNWEzMmIwMWE2NWZkZWQ2OTViM2NhZjU5YWZlZDMwZDIiLCJfYXV0aF91c2VyX2JhY2tlbmQiOiJkamFuZ28uY29udHJpYi5hdXRoLmJhY2tlbmRzLk1vZGVsQmFja2VuZCIsIl9hdXRoX3VzZXJfaWQiOiIxIn0=', '2015-11-22 10:38:34.122-03');
INSERT INTO django_session VALUES ('64b89zqaobpvuld9wbika70xnmi448j4', 'NTMwNzM3MDZmYTM0ODk3MzVlZDNjYzZhNzRlY2EzYjQwMTg0YTg3YTp7Il9hdXRoX3VzZXJfaGFzaCI6IjNlMWU5MDBjNWEzMmIwMWE2NWZkZWQ2OTViM2NhZjU5YWZlZDMwZDIiLCJfYXV0aF91c2VyX2JhY2tlbmQiOiJkamFuZ28uY29udHJpYi5hdXRoLmJhY2tlbmRzLk1vZGVsQmFja2VuZCIsIl9hdXRoX3VzZXJfaWQiOiIxIn0=', '2015-12-25 13:13:22.435-03');
INSERT INTO django_session VALUES ('l0heyyqwn2fhovzevci6rkkmti80rldo', 'NTMwNzM3MDZmYTM0ODk3MzVlZDNjYzZhNzRlY2EzYjQwMTg0YTg3YTp7Il9hdXRoX3VzZXJfaGFzaCI6IjNlMWU5MDBjNWEzMmIwMWE2NWZkZWQ2OTViM2NhZjU5YWZlZDMwZDIiLCJfYXV0aF91c2VyX2JhY2tlbmQiOiJkamFuZ28uY29udHJpYi5hdXRoLmJhY2tlbmRzLk1vZGVsQmFja2VuZCIsIl9hdXRoX3VzZXJfaWQiOiIxIn0=', '2015-12-29 11:53:53.406-03');
INSERT INTO django_session VALUES ('r535qjri5ek66zy43ztmhejue8v512dv', 'NTMwNzM3MDZmYTM0ODk3MzVlZDNjYzZhNzRlY2EzYjQwMTg0YTg3YTp7Il9hdXRoX3VzZXJfaGFzaCI6IjNlMWU5MDBjNWEzMmIwMWE2NWZkZWQ2OTViM2NhZjU5YWZlZDMwZDIiLCJfYXV0aF91c2VyX2JhY2tlbmQiOiJkamFuZ28uY29udHJpYi5hdXRoLmJhY2tlbmRzLk1vZGVsQmFja2VuZCIsIl9hdXRoX3VzZXJfaWQiOiIxIn0=', '2016-02-01 22:45:33.747-03');
INSERT INTO django_session VALUES ('rw2yiq19f8qqn8cwrw34w10pwdgm50i1', 'NTMwNzM3MDZmYTM0ODk3MzVlZDNjYzZhNzRlY2EzYjQwMTg0YTg3YTp7Il9hdXRoX3VzZXJfaGFzaCI6IjNlMWU5MDBjNWEzMmIwMWE2NWZkZWQ2OTViM2NhZjU5YWZlZDMwZDIiLCJfYXV0aF91c2VyX2JhY2tlbmQiOiJkamFuZ28uY29udHJpYi5hdXRoLmJhY2tlbmRzLk1vZGVsQmFja2VuZCIsIl9hdXRoX3VzZXJfaWQiOiIxIn0=', '2016-04-16 19:12:48.138-04');
INSERT INTO django_session VALUES ('6plib5bsb54w9jnj6wp1sieu9qwm54am', 'NTMwNzM3MDZmYTM0ODk3MzVlZDNjYzZhNzRlY2EzYjQwMTg0YTg3YTp7Il9hdXRoX3VzZXJfaGFzaCI6IjNlMWU5MDBjNWEzMmIwMWE2NWZkZWQ2OTViM2NhZjU5YWZlZDMwZDIiLCJfYXV0aF91c2VyX2JhY2tlbmQiOiJkamFuZ28uY29udHJpYi5hdXRoLmJhY2tlbmRzLk1vZGVsQmFja2VuZCIsIl9hdXRoX3VzZXJfaWQiOiIxIn0=', '2016-04-20 12:09:54.798-04');
INSERT INTO django_session VALUES ('cepyxmy8vqzlhbirxp5kkdbqib0ah9je', 'NTMwNzM3MDZmYTM0ODk3MzVlZDNjYzZhNzRlY2EzYjQwMTg0YTg3YTp7Il9hdXRoX3VzZXJfaGFzaCI6IjNlMWU5MDBjNWEzMmIwMWE2NWZkZWQ2OTViM2NhZjU5YWZlZDMwZDIiLCJfYXV0aF91c2VyX2JhY2tlbmQiOiJkamFuZ28uY29udHJpYi5hdXRoLmJhY2tlbmRzLk1vZGVsQmFja2VuZCIsIl9hdXRoX3VzZXJfaWQiOiIxIn0=', '2016-05-12 01:57:36.871-04');
INSERT INTO django_session VALUES ('lk295mf69u4x4s9vm7n2xwrsuw02yxr1', 'NTMwNzM3MDZmYTM0ODk3MzVlZDNjYzZhNzRlY2EzYjQwMTg0YTg3YTp7Il9hdXRoX3VzZXJfaGFzaCI6IjNlMWU5MDBjNWEzMmIwMWE2NWZkZWQ2OTViM2NhZjU5YWZlZDMwZDIiLCJfYXV0aF91c2VyX2JhY2tlbmQiOiJkamFuZ28uY29udHJpYi5hdXRoLmJhY2tlbmRzLk1vZGVsQmFja2VuZCIsIl9hdXRoX3VzZXJfaWQiOiIxIn0=', '2016-05-19 10:56:12.143-04');
INSERT INTO django_session VALUES ('2fzpvu71lesb4ydc7ue26zwoowdfcnw8', 'NTMwNzM3MDZmYTM0ODk3MzVlZDNjYzZhNzRlY2EzYjQwMTg0YTg3YTp7Il9hdXRoX3VzZXJfaGFzaCI6IjNlMWU5MDBjNWEzMmIwMWE2NWZkZWQ2OTViM2NhZjU5YWZlZDMwZDIiLCJfYXV0aF91c2VyX2JhY2tlbmQiOiJkamFuZ28uY29udHJpYi5hdXRoLmJhY2tlbmRzLk1vZGVsQmFja2VuZCIsIl9hdXRoX3VzZXJfaWQiOiIxIn0=', '2016-06-02 15:17:48.495-04');
INSERT INTO django_session VALUES ('50gfiu3ykd2kznhfmn59w60tfc1oqgyv', 'NTMwNzM3MDZmYTM0ODk3MzVlZDNjYzZhNzRlY2EzYjQwMTg0YTg3YTp7Il9hdXRoX3VzZXJfaGFzaCI6IjNlMWU5MDBjNWEzMmIwMWE2NWZkZWQ2OTViM2NhZjU5YWZlZDMwZDIiLCJfYXV0aF91c2VyX2JhY2tlbmQiOiJkamFuZ28uY29udHJpYi5hdXRoLmJhY2tlbmRzLk1vZGVsQmFja2VuZCIsIl9hdXRoX3VzZXJfaWQiOiIxIn0=', '2016-06-07 14:46:20.065-04');
INSERT INTO django_session VALUES ('6wdea222yex3umie4t2at7lepeu2au6s', 'NTMwNzM3MDZmYTM0ODk3MzVlZDNjYzZhNzRlY2EzYjQwMTg0YTg3YTp7Il9hdXRoX3VzZXJfaGFzaCI6IjNlMWU5MDBjNWEzMmIwMWE2NWZkZWQ2OTViM2NhZjU5YWZlZDMwZDIiLCJfYXV0aF91c2VyX2JhY2tlbmQiOiJkamFuZ28uY29udHJpYi5hdXRoLmJhY2tlbmRzLk1vZGVsQmFja2VuZCIsIl9hdXRoX3VzZXJfaWQiOiIxIn0=', '2016-06-07 14:53:33.08-04');


--
-- TOC entry 3068 (class 0 OID 57754)
-- Dependencies: 218
-- Data for Name: personal_cargo; Type: TABLE DATA; Schema: public; Owner: sigbadmin
--

INSERT INTO personal_cargo VALUES (1, 'MO', 'Mozo/a');
INSERT INTO personal_cargo VALUES (2, 'BM', 'Barman/Barwoman');
INSERT INTO personal_cargo VALUES (3, 'CA', 'Cajero/a');
INSERT INTO personal_cargo VALUES (4, 'CO', 'Cocinero/a');
INSERT INTO personal_cargo VALUES (5, 'DE', 'Depositero/a');
INSERT INTO personal_cargo VALUES (6, 'EI', 'Encargado de Informatica');


--
-- TOC entry 3332 (class 0 OID 0)
-- Dependencies: 217
-- Name: personal_cargo_id_seq; Type: SEQUENCE SET; Schema: public; Owner: sigbadmin
--

SELECT pg_catalog.setval('personal_cargo_id_seq', 6, true);


--
-- TOC entry 3057 (class 0 OID 49926)
-- Dependencies: 207
-- Data for Name: personal_empleado; Type: TABLE DATA; Schema: public; Owner: sigbadmin
--

INSERT INTO personal_empleado VALUES (5, 'Rosa', 'Martinez', 'La Victoria 889 esq. 3 de Noviembre', 1900000, '1987-08-22', 'rmartinez@kilkenny.com.py', 1, 'F', 1, 1, 2, 'San Pablo', 10, 697);
INSERT INTO personal_empleado VALUES (7, 'Blas', 'Riveros', 'Eusebio Ayala 7560', 2500000, '1987-07-02', 'briveros@kilkenny.com.py', 1, 'M', 2, 1, 4, 'Zona Norte', 8, 341);
INSERT INTO personal_empleado VALUES (8, 'Silvino', 'Cuevas', 'Boggiani 2890 casi Facundo Machain', 3000000, '1980-10-29', 'scuevas@kilkenny.com.py', 4, 'M', 1, 1, 4, 'Villa Aurelia', 7, 749);
INSERT INTO personal_empleado VALUES (9, 'Osvaldo', 'Fernandez', 'Choferes del Chaco 3460 casi Pacheco', 2000000, '1988-04-14', 'ofernandez@kilkenny.com.py', 2, 'M', 1, 1, 5, 'Manora', 6, 469);
INSERT INTO personal_empleado VALUES (10, 'Elizabeth', 'Delgado', 'San Joaquin 886 casi Conquistador', 1800000, '1983-01-21', 'edelgado@kilkenny.com.py', 1, 'F', 8, 1, 1, 'Las Mercedes', 5, 968);
INSERT INTO personal_empleado VALUES (15, 'Cesar Javier', 'Recalde Peralta', 'Medicos del Chaco casi San Rafael', 2500000, '1988-04-17', 'mail@ejemplo.com', 3, 'M', 1, 1, 4, 'Tembetary', 14, 588);
INSERT INTO personal_empleado VALUES (11, 'Rodrigo Gabriel', 'Medina Rolon', 'Rodriguez de Francia 3640', 1700000, '1986-08-10', 'rgmedinar@gmail.com', 1, 'M', 1, 1, 1, 'Gral. Diaz', 4, 154);
INSERT INTO personal_empleado VALUES (14, 'Francisco Luis', 'Cano Montiel', 'Luis Alberto de Herrera 698 casi San Luis', 1800000, '1988-08-26', 'fcano@hotmail.com', 1, 'M', 6, 1, 1, 'Maria Auxiliadora', 13, 938);
INSERT INTO personal_empleado VALUES (3, 'Juan', 'Ayala', 'Ruta 2 Km. 18 Compaia Caada', 1700000, '1984-03-10', 'juanayala@kilkenny.com.py', 3, 'M', 6, 1, 3, 'Caada', 12, 698);
INSERT INTO personal_empleado VALUES (4, 'Rodrigo', 'Burgos', 'Parapiti 996 casi Domingo Irala', 1800000, '1982-04-15', 'rburgos@outlook.com', 1, 'M', 7, 1, 4, 'Republicano', 11, 574);
INSERT INTO personal_empleado VALUES (6, 'Carlos', 'Balbuena', 'Gral. Santos y Peron', 60000000, '1986-11-11', 'cbalbuena@kilkenny.com.py', 4, 'M', 1, 1, 5, 'San Vicente', 9, 668);
INSERT INTO personal_empleado VALUES (16, 'Cecilia Noemi', 'Gamarra Gonzalez', 'Santisimo Redentor y Nanduti', 2200000, '1986-03-30', 'cngg@gmail.com', 4, 'F', 24, 1, 3, 'San Fermin', 15, 169);
INSERT INTO personal_empleado VALUES (17, 'Pedro Miguel', 'Molas Rodriguez', 'Avda. San Antonio 324', 2000000, '1983-11-27', 'pmmr.py@gmail.com', 4, 'M', 3, 1, 6, 'Antigua Imagen', 1, 460);
INSERT INTO personal_empleado VALUES (18, 'Francisco ', 'Rojas', 'Palma 547', 1700000, '1997-10-14', 'frojas@gmail.com', 1, 'M', 6, 1, 1, 'Las Garzas', 16, 574);


--
-- TOC entry 3333 (class 0 OID 0)
-- Dependencies: 206
-- Name: personal_empleado_id_seq; Type: SEQUENCE SET; Schema: public; Owner: sigbadmin
--

SELECT pg_catalog.setval('personal_empleado_id_seq', 18, true);


--
-- TOC entry 3059 (class 0 OID 49937)
-- Dependencies: 209
-- Data for Name: personal_empleadodocumento; Type: TABLE DATA; Schema: public; Owner: sigbadmin
--

INSERT INTO personal_empleadodocumento VALUES (5, '4113410', 3, 1);
INSERT INTO personal_empleadodocumento VALUES (9, '1232108936', 5, 2);
INSERT INTO personal_empleadodocumento VALUES (12, '22415667161', 7, 2);
INSERT INTO personal_empleadodocumento VALUES (13, '1890654', 8, 1);
INSERT INTO personal_empleadodocumento VALUES (14, '4678109', 9, 1);
INSERT INTO personal_empleadodocumento VALUES (15, '4000789', 10, 1);
INSERT INTO personal_empleadodocumento VALUES (16, '4550210', 11, 1);
INSERT INTO personal_empleadodocumento VALUES (17, '4368715', 14, 1);
INSERT INTO personal_empleadodocumento VALUES (18, '4100589', 15, 1);
INSERT INTO personal_empleadodocumento VALUES (20, '3451629', 17, 1);
INSERT INTO personal_empleadodocumento VALUES (21, '654654', 18, 1);
INSERT INTO personal_empleadodocumento VALUES (7, '2667289', 4, 3);
INSERT INTO personal_empleadodocumento VALUES (11, '3681098', 6, 3);
INSERT INTO personal_empleadodocumento VALUES (19, '4668718', 16, 3);
INSERT INTO personal_empleadodocumento VALUES (22, '3451629', 17, 3);
INSERT INTO personal_empleadodocumento VALUES (23, '654654', 18, 3);


--
-- TOC entry 3334 (class 0 OID 0)
-- Dependencies: 208
-- Name: personal_empleadodocumento_id_seq; Type: SEQUENCE SET; Schema: public; Owner: sigbadmin
--

SELECT pg_catalog.setval('personal_empleadodocumento_id_seq', 23, true);


--
-- TOC entry 3098 (class 0 OID 81971)
-- Dependencies: 248
-- Data for Name: personal_empleadotelefono; Type: TABLE DATA; Schema: public; Owner: sigbadmin
--

INSERT INTO personal_empleadotelefono VALUES (16, 516963, 2, 10, 8);
INSERT INTO personal_empleadotelefono VALUES (17, 896352, 2, 3, 4);
INSERT INTO personal_empleadotelefono VALUES (18, 498536, 2, 4, 9);
INSERT INTO personal_empleadotelefono VALUES (19, 669831, 2, 11, 5);
INSERT INTO personal_empleadotelefono VALUES (20, 574986, 2, 9, 9);
INSERT INTO personal_empleadotelefono VALUES (21, 653983, 2, 8, 5);
INSERT INTO personal_empleadotelefono VALUES (22, 506935, 2, 7, 6);
INSERT INTO personal_empleadotelefono VALUES (23, 340058, 2, 6, 8);
INSERT INTO personal_empleadotelefono VALUES (24, 455869, 2, 5, 4);
INSERT INTO personal_empleadotelefono VALUES (25, 668867, 2, 14, 6);
INSERT INTO personal_empleadotelefono VALUES (26, 240550, 2, 15, 12);
INSERT INTO personal_empleadotelefono VALUES (27, 684183, 2, 16, 4);
INSERT INTO personal_empleadotelefono VALUES (28, 381698, 2, 17, 9);
INSERT INTO personal_empleadotelefono VALUES (29, 48946456, 2, 18, 5);


--
-- TOC entry 3335 (class 0 OID 0)
-- Dependencies: 247
-- Name: personal_empleadotelefono_id_seq; Type: SEQUENCE SET; Schema: public; Owner: sigbadmin
--

SELECT pg_catalog.setval('personal_empleadotelefono_id_seq', 29, true);


--
-- TOC entry 3061 (class 0 OID 49945)
-- Dependencies: 211
-- Data for Name: personal_horario; Type: TABLE DATA; Schema: public; Owner: sigbadmin
--

INSERT INTO personal_horario VALUES (1, 'Nocturno', '19:00:00', '03:00:00');
INSERT INTO personal_horario VALUES (2, 'Matinal', '03:00:00', '11:00:00');
INSERT INTO personal_horario VALUES (3, 'Tarde', '11:00:00', '19:00:00');
INSERT INTO personal_horario VALUES (4, 'Completo', '08:00:00', '18:00:00');


--
-- TOC entry 3336 (class 0 OID 0)
-- Dependencies: 210
-- Name: personal_horario_id_seq; Type: SEQUENCE SET; Schema: public; Owner: sigbadmin
--

SELECT pg_catalog.setval('personal_horario_id_seq', 4, true);


--
-- TOC entry 3177 (class 0 OID 118201)
-- Dependencies: 327
-- Data for Name: stock_devolucion; Type: TABLE DATA; Schema: public; Owner: sigbadmin
--



--
-- TOC entry 3337 (class 0 OID 0)
-- Dependencies: 326
-- Name: stock_devolucion_id_seq; Type: SEQUENCE SET; Schema: public; Owner: sigbadmin
--

SELECT pg_catalog.setval('stock_devolucion_id_seq', 1, false);


--
-- TOC entry 3066 (class 0 OID 57491)
-- Dependencies: 216
-- Data for Name: stock_producto; Type: TABLE DATA; Schema: public; Owner: sigbadmin
--

INSERT INTO stock_producto VALUES (51, 'Papas fritas', 'N/A', 'N/A', 4, 1.000, 'stock/productos/papas_fritas_Kilk_Ypmuef1.jpg', 2, 6, '2016-08-15 21:22:47.288-04', 1, true, 0.000, 30, false, 0, 0);
INSERT INTO stock_producto VALUES (47, 'Caramelo Halls azul', '65445168978', 'Halls', 6, 1.000, 'stock/productos/caramelo_Halls_azul_4XeyrHC.jpg', 2, 13, '2016-08-15 17:54:52.504-04', 1, false, 0.000, 30, false, 0, 0);
INSERT INTO stock_producto VALUES (49, 'Bastoncitos de queso muzarella con salsa de ajo', '1', 'Marca', 4, 0.000, 'stock/productos/bastoncitos_de_queso_XvbTEgf_rYc1APu.jpg', 2, 6, '2016-08-15 18:48:42.127-04', 1, true, 0.000, 30, false, 0, 0);
INSERT INTO stock_producto VALUES (21, 'Cerveza Pilsen', '549489489321', 'Pilsen', 3, 1.000, 'stock/productos/Pilsen-botella-457x800_2SWf4Vk.jpg', 2, 2, '2016-08-11 19:57:08.203-04', 2, false, 0.000, 30, false, 0, 0);
INSERT INTO stock_producto VALUES (20, 'Gaseosa Coca-Cola 500 ml', '8978965432', 'Coca-Cola', 3, 0.500, 'stock/productos/coca-cola-pet-500ml_gk6CJjv.jpg', 2, 1, '2016-08-11 19:52:26.986-04', 1, false, 0.000, 30, false, 0, 0);
INSERT INTO stock_producto VALUES (19, 'Miller 750 ml', '89798733266546489', 'Miller', 3, 0.750, 'stock/productos/cq5dam.web.1280.1280_xUv2Ru9.jpeg', 2, 2, '2016-08-04 16:51:11.77-04', 1, false, 0.000, 30, false, 0, 0);
INSERT INTO stock_producto VALUES (10, 'Gaseosa Sprite 500 ml', '894946316549879', 'Sprite', 3, 0.500, 'stock/productos/sprite-500ml-500x500_Nw7pSRg.jpg', 2, 1, '2016-07-06 15:02:41.034-04', 1, false, 0.000, 30, false, 0, 0);
INSERT INTO stock_producto VALUES (7, 'Cerveza Pilsen''i', '98712300891213', 'Pilsen', 3, 0.250, 'stock/productos/pilsen-i_Go4GDq6.jpg', 2, 2, '2016-06-22 14:14:04.175-04', 1, false, 0.000, 30, false, 0, 0);
INSERT INTO stock_producto VALUES (4, 'Cerveza Heineken 750 ml', '445569771357', 'Heineken', 3, 0.750, 'stock/productos/heineken_750ml_Ajhq0NO.jpg', 2, 2, '2016-06-22 14:14:04-04', 1, false, 0.000, 30, false, 0, 0);
INSERT INTO stock_producto VALUES (2, 'Cerveza Budweiser 750 ml', '123456789', 'Budweiser', 3, 0.750, 'stock/productos/images_ehyZhWn.jpg', 2, 2, '2016-06-22 14:14:04.175-04', 1, false, 0.000, 30, false, 0, 0);
INSERT INTO stock_producto VALUES (52, 'Cerveza Brahma 1 Litro', '654894896313', 'Brahma', 3, 1.000, 'stock/productos/cerveza_brahma_1L_35y6U1a.png', 2, 2, '2016-08-16 08:29:39.325-04', 1, false, 0.000, 30, false, 0, 0);
INSERT INTO stock_producto VALUES (54, 'Trident Spearmint - 18 sticks', '64864867318798', 'Trident', 6, 18.000, 'stock/productos/chicle_trident_im1KfxM.jpg', 2, 14, '2016-08-17 10:41:49.078-04', 1, false, 0.000, 30, false, 0, 0);
INSERT INTO stock_producto VALUES (55, 'Papel higienico 4 rollos', '9878519871112', 'Scott', 8, 4.000, 'stock/productos/prod_Scott-02_KFMrxDm.jpg', 3, 15, '2016-08-17 13:01:58.192-04', 1, false, 0.000, 30, false, 0, 0);
INSERT INTO stock_producto VALUES (57, 'Queso para sandwich', '48456464654', 'Ochsi', 4, 1.000, 'stock/productos/queso_sandwich_vEdCqPq.jpg', 3, 11, '2016-08-17 19:43:55.622-04', 3, false, 0.000, 30, true, 0, 0);
INSERT INTO stock_producto VALUES (56, 'Toallitas higienicas Kleenex clasica', '5165498796454654', 'Kleenex', 8, 1.000, 'stock/productos/prod_Kleenex-02_U1CwuL5.jpg', 3, 15, '2016-08-17 13:04:03.141-04', 1, false, 0.000, 30, false, 0, 0);
INSERT INTO stock_producto VALUES (53, 'Huevos - Plancha de 30 unidades', '741688351086', 'Nutrihuevos', 4, 30.000, 'stock/productos/nutrihuevos_pack_30-huevos_w4bhOnA.jpeg', 3, 11, '2016-08-16 09:28:36.549-04', 1, false, 0.000, 30, true, 0, 0);
INSERT INTO stock_producto VALUES (45, 'Repollo', 'N/A', 'Productos Robadin', 4, 1.000, 'stock/productos/10458332-Solo-repollo-verde-con-Roc-o-Close-Up-Aisladas-sobre-fondo-blan_XIeihI4.jpg', 3, 8, '2016-08-15 17:20:01.529-04', 3, false, 0.000, 30, true, 0, 0);
INSERT INTO stock_producto VALUES (46, 'Repollo morado', 'N/A', 'Productos Robadin', 4, 1.000, 'stock/productos/repollo_morado_svOk9ib.jpg', 3, 8, '2016-08-15 17:22:25.937-04', 3, false, 0.000, 30, true, 0, 0);
INSERT INTO stock_producto VALUES (50, 'Papa frita corte tradicional 2,5 KGs', '684894513154', 'McCain', 4, 2.500, 'stock/productos/papa_frita_mccain_2-5_kilos_GHlodjO.jpg', 3, 11, '2016-08-15 21:19:53.005-04', 1, false, 0.000, 30, true, 0, 0);
INSERT INTO stock_producto VALUES (18, 'Lomito', 'N/A', 'Frigochaco', 4, 1.000, 'stock/productos/Lomito-Lomo_3wFCScX.jpg', 3, 12, '2016-08-04 15:28:45.824-04', 2, false, 0.000, 30, true, 0, 0);
INSERT INTO stock_producto VALUES (17, 'Mayonesa clasica', '779878979865465312', 'Hellmann''s', 4, 3.000, 'stock/productos/mayonesa-hellmanns-2.9_7915yzY.jpg', 3, 11, '2016-07-22 15:37:48.643-04', 3, false, 0.000, 30, true, 0, 0);
INSERT INTO stock_producto VALUES (16, 'Aceite para fritar', '89798654511332', 'Nolasol', 4, 5.000, 'stock/productos/aceite_Nolasol_GMLpuQu.jpg', 3, 11, '2016-07-22 15:33:46.084-04', 2, false, 0.000, 30, true, 0, 0);
INSERT INTO stock_producto VALUES (12, 'Lechuga', 'N/A', 'Productos Robadin', 4, 1.000, 'stock/productos/lechuga_DuMhKbL.jpg', 3, 8, '2016-07-21 16:52:02.615-04', 1, false, 0.000, 30, true, 0, 0);
INSERT INTO stock_producto VALUES (13, 'Cebolla', 'N/A', 'Productos Robadin', 4, 1.000, 'stock/productos/cebolla_xmzfB5b.jpg', 3, 8, '2016-07-22 10:37:41.888-04', 3, false, 0.000, 30, true, 0, 0);
INSERT INTO stock_producto VALUES (14, 'Pan para sandwich', '987897645465646546546', 'Bimbo', 4, 0.750, 'stock/productos/pan_bimbo_corteza_tierna_460g_1KmwRsq.png', 3, 10, '2016-07-22 11:47:13.272-04', 1, false, 0.000, 30, true, 0, 0);
INSERT INTO stock_producto VALUES (15, 'Bastoncitos de queso muzarella', '6546468943132132', 'McCain', 4, 1.000, 'stock/productos/bastoncitos_de_queso_McCain_8PRz6TX.jpg', 3, 11, '2016-07-22 15:27:41.775-04', 3, false, 0.000, 30, true, 0, 0);
INSERT INTO stock_producto VALUES (11, 'Tomate Santacruz', 'N/A', 'Productos Robadin', 4, 1.000, 'stock/productos/23869i1-tomate_chonto_santa_cruz_s8Nuwwr.jpg', 3, 8, '2016-07-18 16:07:32.36-04', 3, false, 0.000, 30, true, 0, 0);
INSERT INTO stock_producto VALUES (58, 'Hamburguesa clasica de carne - Pack de 12 unidades', '6468787345654', 'Guarani', 4, 12.000, 'stock/productos/hamburguesa_Guarani_12-unidades_GSCGE40.png', 3, 11, '2016-08-26 18:10:46.525-04', 1, false, 0.000, 0, true, 0, 0);
INSERT INTO stock_producto VALUES (59, 'Hamburguesa gourmet - Especialidad de la casa', 'N/A', 'N/A', 4, 1.000, 'stock/productos/hamburguesa_gourmet_Rd8MCYF.jpg', 2, 6, '2016-08-26 18:16:58.386-04', 1, true, 0.000, 30, true, 0, 0);


--
-- TOC entry 3338 (class 0 OID 0)
-- Dependencies: 215
-- Name: stock_producto_id_seq; Type: SEQUENCE SET; Schema: public; Owner: sigbadmin
--

SELECT pg_catalog.setval('stock_producto_id_seq', 59, true);


--
-- TOC entry 3146 (class 0 OID 116435)
-- Dependencies: 296
-- Data for Name: stock_productocompuestodetalle; Type: TABLE DATA; Schema: public; Owner: sigbadmin
--

INSERT INTO stock_productocompuestodetalle VALUES (1, 0.200, NULL, NULL, 0, 0);
INSERT INTO stock_productocompuestodetalle VALUES (2, 0.100, NULL, NULL, 0, 0);
INSERT INTO stock_productocompuestodetalle VALUES (3, 0.100, NULL, NULL, 0, 0);
INSERT INTO stock_productocompuestodetalle VALUES (12, 0.300, 15, 49, 0, 0);
INSERT INTO stock_productocompuestodetalle VALUES (13, 0.100, 16, 49, 0, 0);
INSERT INTO stock_productocompuestodetalle VALUES (14, 0.300, 50, 51, 0, 0);
INSERT INTO stock_productocompuestodetalle VALUES (15, 0.100, 16, 51, 0, 0);
INSERT INTO stock_productocompuestodetalle VALUES (16, 1.000, 58, 59, 0, 0);
INSERT INTO stock_productocompuestodetalle VALUES (17, 0.050, 57, 59, 0, 0);
INSERT INTO stock_productocompuestodetalle VALUES (18, 1.000, 53, 59, 0, 0);
INSERT INTO stock_productocompuestodetalle VALUES (19, 0.050, 12, 59, 0, 0);
INSERT INTO stock_productocompuestodetalle VALUES (20, 0.050, 11, 59, 0, 0);
INSERT INTO stock_productocompuestodetalle VALUES (21, 0.025, 13, 59, 0, 0);


--
-- TOC entry 3339 (class 0 OID 0)
-- Dependencies: 295
-- Name: stock_productocompuestodetalle_id_seq; Type: SEQUENCE SET; Schema: public; Owner: sigbadmin
--

SELECT pg_catalog.setval('stock_productocompuestodetalle_id_seq', 21, true);


--
-- TOC entry 3144 (class 0 OID 109075)
-- Dependencies: 294
-- Data for Name: stock_stock; Type: TABLE DATA; Schema: public; Owner: sigbadmin
--

INSERT INTO stock_stock VALUES (3, 100.000, 0.000, 4);
INSERT INTO stock_stock VALUES (5, 200.000, 0.000, 10);
INSERT INTO stock_stock VALUES (19, 0.000, 15.000, 13);
INSERT INTO stock_stock VALUES (20, 0.000, 5.000, 45);
INSERT INTO stock_stock VALUES (21, 0.000, 5.000, 46);
INSERT INTO stock_stock VALUES (11, 0.000, 20.000, 11);
INSERT INTO stock_stock VALUES (18, 0.000, 30.000, 14);
INSERT INTO stock_stock VALUES (13, 0.000, 10.000, 17);
INSERT INTO stock_stock VALUES (12, 0.000, 7.000, 16);
INSERT INTO stock_stock VALUES (10, 0.000, 20.000, 12);
INSERT INTO stock_stock VALUES (6, 20.000, 30.000, 18);
INSERT INTO stock_stock VALUES (1, 50.000, 0.000, 2);
INSERT INTO stock_stock VALUES (4, 100.000, 100.000, 7);
INSERT INTO stock_stock VALUES (22, 0.000, 100.000, 21);
INSERT INTO stock_stock VALUES (23, 0.000, 100.000, 52);
INSERT INTO stock_stock VALUES (24, 0.000, 5.000, 53);
INSERT INTO stock_stock VALUES (25, 0.000, 100.000, 47);
INSERT INTO stock_stock VALUES (26, 0.000, 100.000, 20);
INSERT INTO stock_stock VALUES (28, 0.000, 100.000, 54);
INSERT INTO stock_stock VALUES (29, 0.000, 10.000, 55);
INSERT INTO stock_stock VALUES (30, 0.000, 10.000, 56);


--
-- TOC entry 3340 (class 0 OID 0)
-- Dependencies: 293
-- Name: stock_stock_id_seq; Type: SEQUENCE SET; Schema: public; Owner: sigbadmin
--

SELECT pg_catalog.setval('stock_stock_id_seq', 30, true);


--
-- TOC entry 3183 (class 0 OID 118653)
-- Dependencies: 333
-- Data for Name: stock_stockdeposito; Type: TABLE DATA; Schema: public; Owner: sigbadmin
--



--
-- TOC entry 3341 (class 0 OID 0)
-- Dependencies: 332
-- Name: stock_stockdeposito_id_seq; Type: SEQUENCE SET; Schema: public; Owner: sigbadmin
--

SELECT pg_catalog.setval('stock_stockdeposito_id_seq', 1, false);


--
-- TOC entry 3148 (class 0 OID 116443)
-- Dependencies: 298
-- Data for Name: stock_stockdetalle; Type: TABLE DATA; Schema: public; Owner: sigbadmin
--

INSERT INTO stock_stockdetalle VALUES (2, '2016-08-11 13:27:43.025-04', 30.000, 0.000, 6, 2, 634135, 1, 6);
INSERT INTO stock_stockdetalle VALUES (3, '2016-08-14 10:41:58.869-04', 10.000, 0.000, 10, 2, 4564654, 1, 6);
INSERT INTO stock_stockdetalle VALUES (4, '2016-08-14 10:42:02.66-04', 10.000, 0.000, 11, 2, 4564654, 1, 6);
INSERT INTO stock_stockdetalle VALUES (5, '2016-08-15 16:01:38.772-04', 5.000, 0.000, 12, 2, 51984, 1, 6);
INSERT INTO stock_stockdetalle VALUES (6, '2016-08-15 16:01:38.788-04', 5.000, 0.000, 13, 2, 51984, 1, 6);
INSERT INTO stock_stockdetalle VALUES (10, '2016-08-15 16:42:34.632-04', 30.000, 0.000, 18, 2, 53341, 1, 6);
INSERT INTO stock_stockdetalle VALUES (11, '2016-08-15 16:42:34.646-04', 5.000, 0.000, 13, 2, 53341, 1, 6);
INSERT INTO stock_stockdetalle VALUES (12, '2016-08-15 16:42:34.655-04', 2.000, 0.000, 12, 2, 53341, 1, 6);
INSERT INTO stock_stockdetalle VALUES (14, '2016-08-15 18:08:15.767-04', 10.000, 0.000, 11, 2, 224636, 1, 6);
INSERT INTO stock_stockdetalle VALUES (15, '2016-08-15 18:08:15.788-04', 10.000, 0.000, 10, 2, 224636, 1, 6);
INSERT INTO stock_stockdetalle VALUES (16, '2016-08-15 18:08:15.798-04', 5.000, 0.000, 19, 2, 224636, 1, 6);
INSERT INTO stock_stockdetalle VALUES (17, '2016-08-15 18:08:15.804-04', 5.000, 0.000, 20, 2, 224636, 1, 6);
INSERT INTO stock_stockdetalle VALUES (18, '2016-08-15 18:08:15.813-04', 5.000, 0.000, 21, 2, 224636, 1, 6);
INSERT INTO stock_stockdetalle VALUES (19, '2016-08-16 08:33:19.981-04', 100.000, 0.000, 4, 2, 897963, 1, 6);
INSERT INTO stock_stockdetalle VALUES (20, '2016-08-16 08:33:20.001-04', 100.000, 0.000, 22, 2, 897963, 1, 6);
INSERT INTO stock_stockdetalle VALUES (21, '2016-08-16 08:33:20.011-04', 100.000, 0.000, 23, 2, 897963, 1, 6);
INSERT INTO stock_stockdetalle VALUES (22, '2016-08-16 10:36:14.767-04', 5.000, 0.000, 24, 2, 61863, 1, 6);
INSERT INTO stock_stockdetalle VALUES (23, '2016-08-16 10:39:42.016-04', 100.000, 0.000, 25, 2, 345006, 1, 6);
INSERT INTO stock_stockdetalle VALUES (24, '2016-08-16 10:50:43.643-04', 100.000, 0.000, 26, 2, 87796, 1, 6);
INSERT INTO stock_stockdetalle VALUES (13, '2016-08-15 16:53:29.701-04', 10.000, 0.000, 19, 2, 7150, 1, 6);
INSERT INTO stock_stockdetalle VALUES (25, '2016-08-17 10:44:49.932-04', 100.000, 0.000, 28, 2, 54, 1, 6);
INSERT INTO stock_stockdetalle VALUES (26, '2016-08-17 13:05:38.104-04', 10.000, 0.000, 29, 2, 55, 1, 6);
INSERT INTO stock_stockdetalle VALUES (27, '2016-08-17 13:05:38.118-04', 10.000, 0.000, 30, 2, 55, 1, 6);


--
-- TOC entry 3342 (class 0 OID 0)
-- Dependencies: 297
-- Name: stock_stockdetalle_id_seq; Type: SEQUENCE SET; Schema: public; Owner: sigbadmin
--

SELECT pg_catalog.setval('stock_stockdetalle_id_seq', 27, true);


--
-- TOC entry 3185 (class 0 OID 118661)
-- Dependencies: 335
-- Data for Name: stock_stockproducto; Type: TABLE DATA; Schema: public; Owner: sigbadmin
--



--
-- TOC entry 3343 (class 0 OID 0)
-- Dependencies: 334
-- Name: stock_stockproducto_id_seq; Type: SEQUENCE SET; Schema: public; Owner: sigbadmin
--

SELECT pg_catalog.setval('stock_stockproducto_id_seq', 1, false);


--
-- TOC entry 3179 (class 0 OID 118422)
-- Dependencies: 329
-- Data for Name: stock_transferenciastock; Type: TABLE DATA; Schema: public; Owner: sigbadmin
--

INSERT INTO stock_transferenciastock VALUES (6, 100.000, 20.000, '2016-08-16 15:56:51.828-04', 1, 3, 2, 25, NULL, 1);
INSERT INTO stock_transferenciastock VALUES (4, 100.000, 50.000, '2016-08-16 15:08:28.138-04', 1, 2, 2, 26, NULL, 1);


--
-- TOC entry 3344 (class 0 OID 0)
-- Dependencies: 328
-- Name: stock_transferenciastock_id_seq; Type: SEQUENCE SET; Schema: public; Owner: sigbadmin
--

SELECT pg_catalog.setval('stock_transferenciastock_id_seq', 6, true);


--
-- TOC entry 3138 (class 0 OID 108879)
-- Dependencies: 288
-- Data for Name: ventas_aperturacaja; Type: TABLE DATA; Schema: public; Owner: sigbadmin
--

INSERT INTO ventas_aperturacaja VALUES (1, '2016-08-07 21:22:34.015-04', 200000, 2, 3);


--
-- TOC entry 3345 (class 0 OID 0)
-- Dependencies: 287
-- Name: ventas_aperturacaja_id_seq; Type: SEQUENCE SET; Schema: public; Owner: sigbadmin
--

SELECT pg_catalog.setval('ventas_aperturacaja_id_seq', 1, true);


--
-- TOC entry 3167 (class 0 OID 118099)
-- Dependencies: 317
-- Data for Name: ventas_cierrecaja; Type: TABLE DATA; Schema: public; Owner: sigbadmin
--



--
-- TOC entry 3346 (class 0 OID 0)
-- Dependencies: 316
-- Name: ventas_cierrecaja_id_seq; Type: SEQUENCE SET; Schema: public; Owner: sigbadmin
--

SELECT pg_catalog.setval('ventas_cierrecaja_id_seq', 1, false);


--
-- TOC entry 3175 (class 0 OID 118182)
-- Dependencies: 325
-- Data for Name: ventas_comanda; Type: TABLE DATA; Schema: public; Owner: sigbadmin
--



--
-- TOC entry 3347 (class 0 OID 0)
-- Dependencies: 324
-- Name: ventas_comanda_id_seq; Type: SEQUENCE SET; Schema: public; Owner: sigbadmin
--

SELECT pg_catalog.setval('ventas_comanda_id_seq', 1, false);


--
-- TOC entry 3169 (class 0 OID 118107)
-- Dependencies: 319
-- Data for Name: ventas_ingresovalorcaja; Type: TABLE DATA; Schema: public; Owner: sigbadmin
--



--
-- TOC entry 3348 (class 0 OID 0)
-- Dependencies: 318
-- Name: ventas_ingresovalorcaja_id_seq; Type: SEQUENCE SET; Schema: public; Owner: sigbadmin
--

SELECT pg_catalog.setval('ventas_ingresovalorcaja_id_seq', 1, false);


--
-- TOC entry 3171 (class 0 OID 118115)
-- Dependencies: 321
-- Data for Name: ventas_movimientocaja; Type: TABLE DATA; Schema: public; Owner: sigbadmin
--



--
-- TOC entry 3349 (class 0 OID 0)
-- Dependencies: 320
-- Name: ventas_movimientocaja_id_seq; Type: SEQUENCE SET; Schema: public; Owner: sigbadmin
--

SELECT pg_catalog.setval('ventas_movimientocaja_id_seq', 1, false);


--
-- TOC entry 3070 (class 0 OID 57781)
-- Dependencies: 220
-- Data for Name: ventas_pedido; Type: TABLE DATA; Schema: public; Owner: sigbadmin
--

INSERT INTO ventas_pedido VALUES (1, 1, '2016-08-04 14:21:35.57-04', 11, 18000, 10, 100000);
INSERT INTO ventas_pedido VALUES (4, 1, '2016-08-15 14:39:18.584-04', 1, 60000, NULL, NULL);
INSERT INTO ventas_pedido VALUES (6, 1, '2016-08-15 22:01:16.648-04', 1, 750500, NULL, 0);


--
-- TOC entry 3350 (class 0 OID 0)
-- Dependencies: 219
-- Name: ventas_pedido_id_seq; Type: SEQUENCE SET; Schema: public; Owner: sigbadmin
--

SELECT pg_catalog.setval('ventas_pedido_id_seq', 6, true);


--
-- TOC entry 3155 (class 0 OID 117286)
-- Dependencies: 305
-- Data for Name: ventas_pedido_mesa_pedido; Type: TABLE DATA; Schema: public; Owner: sigbadmin
--

INSERT INTO ventas_pedido_mesa_pedido VALUES (1, 1, 1);
INSERT INTO ventas_pedido_mesa_pedido VALUES (3, 4, 1);
INSERT INTO ventas_pedido_mesa_pedido VALUES (6, 6, 4);
INSERT INTO ventas_pedido_mesa_pedido VALUES (7, 6, 5);


--
-- TOC entry 3351 (class 0 OID 0)
-- Dependencies: 304
-- Name: ventas_pedido_mesa_pedido_id_seq; Type: SEQUENCE SET; Schema: public; Owner: sigbadmin
--

SELECT pg_catalog.setval('ventas_pedido_mesa_pedido_id_seq', 7, true);


--
-- TOC entry 3072 (class 0 OID 57789)
-- Dependencies: 222
-- Data for Name: ventas_pedidodetalle; Type: TABLE DATA; Schema: public; Owner: sigbadmin
--

INSERT INTO ventas_pedidodetalle VALUES (1, 1, 10, 1.000, '2016-08-04 14:21:35.587-04', 6000, 1);
INSERT INTO ventas_pedidodetalle VALUES (2, 1, 4, 1.000, '2016-08-04 14:21:35.614-04', 12000, 2);
INSERT INTO ventas_pedidodetalle VALUES (4, 4, 19, 5.000, '2016-08-15 14:39:18.595-04', 60000, 12000);
INSERT INTO ventas_pedidodetalle VALUES (5, 6, 49, 1.000, '2016-08-15 22:01:16.699-04', 26000, 26000);
INSERT INTO ventas_pedidodetalle VALUES (6, 6, 51, 1.000, '2016-08-15 22:01:16.707-04', 12000, 12000);
INSERT INTO ventas_pedidodetalle VALUES (7, 6, 21, 5.000, '2016-08-15 22:01:16.708-04', 62500, 12500);
INSERT INTO ventas_pedidodetalle VALUES (8, 6, 19, 5.000, '2016-08-15 22:04:51.151-04', 650000, 130000);


--
-- TOC entry 3352 (class 0 OID 0)
-- Dependencies: 221
-- Name: ventas_pedidodetalle_id_seq; Type: SEQUENCE SET; Schema: public; Owner: sigbadmin
--

SELECT pg_catalog.setval('ventas_pedidodetalle_id_seq', 8, true);


--
-- TOC entry 3173 (class 0 OID 118123)
-- Dependencies: 323
-- Data for Name: ventas_retirovalorcaja; Type: TABLE DATA; Schema: public; Owner: sigbadmin
--



--
-- TOC entry 3353 (class 0 OID 0)
-- Dependencies: 322
-- Name: ventas_retirovalorcaja_id_seq; Type: SEQUENCE SET; Schema: public; Owner: sigbadmin
--

SELECT pg_catalog.setval('ventas_retirovalorcaja_id_seq', 1, false);


--
-- TOC entry 3140 (class 0 OID 108895)
-- Dependencies: 290
-- Data for Name: ventas_venta; Type: TABLE DATA; Schema: public; Owner: sigbadmin
--



--
-- TOC entry 3354 (class 0 OID 0)
-- Dependencies: 289
-- Name: ventas_venta_id_seq; Type: SEQUENCE SET; Schema: public; Owner: sigbadmin
--

SELECT pg_catalog.setval('ventas_venta_id_seq', 1, false);


--
-- TOC entry 3142 (class 0 OID 108903)
-- Dependencies: 292
-- Data for Name: ventas_ventadetalle; Type: TABLE DATA; Schema: public; Owner: sigbadmin
--



--
-- TOC entry 3355 (class 0 OID 0)
-- Dependencies: 291
-- Name: ventas_ventadetalle_id_seq; Type: SEQUENCE SET; Schema: public; Owner: sigbadmin
--

SELECT pg_catalog.setval('ventas_ventadetalle_id_seq', 1, false);


--
-- TOC entry 2480 (class 2606 OID 49654)
-- Name: auth_group_name_key; Type: CONSTRAINT; Schema: public; Owner: sigbadmin; Tablespace: 
--

ALTER TABLE ONLY auth_group
    ADD CONSTRAINT auth_group_name_key UNIQUE (name);


--
-- TOC entry 2486 (class 2606 OID 49664)
-- Name: auth_group_permissions_group_id_permission_id_key; Type: CONSTRAINT; Schema: public; Owner: sigbadmin; Tablespace: 
--

ALTER TABLE ONLY auth_group_permissions
    ADD CONSTRAINT auth_group_permissions_group_id_permission_id_key UNIQUE (group_id, permission_id);


--
-- TOC entry 2488 (class 2606 OID 49662)
-- Name: auth_group_permissions_pkey; Type: CONSTRAINT; Schema: public; Owner: sigbadmin; Tablespace: 
--

ALTER TABLE ONLY auth_group_permissions
    ADD CONSTRAINT auth_group_permissions_pkey PRIMARY KEY (id);


--
-- TOC entry 2482 (class 2606 OID 49652)
-- Name: auth_group_pkey; Type: CONSTRAINT; Schema: public; Owner: sigbadmin; Tablespace: 
--

ALTER TABLE ONLY auth_group
    ADD CONSTRAINT auth_group_pkey PRIMARY KEY (id);


--
-- TOC entry 2475 (class 2606 OID 49644)
-- Name: auth_permission_content_type_id_codename_key; Type: CONSTRAINT; Schema: public; Owner: sigbadmin; Tablespace: 
--

ALTER TABLE ONLY auth_permission
    ADD CONSTRAINT auth_permission_content_type_id_codename_key UNIQUE (content_type_id, codename);


--
-- TOC entry 2477 (class 2606 OID 49642)
-- Name: auth_permission_pkey; Type: CONSTRAINT; Schema: public; Owner: sigbadmin; Tablespace: 
--

ALTER TABLE ONLY auth_permission
    ADD CONSTRAINT auth_permission_pkey PRIMARY KEY (id);


--
-- TOC entry 2497 (class 2606 OID 49682)
-- Name: auth_user_groups_pkey; Type: CONSTRAINT; Schema: public; Owner: sigbadmin; Tablespace: 
--

ALTER TABLE ONLY auth_user_groups
    ADD CONSTRAINT auth_user_groups_pkey PRIMARY KEY (id);


--
-- TOC entry 2499 (class 2606 OID 49684)
-- Name: auth_user_groups_user_id_group_id_key; Type: CONSTRAINT; Schema: public; Owner: sigbadmin; Tablespace: 
--

ALTER TABLE ONLY auth_user_groups
    ADD CONSTRAINT auth_user_groups_user_id_group_id_key UNIQUE (user_id, group_id);


--
-- TOC entry 2490 (class 2606 OID 49672)
-- Name: auth_user_pkey; Type: CONSTRAINT; Schema: public; Owner: sigbadmin; Tablespace: 
--

ALTER TABLE ONLY auth_user
    ADD CONSTRAINT auth_user_pkey PRIMARY KEY (id);


--
-- TOC entry 2503 (class 2606 OID 49692)
-- Name: auth_user_user_permissions_pkey; Type: CONSTRAINT; Schema: public; Owner: sigbadmin; Tablespace: 
--

ALTER TABLE ONLY auth_user_user_permissions
    ADD CONSTRAINT auth_user_user_permissions_pkey PRIMARY KEY (id);


--
-- TOC entry 2505 (class 2606 OID 49694)
-- Name: auth_user_user_permissions_user_id_permission_id_key; Type: CONSTRAINT; Schema: public; Owner: sigbadmin; Tablespace: 
--

ALTER TABLE ONLY auth_user_user_permissions
    ADD CONSTRAINT auth_user_user_permissions_user_id_permission_id_key UNIQUE (user_id, permission_id);


--
-- TOC entry 2493 (class 2606 OID 49674)
-- Name: auth_user_username_key; Type: CONSTRAINT; Schema: public; Owner: sigbadmin; Tablespace: 
--

ALTER TABLE ONLY auth_user
    ADD CONSTRAINT auth_user_username_key UNIQUE (username);


--
-- TOC entry 2584 (class 2606 OID 108539)
-- Name: bar_caja_numero_caja_5519ea8d_uniq; Type: CONSTRAINT; Schema: public; Owner: sigbadmin; Tablespace: 
--

ALTER TABLE ONLY bar_caja
    ADD CONSTRAINT bar_caja_numero_caja_5519ea8d_uniq UNIQUE (numero_caja);


--
-- TOC entry 2586 (class 2606 OID 65564)
-- Name: bar_caja_pkey; Type: CONSTRAINT; Schema: public; Owner: sigbadmin; Tablespace: 
--

ALTER TABLE ONLY bar_caja
    ADD CONSTRAINT bar_caja_pkey PRIMARY KEY (id);


--
-- TOC entry 2511 (class 2606 OID 49770)
-- Name: bar_cajaestado_pkey; Type: CONSTRAINT; Schema: public; Owner: sigbadmin; Tablespace: 
--

ALTER TABLE ONLY bar_cajaestado
    ADD CONSTRAINT bar_cajaestado_pkey PRIMARY KEY (id);


--
-- TOC entry 2588 (class 2606 OID 65572)
-- Name: bar_cajaubicacion_pkey; Type: CONSTRAINT; Schema: public; Owner: sigbadmin; Tablespace: 
--

ALTER TABLE ONLY bar_cajaubicacion
    ADD CONSTRAINT bar_cajaubicacion_pkey PRIMARY KEY (id);


--
-- TOC entry 2561 (class 2606 OID 118323)
-- Name: bar_categoriaproducto_categoria_4490915d_uniq; Type: CONSTRAINT; Schema: public; Owner: sigbadmin; Tablespace: 
--

ALTER TABLE ONLY bar_categoriaproducto
    ADD CONSTRAINT bar_categoriaproducto_categoria_4490915d_uniq UNIQUE (categoria);


--
-- TOC entry 2563 (class 2606 OID 57351)
-- Name: bar_categoriaproducto_pkey; Type: CONSTRAINT; Schema: public; Owner: sigbadmin; Tablespace: 
--

ALTER TABLE ONLY bar_categoriaproducto
    ADD CONSTRAINT bar_categoriaproducto_pkey PRIMARY KEY (id);


--
-- TOC entry 2637 (class 2606 OID 100043)
-- Name: bar_ciudad_pais_id_3cdbf14a_uniq; Type: CONSTRAINT; Schema: public; Owner: sigbadmin; Tablespace: 
--

ALTER TABLE ONLY bar_ciudad
    ADD CONSTRAINT bar_ciudad_pais_id_3cdbf14a_uniq UNIQUE (pais_id, ciudad);


--
-- TOC entry 2639 (class 2606 OID 82014)
-- Name: bar_ciudad_pkey; Type: CONSTRAINT; Schema: public; Owner: sigbadmin; Tablespace: 
--

ALTER TABLE ONLY bar_ciudad
    ADD CONSTRAINT bar_ciudad_pkey PRIMARY KEY (id);


--
-- TOC entry 2687 (class 2606 OID 100185)
-- Name: bar_codigooperadoratelefon_codigo_pais_telefono_id_8f88673_uniq; Type: CONSTRAINT; Schema: public; Owner: sigbadmin; Tablespace: 
--

ALTER TABLE ONLY bar_codigooperadoratelefono
    ADD CONSTRAINT bar_codigooperadoratelefon_codigo_pais_telefono_id_8f88673_uniq UNIQUE (codigo_pais_telefono_id, codigo_operadora_telefono);


--
-- TOC entry 2690 (class 2606 OID 100091)
-- Name: bar_codigooperadoratelefono_pkey; Type: CONSTRAINT; Schema: public; Owner: sigbadmin; Tablespace: 
--

ALTER TABLE ONLY bar_codigooperadoratelefono
    ADD CONSTRAINT bar_codigooperadoratelefono_pkey PRIMARY KEY (id);


--
-- TOC entry 2616 (class 2606 OID 100031)
-- Name: bar_codigopaistelefono_codigo_pais_telefono_706a4aeb_uniq; Type: CONSTRAINT; Schema: public; Owner: sigbadmin; Tablespace: 
--

ALTER TABLE ONLY bar_codigopaistelefono
    ADD CONSTRAINT bar_codigopaistelefono_codigo_pais_telefono_706a4aeb_uniq UNIQUE (codigo_pais_telefono);


--
-- TOC entry 2618 (class 2606 OID 100033)
-- Name: bar_codigopaistelefono_pais_id_4f5ba465_uniq; Type: CONSTRAINT; Schema: public; Owner: sigbadmin; Tablespace: 
--

ALTER TABLE ONLY bar_codigopaistelefono
    ADD CONSTRAINT bar_codigopaistelefono_pais_id_4f5ba465_uniq UNIQUE (pais_id);


--
-- TOC entry 2620 (class 2606 OID 73864)
-- Name: bar_codigopaistelefono_pkey; Type: CONSTRAINT; Schema: public; Owner: sigbadmin; Tablespace: 
--

ALTER TABLE ONLY bar_codigopaistelefono
    ADD CONSTRAINT bar_codigopaistelefono_pkey PRIMARY KEY (id);


--
-- TOC entry 2645 (class 2606 OID 90137)
-- Name: bar_compraestado_pkey; Type: CONSTRAINT; Schema: public; Owner: sigbadmin; Tablespace: 
--

ALTER TABLE ONLY bar_compraestado
    ADD CONSTRAINT bar_compraestado_pkey PRIMARY KEY (id);


--
-- TOC entry 2605 (class 2606 OID 73796)
-- Name: bar_cotizacion_pkey; Type: CONSTRAINT; Schema: public; Owner: sigbadmin; Tablespace: 
--

ALTER TABLE ONLY bar_cotizacion
    ADD CONSTRAINT bar_cotizacion_pkey PRIMARY KEY (id);


--
-- TOC entry 2685 (class 2606 OID 92257)
-- Name: bar_deposito_pkey; Type: CONSTRAINT; Schema: public; Owner: sigbadmin; Tablespace: 
--

ALTER TABLE ONLY bar_deposito
    ADD CONSTRAINT bar_deposito_pkey PRIMARY KEY (id);


--
-- TOC entry 2513 (class 2606 OID 49778)
-- Name: bar_documento_pkey; Type: CONSTRAINT; Schema: public; Owner: sigbadmin; Tablespace: 
--

ALTER TABLE ONLY bar_documento
    ADD CONSTRAINT bar_documento_pkey PRIMARY KEY (id);


--
-- TOC entry 2801 (class 2606 OID 118622)
-- Name: bar_facturaventa_pkey; Type: CONSTRAINT; Schema: public; Owner: sigbadmin; Tablespace: 
--

ALTER TABLE ONLY bar_facturaventa
    ADD CONSTRAINT bar_facturaventa_pkey PRIMARY KEY (id);


--
-- TOC entry 2622 (class 2606 OID 74083)
-- Name: bar_formapagocompra_pkey; Type: CONSTRAINT; Schema: public; Owner: sigbadmin; Tablespace: 
--

ALTER TABLE ONLY bar_formapagocompra
    ADD CONSTRAINT bar_formapagocompra_pkey PRIMARY KEY (id);


--
-- TOC entry 2624 (class 2606 OID 74091)
-- Name: bar_formapagoventa_pkey; Type: CONSTRAINT; Schema: public; Owner: sigbadmin; Tablespace: 
--

ALTER TABLE ONLY bar_formapagoventa
    ADD CONSTRAINT bar_formapagoventa_pkey PRIMARY KEY (id);


--
-- TOC entry 2592 (class 2606 OID 108594)
-- Name: bar_mesa_numero_mesa_4b6413cd_uniq; Type: CONSTRAINT; Schema: public; Owner: sigbadmin; Tablespace: 
--

ALTER TABLE ONLY bar_mesa
    ADD CONSTRAINT bar_mesa_numero_mesa_4b6413cd_uniq UNIQUE (numero_mesa);


--
-- TOC entry 2594 (class 2606 OID 65580)
-- Name: bar_mesa_pkey; Type: CONSTRAINT; Schema: public; Owner: sigbadmin; Tablespace: 
--

ALTER TABLE ONLY bar_mesa
    ADD CONSTRAINT bar_mesa_pkey PRIMARY KEY (id);


--
-- TOC entry 2515 (class 2606 OID 49786)
-- Name: bar_mesaestado_pkey; Type: CONSTRAINT; Schema: public; Owner: sigbadmin; Tablespace: 
--

ALTER TABLE ONLY bar_mesaestado
    ADD CONSTRAINT bar_mesaestado_pkey PRIMARY KEY (id);


--
-- TOC entry 2596 (class 2606 OID 65588)
-- Name: bar_mesaubicacion_pkey; Type: CONSTRAINT; Schema: public; Owner: sigbadmin; Tablespace: 
--

ALTER TABLE ONLY bar_mesaubicacion
    ADD CONSTRAINT bar_mesaubicacion_pkey PRIMARY KEY (id);


--
-- TOC entry 2607 (class 2606 OID 108596)
-- Name: bar_moneda_abreviacion_moneda_15d30065_uniq; Type: CONSTRAINT; Schema: public; Owner: sigbadmin; Tablespace: 
--

ALTER TABLE ONLY bar_moneda
    ADD CONSTRAINT bar_moneda_abreviacion_moneda_15d30065_uniq UNIQUE (abreviacion_moneda);


--
-- TOC entry 2609 (class 2606 OID 108598)
-- Name: bar_moneda_codigo_moneda_22cbce7c_uniq; Type: CONSTRAINT; Schema: public; Owner: sigbadmin; Tablespace: 
--

ALTER TABLE ONLY bar_moneda
    ADD CONSTRAINT bar_moneda_codigo_moneda_22cbce7c_uniq UNIQUE (codigo_moneda);


--
-- TOC entry 2611 (class 2606 OID 108622)
-- Name: bar_moneda_moneda_39fc3b17_uniq; Type: CONSTRAINT; Schema: public; Owner: sigbadmin; Tablespace: 
--

ALTER TABLE ONLY bar_moneda
    ADD CONSTRAINT bar_moneda_moneda_39fc3b17_uniq UNIQUE (moneda);


--
-- TOC entry 2613 (class 2606 OID 73804)
-- Name: bar_moneda_pkey; Type: CONSTRAINT; Schema: public; Owner: sigbadmin; Tablespace: 
--

ALTER TABLE ONLY bar_moneda
    ADD CONSTRAINT bar_moneda_pkey PRIMARY KEY (id);


--
-- TOC entry 2647 (class 2606 OID 90824)
-- Name: bar_ordencompraestado_pkey; Type: CONSTRAINT; Schema: public; Owner: sigbadmin; Tablespace: 
--

ALTER TABLE ONLY bar_ordencompraestado
    ADD CONSTRAINT bar_ordencompraestado_pkey PRIMARY KEY (id);


--
-- TOC entry 2641 (class 2606 OID 100041)
-- Name: bar_pais_pais_6134bc63_uniq; Type: CONSTRAINT; Schema: public; Owner: sigbadmin; Tablespace: 
--

ALTER TABLE ONLY bar_pais
    ADD CONSTRAINT bar_pais_pais_6134bc63_uniq UNIQUE (pais);


--
-- TOC entry 2643 (class 2606 OID 82022)
-- Name: bar_pais_pkey; Type: CONSTRAINT; Schema: public; Owner: sigbadmin; Tablespace: 
--

ALTER TABLE ONLY bar_pais
    ADD CONSTRAINT bar_pais_pkey PRIMARY KEY (id);


--
-- TOC entry 2710 (class 2606 OID 108843)
-- Name: bar_pedidoestado_pkey; Type: CONSTRAINT; Schema: public; Owner: sigbadmin; Tablespace: 
--

ALTER TABLE ONLY bar_pedidoestado
    ADD CONSTRAINT bar_pedidoestado_pkey PRIMARY KEY (id);


--
-- TOC entry 2682 (class 2606 OID 92164)
-- Name: bar_persona_pkey; Type: CONSTRAINT; Schema: public; Owner: sigbadmin; Tablespace: 
--

ALTER TABLE ONLY bar_persona
    ADD CONSTRAINT bar_persona_pkey PRIMARY KEY (id);


--
-- TOC entry 2517 (class 2606 OID 49794)
-- Name: bar_reservaestado_pkey; Type: CONSTRAINT; Schema: public; Owner: sigbadmin; Tablespace: 
--

ALTER TABLE ONLY bar_reservaestado
    ADD CONSTRAINT bar_reservaestado_pkey PRIMARY KEY (id);


--
-- TOC entry 2675 (class 2606 OID 118325)
-- Name: bar_subcategoriaproducto_categoria_id_584375cf_uniq; Type: CONSTRAINT; Schema: public; Owner: sigbadmin; Tablespace: 
--

ALTER TABLE ONLY bar_subcategoriaproducto
    ADD CONSTRAINT bar_subcategoriaproducto_categoria_id_584375cf_uniq UNIQUE (categoria_id, subcategoria);


--
-- TOC entry 2678 (class 2606 OID 92008)
-- Name: bar_subcategoriaproducto_pkey; Type: CONSTRAINT; Schema: public; Owner: sigbadmin; Tablespace: 
--

ALTER TABLE ONLY bar_subcategoriaproducto
    ADD CONSTRAINT bar_subcategoriaproducto_pkey PRIMARY KEY (id);


--
-- TOC entry 2750 (class 2606 OID 116540)
-- Name: bar_timbrado_pkey; Type: CONSTRAINT; Schema: public; Owner: sigbadmin; Tablespace: 
--

ALTER TABLE ONLY bar_timbrado
    ADD CONSTRAINT bar_timbrado_pkey PRIMARY KEY (id);


--
-- TOC entry 2598 (class 2606 OID 65647)
-- Name: bar_tipodeposito_pkey; Type: CONSTRAINT; Schema: public; Owner: sigbadmin; Tablespace: 
--

ALTER TABLE ONLY bar_tipodeposito
    ADD CONSTRAINT bar_tipodeposito_pkey PRIMARY KEY (id);


--
-- TOC entry 2600 (class 2606 OID 108600)
-- Name: bar_tipodeposito_tipo_deposito_2d5f011f_uniq; Type: CONSTRAINT; Schema: public; Owner: sigbadmin; Tablespace: 
--

ALTER TABLE ONLY bar_tipodeposito
    ADD CONSTRAINT bar_tipodeposito_tipo_deposito_2d5f011f_uniq UNIQUE (tipo_deposito);


--
-- TOC entry 2767 (class 2606 OID 117557)
-- Name: bar_tipofacturacompra_pkey; Type: CONSTRAINT; Schema: public; Owner: sigbadmin; Tablespace: 
--

ALTER TABLE ONLY bar_tipofacturacompra
    ADD CONSTRAINT bar_tipofacturacompra_pkey PRIMARY KEY (id);


--
-- TOC entry 2763 (class 2606 OID 117427)
-- Name: bar_tipomovimientostock_pkey; Type: CONSTRAINT; Schema: public; Owner: sigbadmin; Tablespace: 
--

ALTER TABLE ONLY bar_tipomovimientostock
    ADD CONSTRAINT bar_tipomovimientostock_pkey PRIMARY KEY (id);


--
-- TOC entry 2602 (class 2606 OID 65655)
-- Name: bar_tipoproducto_pkey; Type: CONSTRAINT; Schema: public; Owner: sigbadmin; Tablespace: 
--

ALTER TABLE ONLY bar_tipoproducto
    ADD CONSTRAINT bar_tipoproducto_pkey PRIMARY KEY (id);


--
-- TOC entry 2765 (class 2606 OID 117435)
-- Name: bar_transferenciastockestado_pkey; Type: CONSTRAINT; Schema: public; Owner: sigbadmin; Tablespace: 
--

ALTER TABLE ONLY bar_transferenciastockestado
    ADD CONSTRAINT bar_transferenciastockestado_pkey PRIMARY KEY (id);


--
-- TOC entry 2680 (class 2606 OID 92016)
-- Name: bar_unidadmedidaproducto_pkey; Type: CONSTRAINT; Schema: public; Owner: sigbadmin; Tablespace: 
--

ALTER TABLE ONLY bar_unidadmedidaproducto
    ADD CONSTRAINT bar_unidadmedidaproducto_pkey PRIMARY KEY (id);


--
-- TOC entry 2712 (class 2606 OID 108851)
-- Name: bar_ventaestado_pkey; Type: CONSTRAINT; Schema: public; Owner: sigbadmin; Tablespace: 
--

ALTER TABLE ONLY bar_ventaestado
    ADD CONSTRAINT bar_ventaestado_pkey PRIMARY KEY (id);


--
-- TOC entry 2521 (class 2606 OID 49861)
-- Name: clientes_cliente_pkey; Type: CONSTRAINT; Schema: public; Owner: sigbadmin; Tablespace: 
--

ALTER TABLE ONLY clientes_cliente
    ADD CONSTRAINT clientes_cliente_pkey PRIMARY KEY (id);


--
-- TOC entry 2525 (class 2606 OID 49869)
-- Name: clientes_clientedocumento_pkey; Type: CONSTRAINT; Schema: public; Owner: sigbadmin; Tablespace: 
--

ALTER TABLE ONLY clientes_clientedocumento
    ADD CONSTRAINT clientes_clientedocumento_pkey PRIMARY KEY (id);


--
-- TOC entry 2527 (class 2606 OID 117982)
-- Name: clientes_clientedocumento_tipo_documento_id_78134e4a_uniq; Type: CONSTRAINT; Schema: public; Owner: sigbadmin; Tablespace: 
--

ALTER TABLE ONLY clientes_clientedocumento
    ADD CONSTRAINT clientes_clientedocumento_tipo_documento_id_78134e4a_uniq UNIQUE (tipo_documento_id, numero_documento);


--
-- TOC entry 2629 (class 2606 OID 81937)
-- Name: clientes_clientetelefono_pkey; Type: CONSTRAINT; Schema: public; Owner: sigbadmin; Tablespace: 
--

ALTER TABLE ONLY clientes_clientetelefono
    ADD CONSTRAINT clientes_clientetelefono_pkey PRIMARY KEY (id);


--
-- TOC entry 2536 (class 2606 OID 49885)
-- Name: clientes_reserva_mesas_pkey; Type: CONSTRAINT; Schema: public; Owner: sigbadmin; Tablespace: 
--

ALTER TABLE ONLY clientes_reserva_mesas
    ADD CONSTRAINT clientes_reserva_mesas_pkey PRIMARY KEY (id);


--
-- TOC entry 2538 (class 2606 OID 49887)
-- Name: clientes_reserva_mesas_reserva_id_mesa_id_key; Type: CONSTRAINT; Schema: public; Owner: sigbadmin; Tablespace: 
--

ALTER TABLE ONLY clientes_reserva_mesas
    ADD CONSTRAINT clientes_reserva_mesas_reserva_id_mesa_id_key UNIQUE (reserva_id, mesa_id);


--
-- TOC entry 2532 (class 2606 OID 49877)
-- Name: clientes_reserva_pkey; Type: CONSTRAINT; Schema: public; Owner: sigbadmin; Tablespace: 
--

ALTER TABLE ONLY clientes_reserva
    ADD CONSTRAINT clientes_reserva_pkey PRIMARY KEY (id);


--
-- TOC entry 2702 (class 2606 OID 117814)
-- Name: compras_compra_numero_orden_compra_id_3dd6d9eb_uniq; Type: CONSTRAINT; Schema: public; Owner: sigbadmin; Tablespace: 
--

ALTER TABLE ONLY compras_compra
    ADD CONSTRAINT compras_compra_numero_orden_compra_id_3dd6d9eb_uniq UNIQUE (numero_orden_compra_id);


--
-- TOC entry 2704 (class 2606 OID 108166)
-- Name: compras_compra_pkey; Type: CONSTRAINT; Schema: public; Owner: sigbadmin; Tablespace: 
--

ALTER TABLE ONLY compras_compra
    ADD CONSTRAINT compras_compra_pkey PRIMARY KEY (numero_compra);


--
-- TOC entry 2708 (class 2606 OID 108174)
-- Name: compras_compradetalle_pkey; Type: CONSTRAINT; Schema: public; Owner: sigbadmin; Tablespace: 
--

ALTER TABLE ONLY compras_compradetalle
    ADD CONSTRAINT compras_compradetalle_pkey PRIMARY KEY (id);


--
-- TOC entry 2752 (class 2606 OID 116904)
-- Name: compras_empresa_pkey; Type: CONSTRAINT; Schema: public; Owner: sigbadmin; Tablespace: 
--

ALTER TABLE ONLY compras_empresa
    ADD CONSTRAINT compras_empresa_pkey PRIMARY KEY (proveedor_ptr_id);


--
-- TOC entry 2773 (class 2606 OID 117580)
-- Name: compras_facturaproveedor_pkey; Type: CONSTRAINT; Schema: public; Owner: sigbadmin; Tablespace: 
--

ALTER TABLE ONLY compras_facturaproveedor
    ADD CONSTRAINT compras_facturaproveedor_pkey PRIMARY KEY (id);


--
-- TOC entry 2657 (class 2606 OID 91361)
-- Name: compras_lineacreditoproveedor_pkey; Type: CONSTRAINT; Schema: public; Owner: sigbadmin; Tablespace: 
--

ALTER TABLE ONLY compras_lineacreditoproveedor
    ADD CONSTRAINT compras_lineacreditoproveedor_pkey PRIMARY KEY (id);


--
-- TOC entry 2659 (class 2606 OID 117800)
-- Name: compras_lineacreditoproveedor_proveedor_id_245af655_uniq; Type: CONSTRAINT; Schema: public; Owner: sigbadmin; Tablespace: 
--

ALTER TABLE ONLY compras_lineacreditoproveedor
    ADD CONSTRAINT compras_lineacreditoproveedor_proveedor_id_245af655_uniq UNIQUE (proveedor_id);


--
-- TOC entry 2776 (class 2606 OID 117738)
-- Name: compras_lineacreditoproveedordetalle_pkey; Type: CONSTRAINT; Schema: public; Owner: sigbadmin; Tablespace: 
--

ALTER TABLE ONLY compras_lineacreditoproveedordetalle
    ADD CONSTRAINT compras_lineacreditoproveedordetalle_pkey PRIMARY KEY (id);


--
-- TOC entry 2669 (class 2606 OID 91664)
-- Name: compras_ordencompra_pkey; Type: CONSTRAINT; Schema: public; Owner: sigbadmin; Tablespace: 
--

ALTER TABLE ONLY compras_ordencompra
    ADD CONSTRAINT compras_ordencompra_pkey PRIMARY KEY (numero_orden_compra);


--
-- TOC entry 2673 (class 2606 OID 91672)
-- Name: compras_ordencompradetalle_pkey; Type: CONSTRAINT; Schema: public; Owner: sigbadmin; Tablespace: 
--

ALTER TABLE ONLY compras_ordencompradetalle
    ADD CONSTRAINT compras_ordencompradetalle_pkey PRIMARY KEY (id);


--
-- TOC entry 2755 (class 2606 OID 117148)
-- Name: compras_pagoproveedor_pkey; Type: CONSTRAINT; Schema: public; Owner: sigbadmin; Tablespace: 
--

ALTER TABLE ONLY compras_pagoproveedor
    ADD CONSTRAINT compras_pagoproveedor_pkey PRIMARY KEY (id);


--
-- TOC entry 2663 (class 2606 OID 91390)
-- Name: compras_productoproveedor_pkey; Type: CONSTRAINT; Schema: public; Owner: sigbadmin; Tablespace: 
--

ALTER TABLE ONLY compras_productoproveedor
    ADD CONSTRAINT compras_productoproveedor_pkey PRIMARY KEY (id);


--
-- TOC entry 2652 (class 2606 OID 91328)
-- Name: compras_proveedor_pkey; Type: CONSTRAINT; Schema: public; Owner: sigbadmin; Tablespace: 
--

ALTER TABLE ONLY compras_proveedor
    ADD CONSTRAINT compras_proveedor_pkey PRIMARY KEY (id);


--
-- TOC entry 2654 (class 2606 OID 117949)
-- Name: compras_proveedor_ruc_key; Type: CONSTRAINT; Schema: public; Owner: sigbadmin; Tablespace: 
--

ALTER TABLE ONLY compras_proveedor
    ADD CONSTRAINT compras_proveedor_ruc_key UNIQUE (ruc);


--
-- TOC entry 2695 (class 2606 OID 100203)
-- Name: compras_proveedortelefono_pkey; Type: CONSTRAINT; Schema: public; Owner: sigbadmin; Tablespace: 
--

ALTER TABLE ONLY compras_proveedortelefono
    ADD CONSTRAINT compras_proveedortelefono_pkey PRIMARY KEY (id);


--
-- TOC entry 2509 (class 2606 OID 49750)
-- Name: django_admin_log_pkey; Type: CONSTRAINT; Schema: public; Owner: sigbadmin; Tablespace: 
--

ALTER TABLE ONLY django_admin_log
    ADD CONSTRAINT django_admin_log_pkey PRIMARY KEY (id);


--
-- TOC entry 2470 (class 2606 OID 49634)
-- Name: django_content_type_app_label_3ec8c61c_uniq; Type: CONSTRAINT; Schema: public; Owner: sigbadmin; Tablespace: 
--

ALTER TABLE ONLY django_content_type
    ADD CONSTRAINT django_content_type_app_label_3ec8c61c_uniq UNIQUE (app_label, model);


--
-- TOC entry 2472 (class 2606 OID 49632)
-- Name: django_content_type_pkey; Type: CONSTRAINT; Schema: public; Owner: sigbadmin; Tablespace: 
--

ALTER TABLE ONLY django_content_type
    ADD CONSTRAINT django_content_type_pkey PRIMARY KEY (id);


--
-- TOC entry 2468 (class 2606 OID 49624)
-- Name: django_migrations_pkey; Type: CONSTRAINT; Schema: public; Owner: sigbadmin; Tablespace: 
--

ALTER TABLE ONLY django_migrations
    ADD CONSTRAINT django_migrations_pkey PRIMARY KEY (id);


--
-- TOC entry 2558 (class 2606 OID 49970)
-- Name: django_session_pkey; Type: CONSTRAINT; Schema: public; Owner: sigbadmin; Tablespace: 
--

ALTER TABLE ONLY django_session
    ADD CONSTRAINT django_session_pkey PRIMARY KEY (session_key);


--
-- TOC entry 2571 (class 2606 OID 57759)
-- Name: personal_cargo_pkey; Type: CONSTRAINT; Schema: public; Owner: sigbadmin; Tablespace: 
--

ALTER TABLE ONLY personal_cargo
    ADD CONSTRAINT personal_cargo_pkey PRIMARY KEY (id);


--
-- TOC entry 2545 (class 2606 OID 49934)
-- Name: personal_empleado_pkey; Type: CONSTRAINT; Schema: public; Owner: sigbadmin; Tablespace: 
--

ALTER TABLE ONLY personal_empleado
    ADD CONSTRAINT personal_empleado_pkey PRIMARY KEY (id);


--
-- TOC entry 2547 (class 2606 OID 118217)
-- Name: personal_empleado_usuario_id_13a1bf28_uniq; Type: CONSTRAINT; Schema: public; Owner: sigbadmin; Tablespace: 
--

ALTER TABLE ONLY personal_empleado
    ADD CONSTRAINT personal_empleado_usuario_id_13a1bf28_uniq UNIQUE (usuario_id);


--
-- TOC entry 2551 (class 2606 OID 49942)
-- Name: personal_empleadodocumento_pkey; Type: CONSTRAINT; Schema: public; Owner: sigbadmin; Tablespace: 
--

ALTER TABLE ONLY personal_empleadodocumento
    ADD CONSTRAINT personal_empleadodocumento_pkey PRIMARY KEY (id);


--
-- TOC entry 2553 (class 2606 OID 126064)
-- Name: personal_empleadodocumento_tipo_documento_id_17aaae07_uniq; Type: CONSTRAINT; Schema: public; Owner: sigbadmin; Tablespace: 
--

ALTER TABLE ONLY personal_empleadodocumento
    ADD CONSTRAINT personal_empleadodocumento_tipo_documento_id_17aaae07_uniq UNIQUE (tipo_documento_id, numero_documento);


--
-- TOC entry 2634 (class 2606 OID 81976)
-- Name: personal_empleadotelefono_pkey; Type: CONSTRAINT; Schema: public; Owner: sigbadmin; Tablespace: 
--

ALTER TABLE ONLY personal_empleadotelefono
    ADD CONSTRAINT personal_empleadotelefono_pkey PRIMARY KEY (id);


--
-- TOC entry 2555 (class 2606 OID 49950)
-- Name: personal_horario_pkey; Type: CONSTRAINT; Schema: public; Owner: sigbadmin; Tablespace: 
--

ALTER TABLE ONLY personal_horario
    ADD CONSTRAINT personal_horario_pkey PRIMARY KEY (id);


--
-- TOC entry 2789 (class 2606 OID 118206)
-- Name: stock_devolucion_pkey; Type: CONSTRAINT; Schema: public; Owner: sigbadmin; Tablespace: 
--

ALTER TABLE ONLY stock_devolucion
    ADD CONSTRAINT stock_devolucion_pkey PRIMARY KEY (id);


--
-- TOC entry 2569 (class 2606 OID 57496)
-- Name: stock_producto_pkey; Type: CONSTRAINT; Schema: public; Owner: sigbadmin; Tablespace: 
--

ALTER TABLE ONLY stock_producto
    ADD CONSTRAINT stock_producto_pkey PRIMARY KEY (id);


--
-- TOC entry 2741 (class 2606 OID 116440)
-- Name: stock_productocompuestodetalle_pkey; Type: CONSTRAINT; Schema: public; Owner: sigbadmin; Tablespace: 
--

ALTER TABLE ONLY stock_productocompuestodetalle
    ADD CONSTRAINT stock_productocompuestodetalle_pkey PRIMARY KEY (id);


--
-- TOC entry 2735 (class 2606 OID 109080)
-- Name: stock_stock_pkey; Type: CONSTRAINT; Schema: public; Owner: sigbadmin; Tablespace: 
--

ALTER TABLE ONLY stock_stock
    ADD CONSTRAINT stock_stock_pkey PRIMARY KEY (id);


--
-- TOC entry 2737 (class 2606 OID 117395)
-- Name: stock_stock_producto_stock_id_1a438cd_uniq; Type: CONSTRAINT; Schema: public; Owner: sigbadmin; Tablespace: 
--

ALTER TABLE ONLY stock_stock
    ADD CONSTRAINT stock_stock_producto_stock_id_1a438cd_uniq UNIQUE (producto_stock_id);


--
-- TOC entry 2803 (class 2606 OID 118658)
-- Name: stock_stockdeposito_pkey; Type: CONSTRAINT; Schema: public; Owner: sigbadmin; Tablespace: 
--

ALTER TABLE ONLY stock_stockdeposito
    ADD CONSTRAINT stock_stockdeposito_pkey PRIMARY KEY (id);


--
-- TOC entry 2747 (class 2606 OID 116448)
-- Name: stock_stockdetalle_pkey; Type: CONSTRAINT; Schema: public; Owner: sigbadmin; Tablespace: 
--

ALTER TABLE ONLY stock_stockdetalle
    ADD CONSTRAINT stock_stockdetalle_pkey PRIMARY KEY (id);


--
-- TOC entry 2805 (class 2606 OID 118666)
-- Name: stock_stockproducto_pkey; Type: CONSTRAINT; Schema: public; Owner: sigbadmin; Tablespace: 
--

ALTER TABLE ONLY stock_stockproducto
    ADD CONSTRAINT stock_stockproducto_pkey PRIMARY KEY (id);


--
-- TOC entry 2797 (class 2606 OID 118427)
-- Name: stock_transferenciastock_pkey; Type: CONSTRAINT; Schema: public; Owner: sigbadmin; Tablespace: 
--

ALTER TABLE ONLY stock_transferenciastock
    ADD CONSTRAINT stock_transferenciastock_pkey PRIMARY KEY (id);


--
-- TOC entry 2716 (class 2606 OID 108884)
-- Name: ventas_aperturacaja_pkey; Type: CONSTRAINT; Schema: public; Owner: sigbadmin; Tablespace: 
--

ALTER TABLE ONLY ventas_aperturacaja
    ADD CONSTRAINT ventas_aperturacaja_pkey PRIMARY KEY (id);


--
-- TOC entry 2778 (class 2606 OID 118104)
-- Name: ventas_cierrecaja_pkey; Type: CONSTRAINT; Schema: public; Owner: sigbadmin; Tablespace: 
--

ALTER TABLE ONLY ventas_cierrecaja
    ADD CONSTRAINT ventas_cierrecaja_pkey PRIMARY KEY (id);


--
-- TOC entry 2787 (class 2606 OID 118187)
-- Name: ventas_comanda_pkey; Type: CONSTRAINT; Schema: public; Owner: sigbadmin; Tablespace: 
--

ALTER TABLE ONLY ventas_comanda
    ADD CONSTRAINT ventas_comanda_pkey PRIMARY KEY (id);


--
-- TOC entry 2780 (class 2606 OID 118112)
-- Name: ventas_ingresovalorcaja_pkey; Type: CONSTRAINT; Schema: public; Owner: sigbadmin; Tablespace: 
--

ALTER TABLE ONLY ventas_ingresovalorcaja
    ADD CONSTRAINT ventas_ingresovalorcaja_pkey PRIMARY KEY (id);


--
-- TOC entry 2782 (class 2606 OID 118120)
-- Name: ventas_movimientocaja_pkey; Type: CONSTRAINT; Schema: public; Owner: sigbadmin; Tablespace: 
--

ALTER TABLE ONLY ventas_movimientocaja
    ADD CONSTRAINT ventas_movimientocaja_pkey PRIMARY KEY (id);


--
-- TOC entry 2759 (class 2606 OID 117293)
-- Name: ventas_pedido_mesa_pedido_pedido_id_mesa_id_key; Type: CONSTRAINT; Schema: public; Owner: sigbadmin; Tablespace: 
--

ALTER TABLE ONLY ventas_pedido_mesa_pedido
    ADD CONSTRAINT ventas_pedido_mesa_pedido_pedido_id_mesa_id_key UNIQUE (pedido_id, mesa_id);


--
-- TOC entry 2761 (class 2606 OID 117291)
-- Name: ventas_pedido_mesa_pedido_pkey; Type: CONSTRAINT; Schema: public; Owner: sigbadmin; Tablespace: 
--

ALTER TABLE ONLY ventas_pedido_mesa_pedido
    ADD CONSTRAINT ventas_pedido_mesa_pedido_pkey PRIMARY KEY (id);


--
-- TOC entry 2576 (class 2606 OID 57786)
-- Name: ventas_pedido_pkey; Type: CONSTRAINT; Schema: public; Owner: sigbadmin; Tablespace: 
--

ALTER TABLE ONLY ventas_pedido
    ADD CONSTRAINT ventas_pedido_pkey PRIMARY KEY (id);


--
-- TOC entry 2580 (class 2606 OID 57794)
-- Name: ventas_pedidodetalle_pkey; Type: CONSTRAINT; Schema: public; Owner: sigbadmin; Tablespace: 
--

ALTER TABLE ONLY ventas_pedidodetalle
    ADD CONSTRAINT ventas_pedidodetalle_pkey PRIMARY KEY (id);


--
-- TOC entry 2784 (class 2606 OID 118128)
-- Name: ventas_retirovalorcaja_pkey; Type: CONSTRAINT; Schema: public; Owner: sigbadmin; Tablespace: 
--

ALTER TABLE ONLY ventas_retirovalorcaja
    ADD CONSTRAINT ventas_retirovalorcaja_pkey PRIMARY KEY (id);


--
-- TOC entry 2726 (class 2606 OID 118258)
-- Name: ventas_venta_numero_pedido_id_523265c9_uniq; Type: CONSTRAINT; Schema: public; Owner: sigbadmin; Tablespace: 
--

ALTER TABLE ONLY ventas_venta
    ADD CONSTRAINT ventas_venta_numero_pedido_id_523265c9_uniq UNIQUE (numero_pedido_id);


--
-- TOC entry 2728 (class 2606 OID 108900)
-- Name: ventas_venta_pkey; Type: CONSTRAINT; Schema: public; Owner: sigbadmin; Tablespace: 
--

ALTER TABLE ONLY ventas_venta
    ADD CONSTRAINT ventas_venta_pkey PRIMARY KEY (id);


--
-- TOC entry 2732 (class 2606 OID 108908)
-- Name: ventas_ventadetalle_pkey; Type: CONSTRAINT; Schema: public; Owner: sigbadmin; Tablespace: 
--

ALTER TABLE ONLY ventas_ventadetalle
    ADD CONSTRAINT ventas_ventadetalle_pkey PRIMARY KEY (id);


--
-- TOC entry 2478 (class 1259 OID 49701)
-- Name: auth_group_name_331666e8_like; Type: INDEX; Schema: public; Owner: sigbadmin; Tablespace: 
--

CREATE INDEX auth_group_name_331666e8_like ON auth_group USING btree (name varchar_pattern_ops);


--
-- TOC entry 2483 (class 1259 OID 49712)
-- Name: auth_group_permissions_0e939a4f; Type: INDEX; Schema: public; Owner: sigbadmin; Tablespace: 
--

CREATE INDEX auth_group_permissions_0e939a4f ON auth_group_permissions USING btree (group_id);


--
-- TOC entry 2484 (class 1259 OID 49713)
-- Name: auth_group_permissions_8373b171; Type: INDEX; Schema: public; Owner: sigbadmin; Tablespace: 
--

CREATE INDEX auth_group_permissions_8373b171 ON auth_group_permissions USING btree (permission_id);


--
-- TOC entry 2473 (class 1259 OID 49700)
-- Name: auth_permission_417f1b1c; Type: INDEX; Schema: public; Owner: sigbadmin; Tablespace: 
--

CREATE INDEX auth_permission_417f1b1c ON auth_permission USING btree (content_type_id);


--
-- TOC entry 2494 (class 1259 OID 49726)
-- Name: auth_user_groups_0e939a4f; Type: INDEX; Schema: public; Owner: sigbadmin; Tablespace: 
--

CREATE INDEX auth_user_groups_0e939a4f ON auth_user_groups USING btree (group_id);


--
-- TOC entry 2495 (class 1259 OID 49725)
-- Name: auth_user_groups_e8701ad4; Type: INDEX; Schema: public; Owner: sigbadmin; Tablespace: 
--

CREATE INDEX auth_user_groups_e8701ad4 ON auth_user_groups USING btree (user_id);


--
-- TOC entry 2500 (class 1259 OID 49738)
-- Name: auth_user_user_permissions_8373b171; Type: INDEX; Schema: public; Owner: sigbadmin; Tablespace: 
--

CREATE INDEX auth_user_user_permissions_8373b171 ON auth_user_user_permissions USING btree (permission_id);


--
-- TOC entry 2501 (class 1259 OID 49737)
-- Name: auth_user_user_permissions_e8701ad4; Type: INDEX; Schema: public; Owner: sigbadmin; Tablespace: 
--

CREATE INDEX auth_user_user_permissions_e8701ad4 ON auth_user_user_permissions USING btree (user_id);


--
-- TOC entry 2491 (class 1259 OID 49714)
-- Name: auth_user_username_94b8aae_like; Type: INDEX; Schema: public; Owner: sigbadmin; Tablespace: 
--

CREATE INDEX auth_user_username_94b8aae_like ON auth_user USING btree (username varchar_pattern_ops);


--
-- TOC entry 2581 (class 1259 OID 65594)
-- Name: bar_caja_2c189993; Type: INDEX; Schema: public; Owner: sigbadmin; Tablespace: 
--

CREATE INDEX bar_caja_2c189993 ON bar_caja USING btree (estado_id);


--
-- TOC entry 2582 (class 1259 OID 65607)
-- Name: bar_caja_c0b82519; Type: INDEX; Schema: public; Owner: sigbadmin; Tablespace: 
--

CREATE INDEX bar_caja_c0b82519 ON bar_caja USING btree (ubicacion_id);


--
-- TOC entry 2635 (class 1259 OID 82024)
-- Name: bar_ciudad_847ec16e; Type: INDEX; Schema: public; Owner: sigbadmin; Tablespace: 
--

CREATE INDEX bar_ciudad_847ec16e ON bar_ciudad USING btree (pais_id);


--
-- TOC entry 2688 (class 1259 OID 100186)
-- Name: bar_codigooperadoratelefono_b2d1c229; Type: INDEX; Schema: public; Owner: sigbadmin; Tablespace: 
--

CREATE INDEX bar_codigooperadoratelefono_b2d1c229 ON bar_codigooperadoratelefono USING btree (codigo_pais_telefono_id);


--
-- TOC entry 2614 (class 1259 OID 92847)
-- Name: bar_codigopaistelefono_847ec16e; Type: INDEX; Schema: public; Owner: sigbadmin; Tablespace: 
--

CREATE INDEX bar_codigopaistelefono_847ec16e ON bar_codigopaistelefono USING btree (pais_id);


--
-- TOC entry 2603 (class 1259 OID 73805)
-- Name: bar_cotizacion_fabc26c3; Type: INDEX; Schema: public; Owner: sigbadmin; Tablespace: 
--

CREATE INDEX bar_cotizacion_fabc26c3 ON bar_cotizacion USING btree (moneda_id);


--
-- TOC entry 2683 (class 1259 OID 92264)
-- Name: bar_deposito_401dbe4e; Type: INDEX; Schema: public; Owner: sigbadmin; Tablespace: 
--

CREATE INDEX bar_deposito_401dbe4e ON bar_deposito USING btree (tipo_deposito_id);


--
-- TOC entry 2798 (class 1259 OID 118636)
-- Name: bar_facturaventa_00f81d68; Type: INDEX; Schema: public; Owner: sigbadmin; Tablespace: 
--

CREATE INDEX bar_facturaventa_00f81d68 ON bar_facturaventa USING btree (caja_id);


--
-- TOC entry 2799 (class 1259 OID 118642)
-- Name: bar_facturaventa_e8f8b1ef; Type: INDEX; Schema: public; Owner: sigbadmin; Tablespace: 
--

CREATE INDEX bar_facturaventa_e8f8b1ef ON bar_facturaventa USING btree (empresa_id);


--
-- TOC entry 2589 (class 1259 OID 65600)
-- Name: bar_mesa_2c189993; Type: INDEX; Schema: public; Owner: sigbadmin; Tablespace: 
--

CREATE INDEX bar_mesa_2c189993 ON bar_mesa USING btree (estado_id);


--
-- TOC entry 2590 (class 1259 OID 65601)
-- Name: bar_mesa_c0b82519; Type: INDEX; Schema: public; Owner: sigbadmin; Tablespace: 
--

CREATE INDEX bar_mesa_c0b82519 ON bar_mesa USING btree (ubicacion_id);


--
-- TOC entry 2676 (class 1259 OID 108330)
-- Name: bar_subcategoriaproducto_daf3833b; Type: INDEX; Schema: public; Owner: sigbadmin; Tablespace: 
--

CREATE INDEX bar_subcategoriaproducto_daf3833b ON bar_subcategoriaproducto USING btree (categoria_id);


--
-- TOC entry 2748 (class 1259 OID 116835)
-- Name: bar_timbrado_e8f8b1ef; Type: INDEX; Schema: public; Owner: sigbadmin; Tablespace: 
--

CREATE INDEX bar_timbrado_e8f8b1ef ON bar_timbrado USING btree (empresa_id);


--
-- TOC entry 2518 (class 1259 OID 82113)
-- Name: clientes_cliente_0201ed81; Type: INDEX; Schema: public; Owner: sigbadmin; Tablespace: 
--

CREATE INDEX clientes_cliente_0201ed81 ON clientes_cliente USING btree (ciudad_id);


--
-- TOC entry 2519 (class 1259 OID 82136)
-- Name: clientes_cliente_847ec16e; Type: INDEX; Schema: public; Owner: sigbadmin; Tablespace: 
--

CREATE INDEX clientes_cliente_847ec16e ON clientes_cliente USING btree (pais_id);


--
-- TOC entry 2522 (class 1259 OID 49898)
-- Name: clientes_clientedocumento_4a860110; Type: INDEX; Schema: public; Owner: sigbadmin; Tablespace: 
--

CREATE INDEX clientes_clientedocumento_4a860110 ON clientes_clientedocumento USING btree (cliente_id);


--
-- TOC entry 2523 (class 1259 OID 49899)
-- Name: clientes_clientedocumento_b56f9865; Type: INDEX; Schema: public; Owner: sigbadmin; Tablespace: 
--

CREATE INDEX clientes_clientedocumento_b56f9865 ON clientes_clientedocumento USING btree (tipo_documento_id);


--
-- TOC entry 2625 (class 1259 OID 81949)
-- Name: clientes_clientetelefono_4a860110; Type: INDEX; Schema: public; Owner: sigbadmin; Tablespace: 
--

CREATE INDEX clientes_clientetelefono_4a860110 ON clientes_clientetelefono USING btree (cliente_id);


--
-- TOC entry 2626 (class 1259 OID 100178)
-- Name: clientes_clientetelefono_7fd5d860; Type: INDEX; Schema: public; Owner: sigbadmin; Tablespace: 
--

CREATE INDEX clientes_clientetelefono_7fd5d860 ON clientes_clientetelefono USING btree (codigo_operadora_telefono_id);


--
-- TOC entry 2627 (class 1259 OID 81961)
-- Name: clientes_clientetelefono_b2d1c229; Type: INDEX; Schema: public; Owner: sigbadmin; Tablespace: 
--

CREATE INDEX clientes_clientetelefono_b2d1c229 ON clientes_clientetelefono USING btree (codigo_pais_telefono_id);


--
-- TOC entry 2528 (class 1259 OID 49911)
-- Name: clientes_reserva_2c189993; Type: INDEX; Schema: public; Owner: sigbadmin; Tablespace: 
--

CREATE INDEX clientes_reserva_2c189993 ON clientes_reserva USING btree (estado_id);


--
-- TOC entry 2529 (class 1259 OID 49910)
-- Name: clientes_reserva_4a860110; Type: INDEX; Schema: public; Owner: sigbadmin; Tablespace: 
--

CREATE INDEX clientes_reserva_4a860110 ON clientes_reserva USING btree (cliente_id);


--
-- TOC entry 2530 (class 1259 OID 57634)
-- Name: clientes_reserva_8a4ba14d; Type: INDEX; Schema: public; Owner: sigbadmin; Tablespace: 
--

CREATE INDEX clientes_reserva_8a4ba14d ON clientes_reserva USING btree (usuario_registro_id);


--
-- TOC entry 2533 (class 1259 OID 49923)
-- Name: clientes_reserva_mesas_05432d71; Type: INDEX; Schema: public; Owner: sigbadmin; Tablespace: 
--

CREATE INDEX clientes_reserva_mesas_05432d71 ON clientes_reserva_mesas USING btree (mesa_id);


--
-- TOC entry 2534 (class 1259 OID 49922)
-- Name: clientes_reserva_mesas_7faa80b1; Type: INDEX; Schema: public; Owner: sigbadmin; Tablespace: 
--

CREATE INDEX clientes_reserva_mesas_7faa80b1 ON clientes_reserva_mesas USING btree (reserva_id);


--
-- TOC entry 2696 (class 1259 OID 108197)
-- Name: compras_compra_5f8bb389; Type: INDEX; Schema: public; Owner: sigbadmin; Tablespace: 
--

CREATE INDEX compras_compra_5f8bb389 ON compras_compra USING btree (numero_orden_compra_id);


--
-- TOC entry 2697 (class 1259 OID 118737)
-- Name: compras_compra_64de6d05; Type: INDEX; Schema: public; Owner: sigbadmin; Tablespace: 
--

CREATE INDEX compras_compra_64de6d05 ON compras_compra USING btree (usuario_registro_compra_id);


--
-- TOC entry 2698 (class 1259 OID 118394)
-- Name: compras_compra_7ac33b97; Type: INDEX; Schema: public; Owner: sigbadmin; Tablespace: 
--

CREATE INDEX compras_compra_7ac33b97 ON compras_compra USING btree (proveedor_id);


--
-- TOC entry 2699 (class 1259 OID 108184)
-- Name: compras_compra_89914b7a; Type: INDEX; Schema: public; Owner: sigbadmin; Tablespace: 
--

CREATE INDEX compras_compra_89914b7a ON compras_compra USING btree (estado_compra_id);


--
-- TOC entry 2700 (class 1259 OID 117674)
-- Name: compras_compra_fd43017e; Type: INDEX; Schema: public; Owner: sigbadmin; Tablespace: 
--

CREATE INDEX compras_compra_fd43017e ON compras_compra USING btree (tipo_factura_compra_id);


--
-- TOC entry 2705 (class 1259 OID 108195)
-- Name: compras_compradetalle_805a621e; Type: INDEX; Schema: public; Owner: sigbadmin; Tablespace: 
--

CREATE INDEX compras_compradetalle_805a621e ON compras_compradetalle USING btree (numero_compra_id);


--
-- TOC entry 2706 (class 1259 OID 108196)
-- Name: compras_compradetalle_dd4fffdb; Type: INDEX; Schema: public; Owner: sigbadmin; Tablespace: 
--

CREATE INDEX compras_compradetalle_dd4fffdb ON compras_compradetalle USING btree (producto_compra_id);


--
-- TOC entry 2768 (class 1259 OID 118346)
-- Name: compras_facturaproveedor_7ac33b97; Type: INDEX; Schema: public; Owner: sigbadmin; Tablespace: 
--

CREATE INDEX compras_facturaproveedor_7ac33b97 ON compras_facturaproveedor USING btree (proveedor_id);


--
-- TOC entry 2769 (class 1259 OID 117632)
-- Name: compras_facturaproveedor_98926b7a; Type: INDEX; Schema: public; Owner: sigbadmin; Tablespace: 
--

CREATE INDEX compras_facturaproveedor_98926b7a ON compras_facturaproveedor USING btree (compra_id);


--
-- TOC entry 2770 (class 1259 OID 117638)
-- Name: compras_facturaproveedor_ef9a3fc4; Type: INDEX; Schema: public; Owner: sigbadmin; Tablespace: 
--

CREATE INDEX compras_facturaproveedor_ef9a3fc4 ON compras_facturaproveedor USING btree (forma_pago_compra_id);


--
-- TOC entry 2771 (class 1259 OID 117644)
-- Name: compras_facturaproveedor_fd43017e; Type: INDEX; Schema: public; Owner: sigbadmin; Tablespace: 
--

CREATE INDEX compras_facturaproveedor_fd43017e ON compras_facturaproveedor USING btree (tipo_factura_compra_id);


--
-- TOC entry 2655 (class 1259 OID 91488)
-- Name: compras_lineacreditoproveedor_7ac33b97; Type: INDEX; Schema: public; Owner: sigbadmin; Tablespace: 
--

CREATE INDEX compras_lineacreditoproveedor_7ac33b97 ON compras_lineacreditoproveedor USING btree (proveedor_id);


--
-- TOC entry 2774 (class 1259 OID 117772)
-- Name: compras_lineacreditoproveedordetalle_d4ee6beb; Type: INDEX; Schema: public; Owner: sigbadmin; Tablespace: 
--

CREATE INDEX compras_lineacreditoproveedordetalle_d4ee6beb ON compras_lineacreditoproveedordetalle USING btree (linea_credito_proveedor_id);


--
-- TOC entry 2664 (class 1259 OID 91697)
-- Name: compras_ordencompra_4c873d9b; Type: INDEX; Schema: public; Owner: sigbadmin; Tablespace: 
--

CREATE INDEX compras_ordencompra_4c873d9b ON compras_ordencompra USING btree (estado_orden_compra_id);


--
-- TOC entry 2665 (class 1259 OID 118743)
-- Name: compras_ordencompra_c9571563; Type: INDEX; Schema: public; Owner: sigbadmin; Tablespace: 
--

CREATE INDEX compras_ordencompra_c9571563 ON compras_ordencompra USING btree (usuario_registro_orden_compra_id);


--
-- TOC entry 2666 (class 1259 OID 91711)
-- Name: compras_ordencompra_f3c39dab; Type: INDEX; Schema: public; Owner: sigbadmin; Tablespace: 
--

CREATE INDEX compras_ordencompra_f3c39dab ON compras_ordencompra USING btree (proveedor_orden_compra_id);


--
-- TOC entry 2667 (class 1259 OID 91698)
-- Name: compras_ordencompra_f89289f0; Type: INDEX; Schema: public; Owner: sigbadmin; Tablespace: 
--

CREATE INDEX compras_ordencompra_f89289f0 ON compras_ordencompra USING btree (forma_pago_orden_compra_id);


--
-- TOC entry 2670 (class 1259 OID 91709)
-- Name: compras_ordencompradetalle_5f8bb389; Type: INDEX; Schema: public; Owner: sigbadmin; Tablespace: 
--

CREATE INDEX compras_ordencompradetalle_5f8bb389 ON compras_ordencompradetalle USING btree (numero_orden_compra_id);


--
-- TOC entry 2671 (class 1259 OID 92474)
-- Name: compras_ordencompradetalle_a18768c6; Type: INDEX; Schema: public; Owner: sigbadmin; Tablespace: 
--

CREATE INDEX compras_ordencompradetalle_a18768c6 ON compras_ordencompradetalle USING btree (producto_orden_compra_id);


--
-- TOC entry 2753 (class 1259 OID 117650)
-- Name: compras_pagoproveedor_ea6f3a75; Type: INDEX; Schema: public; Owner: sigbadmin; Tablespace: 
--

CREATE INDEX compras_pagoproveedor_ea6f3a75 ON compras_pagoproveedor USING btree (factura_proveedor_id);


--
-- TOC entry 2660 (class 1259 OID 91470)
-- Name: compras_productoproveedor_7ac33b97; Type: INDEX; Schema: public; Owner: sigbadmin; Tablespace: 
--

CREATE INDEX compras_productoproveedor_7ac33b97 ON compras_productoproveedor USING btree (proveedor_id);


--
-- TOC entry 2661 (class 1259 OID 91451)
-- Name: compras_productoproveedor_bb91903a; Type: INDEX; Schema: public; Owner: sigbadmin; Tablespace: 
--

CREATE INDEX compras_productoproveedor_bb91903a ON compras_productoproveedor USING btree (producto_id);


--
-- TOC entry 2648 (class 1259 OID 108289)
-- Name: compras_proveedor_266085d5; Type: INDEX; Schema: public; Owner: sigbadmin; Tablespace: 
--

CREATE INDEX compras_proveedor_266085d5 ON compras_proveedor USING btree (pais_proveedor_id);


--
-- TOC entry 2649 (class 1259 OID 108283)
-- Name: compras_proveedor_65042eb5; Type: INDEX; Schema: public; Owner: sigbadmin; Tablespace: 
--

CREATE INDEX compras_proveedor_65042eb5 ON compras_proveedor USING btree (ciudad_proveedor_id);


--
-- TOC entry 2650 (class 1259 OID 92222)
-- Name: compras_proveedor_d6dd4c2d; Type: INDEX; Schema: public; Owner: sigbadmin; Tablespace: 
--

CREATE INDEX compras_proveedor_d6dd4c2d ON compras_proveedor USING btree (persona_proveedor_id);


--
-- TOC entry 2691 (class 1259 OID 100221)
-- Name: compras_proveedortelefono_7ac33b97; Type: INDEX; Schema: public; Owner: sigbadmin; Tablespace: 
--

CREATE INDEX compras_proveedortelefono_7ac33b97 ON compras_proveedortelefono USING btree (proveedor_id);


--
-- TOC entry 2692 (class 1259 OID 100219)
-- Name: compras_proveedortelefono_7fd5d860; Type: INDEX; Schema: public; Owner: sigbadmin; Tablespace: 
--

CREATE INDEX compras_proveedortelefono_7fd5d860 ON compras_proveedortelefono USING btree (codigo_operadora_telefono_id);


--
-- TOC entry 2693 (class 1259 OID 100220)
-- Name: compras_proveedortelefono_b2d1c229; Type: INDEX; Schema: public; Owner: sigbadmin; Tablespace: 
--

CREATE INDEX compras_proveedortelefono_b2d1c229 ON compras_proveedortelefono USING btree (codigo_pais_telefono_id);


--
-- TOC entry 2506 (class 1259 OID 49761)
-- Name: django_admin_log_417f1b1c; Type: INDEX; Schema: public; Owner: sigbadmin; Tablespace: 
--

CREATE INDEX django_admin_log_417f1b1c ON django_admin_log USING btree (content_type_id);


--
-- TOC entry 2507 (class 1259 OID 49762)
-- Name: django_admin_log_e8701ad4; Type: INDEX; Schema: public; Owner: sigbadmin; Tablespace: 
--

CREATE INDEX django_admin_log_e8701ad4 ON django_admin_log USING btree (user_id);


--
-- TOC entry 2556 (class 1259 OID 49971)
-- Name: django_session_de54fa62; Type: INDEX; Schema: public; Owner: sigbadmin; Tablespace: 
--

CREATE INDEX django_session_de54fa62 ON django_session USING btree (expire_date);


--
-- TOC entry 2559 (class 1259 OID 49972)
-- Name: django_session_session_key_630ca218_like; Type: INDEX; Schema: public; Owner: sigbadmin; Tablespace: 
--

CREATE INDEX django_session_session_key_630ca218_like ON django_session USING btree (session_key varchar_pattern_ops);


--
-- TOC entry 2539 (class 1259 OID 82181)
-- Name: personal_empleado_0201ed81; Type: INDEX; Schema: public; Owner: sigbadmin; Tablespace: 
--

CREATE INDEX personal_empleado_0201ed81 ON personal_empleado USING btree (ciudad_id);


--
-- TOC entry 2540 (class 1259 OID 82187)
-- Name: personal_empleado_847ec16e; Type: INDEX; Schema: public; Owner: sigbadmin; Tablespace: 
--

CREATE INDEX personal_empleado_847ec16e ON personal_empleado USING btree (pais_id);


--
-- TOC entry 2541 (class 1259 OID 73776)
-- Name: personal_empleado_932b6051; Type: INDEX; Schema: public; Owner: sigbadmin; Tablespace: 
--

CREATE INDEX personal_empleado_932b6051 ON personal_empleado USING btree (horario_id);


--
-- TOC entry 2542 (class 1259 OID 117853)
-- Name: personal_empleado_abfe0f96; Type: INDEX; Schema: public; Owner: sigbadmin; Tablespace: 
--

CREATE INDEX personal_empleado_abfe0f96 ON personal_empleado USING btree (usuario_id);


--
-- TOC entry 2543 (class 1259 OID 82227)
-- Name: personal_empleado_d036ebc9; Type: INDEX; Schema: public; Owner: sigbadmin; Tablespace: 
--

CREATE INDEX personal_empleado_d036ebc9 ON personal_empleado USING btree (cargo_id);


--
-- TOC entry 2548 (class 1259 OID 49961)
-- Name: personal_empleadodocumento_473dea9e; Type: INDEX; Schema: public; Owner: sigbadmin; Tablespace: 
--

CREATE INDEX personal_empleadodocumento_473dea9e ON personal_empleadodocumento USING btree (empleado_id);


--
-- TOC entry 2549 (class 1259 OID 49962)
-- Name: personal_empleadodocumento_b56f9865; Type: INDEX; Schema: public; Owner: sigbadmin; Tablespace: 
--

CREATE INDEX personal_empleadodocumento_b56f9865 ON personal_empleadodocumento USING btree (tipo_documento_id);


--
-- TOC entry 2630 (class 1259 OID 82000)
-- Name: personal_empleadotelefono_473dea9e; Type: INDEX; Schema: public; Owner: sigbadmin; Tablespace: 
--

CREATE INDEX personal_empleadotelefono_473dea9e ON personal_empleadotelefono USING btree (empleado_id);


--
-- TOC entry 2631 (class 1259 OID 100127)
-- Name: personal_empleadotelefono_7fd5d860; Type: INDEX; Schema: public; Owner: sigbadmin; Tablespace: 
--

CREATE INDEX personal_empleadotelefono_7fd5d860 ON personal_empleadotelefono USING btree (codigo_operadora_telefono_id);


--
-- TOC entry 2632 (class 1259 OID 81999)
-- Name: personal_empleadotelefono_b2d1c229; Type: INDEX; Schema: public; Owner: sigbadmin; Tablespace: 
--

CREATE INDEX personal_empleadotelefono_b2d1c229 ON personal_empleadotelefono USING btree (codigo_pais_telefono_id);


--
-- TOC entry 2564 (class 1259 OID 108830)
-- Name: stock_producto_3f824484; Type: INDEX; Schema: public; Owner: sigbadmin; Tablespace: 
--

CREATE INDEX stock_producto_3f824484 ON stock_producto USING btree (unidad_medida_compra_id);


--
-- TOC entry 2565 (class 1259 OID 92150)
-- Name: stock_producto_9ef96962; Type: INDEX; Schema: public; Owner: sigbadmin; Tablespace: 
--

CREATE INDEX stock_producto_9ef96962 ON stock_producto USING btree (subcategoria_id);


--
-- TOC entry 2566 (class 1259 OID 65695)
-- Name: stock_producto_ab4462f4; Type: INDEX; Schema: public; Owner: sigbadmin; Tablespace: 
--

CREATE INDEX stock_producto_ab4462f4 ON stock_producto USING btree (tipo_producto_id);


--
-- TOC entry 2567 (class 1259 OID 57539)
-- Name: stock_producto_daf3833b; Type: INDEX; Schema: public; Owner: sigbadmin; Tablespace: 
--

CREATE INDEX stock_producto_daf3833b ON stock_producto USING btree (categoria_id);


--
-- TOC entry 2738 (class 1259 OID 118068)
-- Name: stock_productocompuestodetalle_bb91903a; Type: INDEX; Schema: public; Owner: sigbadmin; Tablespace: 
--

CREATE INDEX stock_productocompuestodetalle_bb91903a ON stock_productocompuestodetalle USING btree (producto_id);


--
-- TOC entry 2739 (class 1259 OID 118074)
-- Name: stock_productocompuestodetalle_c7225fb9; Type: INDEX; Schema: public; Owner: sigbadmin; Tablespace: 
--

CREATE INDEX stock_productocompuestodetalle_c7225fb9 ON stock_productocompuestodetalle USING btree (producto_compuesto_id);


--
-- TOC entry 2733 (class 1259 OID 109085)
-- Name: stock_stock_11d79d11; Type: INDEX; Schema: public; Owner: sigbadmin; Tablespace: 
--

CREATE INDEX stock_stock_11d79d11 ON stock_stock USING btree (producto_stock_id);


--
-- TOC entry 2742 (class 1259 OID 118592)
-- Name: stock_stockdetalle_4c427ce4; Type: INDEX; Schema: public; Owner: sigbadmin; Tablespace: 
--

CREATE INDEX stock_stockdetalle_4c427ce4 ON stock_stockdetalle USING btree (ubicacion_destino_id);


--
-- TOC entry 2743 (class 1259 OID 117542)
-- Name: stock_stockdetalle_88e82677; Type: INDEX; Schema: public; Owner: sigbadmin; Tablespace: 
--

CREATE INDEX stock_stockdetalle_88e82677 ON stock_stockdetalle USING btree (tipo_movimiento_id);


--
-- TOC entry 2744 (class 1259 OID 116485)
-- Name: stock_stockdetalle_aff86b81; Type: INDEX; Schema: public; Owner: sigbadmin; Tablespace: 
--

CREATE INDEX stock_stockdetalle_aff86b81 ON stock_stockdetalle USING btree (stock_id);


--
-- TOC entry 2745 (class 1259 OID 118598)
-- Name: stock_stockdetalle_f65389a6; Type: INDEX; Schema: public; Owner: sigbadmin; Tablespace: 
--

CREATE INDEX stock_stockdetalle_f65389a6 ON stock_stockdetalle USING btree (ubicacion_origen_id);


--
-- TOC entry 2790 (class 1259 OID 118469)
-- Name: stock_transferenciastock_3d8dc20f; Type: INDEX; Schema: public; Owner: sigbadmin; Tablespace: 
--

CREATE INDEX stock_transferenciastock_3d8dc20f ON stock_transferenciastock USING btree (deposito_solicitante_transferencia_id);


--
-- TOC entry 2791 (class 1259 OID 118473)
-- Name: stock_transferenciastock_8f33b7c5; Type: INDEX; Schema: public; Owner: sigbadmin; Tablespace: 
--

CREATE INDEX stock_transferenciastock_8f33b7c5 ON stock_transferenciastock USING btree (usuario_solicitante_transferencia_id);


--
-- TOC entry 2792 (class 1259 OID 118471)
-- Name: stock_transferenciastock_a5f0ecfb; Type: INDEX; Schema: public; Owner: sigbadmin; Tablespace: 
--

CREATE INDEX stock_transferenciastock_a5f0ecfb ON stock_transferenciastock USING btree (producto_transferencia_id);


--
-- TOC entry 2793 (class 1259 OID 118468)
-- Name: stock_transferenciastock_b38891be; Type: INDEX; Schema: public; Owner: sigbadmin; Tablespace: 
--

CREATE INDEX stock_transferenciastock_b38891be ON stock_transferenciastock USING btree (deposito_proveedor_transferencia_id);


--
-- TOC entry 2794 (class 1259 OID 118472)
-- Name: stock_transferenciastock_f0a9390b; Type: INDEX; Schema: public; Owner: sigbadmin; Tablespace: 
--

CREATE INDEX stock_transferenciastock_f0a9390b ON stock_transferenciastock USING btree (usuario_autorizante_transferencia_id);


--
-- TOC entry 2795 (class 1259 OID 118470)
-- Name: stock_transferenciastock_fe465027; Type: INDEX; Schema: public; Owner: sigbadmin; Tablespace: 
--

CREATE INDEX stock_transferenciastock_fe465027 ON stock_transferenciastock USING btree (estado_transferencia_id);


--
-- TOC entry 2713 (class 1259 OID 108981)
-- Name: ventas_aperturacaja_00f81d68; Type: INDEX; Schema: public; Owner: sigbadmin; Tablespace: 
--

CREATE INDEX ventas_aperturacaja_00f81d68 ON ventas_aperturacaja USING btree (caja_id);


--
-- TOC entry 2714 (class 1259 OID 108982)
-- Name: ventas_aperturacaja_dc44dec3; Type: INDEX; Schema: public; Owner: sigbadmin; Tablespace: 
--

CREATE INDEX ventas_aperturacaja_dc44dec3 ON ventas_aperturacaja USING btree (cajero_id);


--
-- TOC entry 2785 (class 1259 OID 118193)
-- Name: ventas_comanda_ba28100a; Type: INDEX; Schema: public; Owner: sigbadmin; Tablespace: 
--

CREATE INDEX ventas_comanda_ba28100a ON ventas_comanda USING btree (producto_a_elaborar_id);


--
-- TOC entry 2572 (class 1259 OID 116757)
-- Name: ventas_pedido_7faa80b1; Type: INDEX; Schema: public; Owner: sigbadmin; Tablespace: 
--

CREATE INDEX ventas_pedido_7faa80b1 ON ventas_pedido USING btree (reserva_id);


--
-- TOC entry 2573 (class 1259 OID 109037)
-- Name: ventas_pedido_8131720e; Type: INDEX; Schema: public; Owner: sigbadmin; Tablespace: 
--

CREATE INDEX ventas_pedido_8131720e ON ventas_pedido USING btree (mozo_pedido_id);


--
-- TOC entry 2574 (class 1259 OID 109031)
-- Name: ventas_pedido_9e919978; Type: INDEX; Schema: public; Owner: sigbadmin; Tablespace: 
--

CREATE INDEX ventas_pedido_9e919978 ON ventas_pedido USING btree (estado_pedido_id);


--
-- TOC entry 2756 (class 1259 OID 117331)
-- Name: ventas_pedido_mesa_pedido_05432d71; Type: INDEX; Schema: public; Owner: sigbadmin; Tablespace: 
--

CREATE INDEX ventas_pedido_mesa_pedido_05432d71 ON ventas_pedido_mesa_pedido USING btree (mesa_id);


--
-- TOC entry 2757 (class 1259 OID 117330)
-- Name: ventas_pedido_mesa_pedido_8253d097; Type: INDEX; Schema: public; Owner: sigbadmin; Tablespace: 
--

CREATE INDEX ventas_pedido_mesa_pedido_8253d097 ON ventas_pedido_mesa_pedido USING btree (pedido_id);


--
-- TOC entry 2577 (class 1259 OID 57811)
-- Name: ventas_pedidodetalle_8253d097; Type: INDEX; Schema: public; Owner: sigbadmin; Tablespace: 
--

CREATE INDEX ventas_pedidodetalle_8253d097 ON ventas_pedidodetalle USING btree (pedido_id);


--
-- TOC entry 2578 (class 1259 OID 57812)
-- Name: ventas_pedidodetalle_bb91903a; Type: INDEX; Schema: public; Owner: sigbadmin; Tablespace: 
--

CREATE INDEX ventas_pedidodetalle_bb91903a ON ventas_pedidodetalle USING btree (producto_pedido_id);


--
-- TOC entry 2717 (class 1259 OID 116671)
-- Name: ventas_venta_00f81d68; Type: INDEX; Schema: public; Owner: sigbadmin; Tablespace: 
--

CREATE INDEX ventas_venta_00f81d68 ON ventas_venta USING btree (caja_id);


--
-- TOC entry 2718 (class 1259 OID 109010)
-- Name: ventas_venta_439aeb9b; Type: INDEX; Schema: public; Owner: sigbadmin; Tablespace: 
--

CREATE INDEX ventas_venta_439aeb9b ON ventas_venta USING btree (estado_venta_id);


--
-- TOC entry 2719 (class 1259 OID 109008)
-- Name: ventas_venta_4a860110; Type: INDEX; Schema: public; Owner: sigbadmin; Tablespace: 
--

CREATE INDEX ventas_venta_4a860110 ON ventas_venta USING btree (cliente_id);


--
-- TOC entry 2720 (class 1259 OID 117202)
-- Name: ventas_venta_4eb18fbf; Type: INDEX; Schema: public; Owner: sigbadmin; Tablespace: 
--

CREATE INDEX ventas_venta_4eb18fbf ON ventas_venta USING btree (numero_pedido_id);


--
-- TOC entry 2721 (class 1259 OID 109012)
-- Name: ventas_venta_7faa80b1; Type: INDEX; Schema: public; Owner: sigbadmin; Tablespace: 
--

CREATE INDEX ventas_venta_7faa80b1 ON ventas_venta USING btree (reserva_id);


--
-- TOC entry 2722 (class 1259 OID 116643)
-- Name: ventas_venta_8ab414ce; Type: INDEX; Schema: public; Owner: sigbadmin; Tablespace: 
--

CREATE INDEX ventas_venta_8ab414ce ON ventas_venta USING btree (numero_factura_venta_id);


--
-- TOC entry 2723 (class 1259 OID 109011)
-- Name: ventas_venta_b81ac747; Type: INDEX; Schema: public; Owner: sigbadmin; Tablespace: 
--

CREATE INDEX ventas_venta_b81ac747 ON ventas_venta USING btree (forma_pago_id);


--
-- TOC entry 2724 (class 1259 OID 116763)
-- Name: ventas_venta_e8f8b1ef; Type: INDEX; Schema: public; Owner: sigbadmin; Tablespace: 
--

CREATE INDEX ventas_venta_e8f8b1ef ON ventas_venta USING btree (empresa_id);


--
-- TOC entry 2729 (class 1259 OID 109029)
-- Name: ventas_ventadetalle_7195cb8c; Type: INDEX; Schema: public; Owner: sigbadmin; Tablespace: 
--

CREATE INDEX ventas_ventadetalle_7195cb8c ON ventas_ventadetalle USING btree (producto_venta_id);


--
-- TOC entry 2730 (class 1259 OID 109030)
-- Name: ventas_ventadetalle_a3d89257; Type: INDEX; Schema: public; Owner: sigbadmin; Tablespace: 
--

CREATE INDEX ventas_ventadetalle_a3d89257 ON ventas_ventadetalle USING btree (venta_id);


--
-- TOC entry 2850 (class 2606 OID 116881)
-- Name: D0d7262e6df365b8c471421781856e2a; Type: FK CONSTRAINT; Schema: public; Owner: sigbadmin
--

ALTER TABLE ONLY personal_empleadotelefono
    ADD CONSTRAINT "D0d7262e6df365b8c471421781856e2a" FOREIGN KEY (codigo_operadora_telefono_id) REFERENCES bar_codigooperadoratelefono(id) DEFERRABLE INITIALLY DEFERRED;


--
-- TOC entry 2862 (class 2606 OID 118744)
-- Name: D1f265038636f635d06bad8318272753; Type: FK CONSTRAINT; Schema: public; Owner: sigbadmin
--

ALTER TABLE ONLY compras_ordencompra
    ADD CONSTRAINT "D1f265038636f635d06bad8318272753" FOREIGN KEY (usuario_registro_orden_compra_id) REFERENCES personal_empleado(usuario_id) DEFERRABLE INITIALLY DEFERRED;


--
-- TOC entry 2871 (class 2606 OID 117815)
-- Name: D2b525b5a6bc3d02f4c5fd1f83575f16; Type: FK CONSTRAINT; Schema: public; Owner: sigbadmin
--

ALTER TABLE ONLY compras_compra
    ADD CONSTRAINT "D2b525b5a6bc3d02f4c5fd1f83575f16" FOREIGN KEY (numero_orden_compra_id) REFERENCES compras_ordencompra(numero_orden_compra) DEFERRABLE INITIALLY DEFERRED;


--
-- TOC entry 2906 (class 2606 OID 118511)
-- Name: D2e0a906e56a1526912f76cf2ee6be62; Type: FK CONSTRAINT; Schema: public; Owner: sigbadmin
--

ALTER TABLE ONLY stock_transferenciastock
    ADD CONSTRAINT "D2e0a906e56a1526912f76cf2ee6be62" FOREIGN KEY (usuario_solicitante_transferencia_id) REFERENCES personal_empleado(usuario_id) DEFERRABLE INITIALLY DEFERRED;


--
-- TOC entry 2903 (class 2606 OID 117773)
-- Name: D35dbc11058f8855004a51675419be91; Type: FK CONSTRAINT; Schema: public; Owner: sigbadmin
--

ALTER TABLE ONLY compras_lineacreditoproveedordetalle
    ADD CONSTRAINT "D35dbc11058f8855004a51675419be91" FOREIGN KEY (linea_credito_proveedor_id) REFERENCES compras_lineacreditoproveedor(id) DEFERRABLE INITIALLY DEFERRED;


--
-- TOC entry 2905 (class 2606 OID 118520)
-- Name: D70ec80e046c42e6e3e9efe825e55b42; Type: FK CONSTRAINT; Schema: public; Owner: sigbadmin
--

ALTER TABLE ONLY stock_transferenciastock
    ADD CONSTRAINT "D70ec80e046c42e6e3e9efe825e55b42" FOREIGN KEY (usuario_autorizante_transferencia_id) REFERENCES personal_empleado(usuario_id) DEFERRABLE INITIALLY DEFERRED;


--
-- TOC entry 2864 (class 2606 OID 92448)
-- Name: aea9b0c940802a03f418ce37b1851a2b; Type: FK CONSTRAINT; Schema: public; Owner: sigbadmin
--

ALTER TABLE ONLY compras_ordencompradetalle
    ADD CONSTRAINT aea9b0c940802a03f418ce37b1851a2b FOREIGN KEY (numero_orden_compra_id) REFERENCES compras_ordencompra(numero_orden_compra) DEFERRABLE INITIALLY DEFERRED;


--
-- TOC entry 2808 (class 2606 OID 49707)
-- Name: auth_group_permiss_permission_id_23962d04_fk_auth_permission_id; Type: FK CONSTRAINT; Schema: public; Owner: sigbadmin
--

ALTER TABLE ONLY auth_group_permissions
    ADD CONSTRAINT auth_group_permiss_permission_id_23962d04_fk_auth_permission_id FOREIGN KEY (permission_id) REFERENCES auth_permission(id) DEFERRABLE INITIALLY DEFERRED;


--
-- TOC entry 2807 (class 2606 OID 49702)
-- Name: auth_group_permissions_group_id_58c48ba9_fk_auth_group_id; Type: FK CONSTRAINT; Schema: public; Owner: sigbadmin
--

ALTER TABLE ONLY auth_group_permissions
    ADD CONSTRAINT auth_group_permissions_group_id_58c48ba9_fk_auth_group_id FOREIGN KEY (group_id) REFERENCES auth_group(id) DEFERRABLE INITIALLY DEFERRED;


--
-- TOC entry 2806 (class 2606 OID 49695)
-- Name: auth_permiss_content_type_id_51277a81_fk_django_content_type_id; Type: FK CONSTRAINT; Schema: public; Owner: sigbadmin
--

ALTER TABLE ONLY auth_permission
    ADD CONSTRAINT auth_permiss_content_type_id_51277a81_fk_django_content_type_id FOREIGN KEY (content_type_id) REFERENCES django_content_type(id) DEFERRABLE INITIALLY DEFERRED;


--
-- TOC entry 2810 (class 2606 OID 49720)
-- Name: auth_user_groups_group_id_30a071c9_fk_auth_group_id; Type: FK CONSTRAINT; Schema: public; Owner: sigbadmin
--

ALTER TABLE ONLY auth_user_groups
    ADD CONSTRAINT auth_user_groups_group_id_30a071c9_fk_auth_group_id FOREIGN KEY (group_id) REFERENCES auth_group(id) DEFERRABLE INITIALLY DEFERRED;


--
-- TOC entry 2809 (class 2606 OID 49715)
-- Name: auth_user_groups_user_id_24702650_fk_auth_user_id; Type: FK CONSTRAINT; Schema: public; Owner: sigbadmin
--

ALTER TABLE ONLY auth_user_groups
    ADD CONSTRAINT auth_user_groups_user_id_24702650_fk_auth_user_id FOREIGN KEY (user_id) REFERENCES auth_user(id) DEFERRABLE INITIALLY DEFERRED;


--
-- TOC entry 2812 (class 2606 OID 49732)
-- Name: auth_user_user_per_permission_id_3d7071f0_fk_auth_permission_id; Type: FK CONSTRAINT; Schema: public; Owner: sigbadmin
--

ALTER TABLE ONLY auth_user_user_permissions
    ADD CONSTRAINT auth_user_user_per_permission_id_3d7071f0_fk_auth_permission_id FOREIGN KEY (permission_id) REFERENCES auth_permission(id) DEFERRABLE INITIALLY DEFERRED;


--
-- TOC entry 2811 (class 2606 OID 49727)
-- Name: auth_user_user_permissions_user_id_7cd7acb6_fk_auth_user_id; Type: FK CONSTRAINT; Schema: public; Owner: sigbadmin
--

ALTER TABLE ONLY auth_user_user_permissions
    ADD CONSTRAINT auth_user_user_permissions_user_id_7cd7acb6_fk_auth_user_id FOREIGN KEY (user_id) REFERENCES auth_user(id) DEFERRABLE INITIALLY DEFERRED;


--
-- TOC entry 2907 (class 2606 OID 118497)
-- Name: b5a2c6e5f13afe24cdf61096b1bd8cfa; Type: FK CONSTRAINT; Schema: public; Owner: sigbadmin
--

ALTER TABLE ONLY stock_transferenciastock
    ADD CONSTRAINT b5a2c6e5f13afe24cdf61096b1bd8cfa FOREIGN KEY (estado_transferencia_id) REFERENCES bar_transferenciastockestado(id) DEFERRABLE INITIALLY DEFERRED;


--
-- TOC entry 2867 (class 2606 OID 108614)
-- Name: ba_codigo_pais_telefono_id_963401b_fk_bar_codigopaistelefono_id; Type: FK CONSTRAINT; Schema: public; Owner: sigbadmin
--

ALTER TABLE ONLY bar_codigooperadoratelefono
    ADD CONSTRAINT ba_codigo_pais_telefono_id_963401b_fk_bar_codigopaistelefono_id FOREIGN KEY (codigo_pais_telefono_id) REFERENCES bar_codigopaistelefono(id) DEFERRABLE INITIALLY DEFERRED;


--
-- TOC entry 2840 (class 2606 OID 65589)
-- Name: bar_caja_estado_id_4b8f572d_fk_bar_cajaestado_id; Type: FK CONSTRAINT; Schema: public; Owner: sigbadmin
--

ALTER TABLE ONLY bar_caja
    ADD CONSTRAINT bar_caja_estado_id_4b8f572d_fk_bar_cajaestado_id FOREIGN KEY (estado_id) REFERENCES bar_cajaestado(id) DEFERRABLE INITIALLY DEFERRED;


--
-- TOC entry 2841 (class 2606 OID 108559)
-- Name: bar_caja_ubicacion_id_4731cf41_fk_bar_cajaubicacion_id; Type: FK CONSTRAINT; Schema: public; Owner: sigbadmin
--

ALTER TABLE ONLY bar_caja
    ADD CONSTRAINT bar_caja_ubicacion_id_4731cf41_fk_bar_cajaubicacion_id FOREIGN KEY (ubicacion_id) REFERENCES bar_cajaubicacion(id) DEFERRABLE INITIALLY DEFERRED;


--
-- TOC entry 2852 (class 2606 OID 82025)
-- Name: bar_ciudad_pais_id_7be4480d_fk_bar_pais_id; Type: FK CONSTRAINT; Schema: public; Owner: sigbadmin
--

ALTER TABLE ONLY bar_ciudad
    ADD CONSTRAINT bar_ciudad_pais_id_7be4480d_fk_bar_pais_id FOREIGN KEY (pais_id) REFERENCES bar_pais(id) DEFERRABLE INITIALLY DEFERRED;


--
-- TOC entry 2845 (class 2606 OID 108110)
-- Name: bar_codigopaistelefono_pais_id_4f5ba465_fk_bar_pais_id; Type: FK CONSTRAINT; Schema: public; Owner: sigbadmin
--

ALTER TABLE ONLY bar_codigopaistelefono
    ADD CONSTRAINT bar_codigopaistelefono_pais_id_4f5ba465_fk_bar_pais_id FOREIGN KEY (pais_id) REFERENCES bar_pais(id) DEFERRABLE INITIALLY DEFERRED;


--
-- TOC entry 2844 (class 2606 OID 73806)
-- Name: bar_cotizacion_moneda_id_6138e11d_fk_bar_moneda_id; Type: FK CONSTRAINT; Schema: public; Owner: sigbadmin
--

ALTER TABLE ONLY bar_cotizacion
    ADD CONSTRAINT bar_cotizacion_moneda_id_6138e11d_fk_bar_moneda_id FOREIGN KEY (moneda_id) REFERENCES bar_moneda(id) DEFERRABLE INITIALLY DEFERRED;


--
-- TOC entry 2866 (class 2606 OID 92259)
-- Name: bar_deposito_tipo_deposito_id_6835f200_fk_bar_tipodeposito_id; Type: FK CONSTRAINT; Schema: public; Owner: sigbadmin
--

ALTER TABLE ONLY bar_deposito
    ADD CONSTRAINT bar_deposito_tipo_deposito_id_6835f200_fk_bar_tipodeposito_id FOREIGN KEY (tipo_deposito_id) REFERENCES bar_tipodeposito(id) DEFERRABLE INITIALLY DEFERRED;


--
-- TOC entry 2911 (class 2606 OID 118643)
-- Name: bar_fac_empresa_id_4abfe298_fk_compras_empresa_proveedor_ptr_id; Type: FK CONSTRAINT; Schema: public; Owner: sigbadmin
--

ALTER TABLE ONLY bar_facturaventa
    ADD CONSTRAINT bar_fac_empresa_id_4abfe298_fk_compras_empresa_proveedor_ptr_id FOREIGN KEY (empresa_id) REFERENCES compras_empresa(proveedor_ptr_id) DEFERRABLE INITIALLY DEFERRED;


--
-- TOC entry 2912 (class 2606 OID 118637)
-- Name: bar_facturaventa_caja_id_d2e5bb_fk_bar_caja_id; Type: FK CONSTRAINT; Schema: public; Owner: sigbadmin
--

ALTER TABLE ONLY bar_facturaventa
    ADD CONSTRAINT bar_facturaventa_caja_id_d2e5bb_fk_bar_caja_id FOREIGN KEY (caja_id) REFERENCES bar_caja(id) DEFERRABLE INITIALLY DEFERRED;


--
-- TOC entry 2842 (class 2606 OID 65595)
-- Name: bar_mesa_estado_id_653550d2_fk_bar_mesaestado_id; Type: FK CONSTRAINT; Schema: public; Owner: sigbadmin
--

ALTER TABLE ONLY bar_mesa
    ADD CONSTRAINT bar_mesa_estado_id_653550d2_fk_bar_mesaestado_id FOREIGN KEY (estado_id) REFERENCES bar_mesaestado(id) DEFERRABLE INITIALLY DEFERRED;


--
-- TOC entry 2843 (class 2606 OID 65602)
-- Name: bar_mesa_ubicacion_id_440ead72_fk_bar_mesaubicacion_id; Type: FK CONSTRAINT; Schema: public; Owner: sigbadmin
--

ALTER TABLE ONLY bar_mesa
    ADD CONSTRAINT bar_mesa_ubicacion_id_440ead72_fk_bar_mesaubicacion_id FOREIGN KEY (ubicacion_id) REFERENCES bar_mesaubicacion(id) DEFERRABLE INITIALLY DEFERRED;


--
-- TOC entry 2865 (class 2606 OID 108476)
-- Name: bar_subcatego_categoria_id_708e7891_fk_bar_categoriaproducto_id; Type: FK CONSTRAINT; Schema: public; Owner: sigbadmin
--

ALTER TABLE ONLY bar_subcategoriaproducto
    ADD CONSTRAINT bar_subcatego_categoria_id_708e7891_fk_bar_categoriaproducto_id FOREIGN KEY (categoria_id) REFERENCES bar_categoriaproducto(id) DEFERRABLE INITIALLY DEFERRED;


--
-- TOC entry 2875 (class 2606 OID 118738)
-- Name: c9b812198246b774db131ef9ec19f26e; Type: FK CONSTRAINT; Schema: public; Owner: sigbadmin
--

ALTER TABLE ONLY compras_compra
    ADD CONSTRAINT c9b812198246b774db131ef9ec19f26e FOREIGN KEY (usuario_registro_compra_id) REFERENCES personal_empleado(usuario_id) DEFERRABLE INITIALLY DEFERRED;


--
-- TOC entry 2848 (class 2606 OID 108122)
-- Name: c_codigo_pais_telefono_id_38e4c010_fk_bar_codigopaistelefono_id; Type: FK CONSTRAINT; Schema: public; Owner: sigbadmin
--

ALTER TABLE ONLY clientes_clientetelefono
    ADD CONSTRAINT c_codigo_pais_telefono_id_38e4c010_fk_bar_codigopaistelefono_id FOREIGN KEY (codigo_pais_telefono_id) REFERENCES bar_codigopaistelefono(id) DEFERRABLE INITIALLY DEFERRED;


--
-- TOC entry 2870 (class 2606 OID 108137)
-- Name: c_codigo_pais_telefono_id_6ac7b253_fk_bar_codigopaistelefono_id; Type: FK CONSTRAINT; Schema: public; Owner: sigbadmin
--

ALTER TABLE ONLY compras_proveedortelefono
    ADD CONSTRAINT c_codigo_pais_telefono_id_6ac7b253_fk_bar_codigopaistelefono_id FOREIGN KEY (codigo_pais_telefono_id) REFERENCES bar_codigopaistelefono(id) DEFERRABLE INITIALLY DEFERRED;


--
-- TOC entry 2860 (class 2606 OID 91874)
-- Name: c_forma_pago_orden_compra_id_3c2e8af5_fk_bar_formapagocompra_id; Type: FK CONSTRAINT; Schema: public; Owner: sigbadmin
--

ALTER TABLE ONLY compras_ordencompra
    ADD CONSTRAINT c_forma_pago_orden_compra_id_3c2e8af5_fk_bar_formapagocompra_id FOREIGN KEY (forma_pago_orden_compra_id) REFERENCES bar_formapagocompra(id) DEFERRABLE INITIALLY DEFERRED;


--
-- TOC entry 2910 (class 2606 OID 118438)
-- Name: ce7c4c597da1cdde28ac501c510fc357; Type: FK CONSTRAINT; Schema: public; Owner: sigbadmin
--

ALTER TABLE ONLY stock_transferenciastock
    ADD CONSTRAINT ce7c4c597da1cdde28ac501c510fc357 FOREIGN KEY (deposito_proveedor_transferencia_id) REFERENCES bar_deposito(id) DEFERRABLE INITIALLY DEFERRED;


--
-- TOC entry 2815 (class 2606 OID 117963)
-- Name: clientes_cliente_ciudad_id_7e73d17e_fk_bar_ciudad_id; Type: FK CONSTRAINT; Schema: public; Owner: sigbadmin
--

ALTER TABLE ONLY clientes_cliente
    ADD CONSTRAINT clientes_cliente_ciudad_id_7e73d17e_fk_bar_ciudad_id FOREIGN KEY (ciudad_id) REFERENCES bar_ciudad(id) DEFERRABLE INITIALLY DEFERRED;


--
-- TOC entry 2816 (class 2606 OID 117968)
-- Name: clientes_cliente_pais_id_385feb0f_fk_bar_pais_id; Type: FK CONSTRAINT; Schema: public; Owner: sigbadmin
--

ALTER TABLE ONLY clientes_cliente
    ADD CONSTRAINT clientes_cliente_pais_id_385feb0f_fk_bar_pais_id FOREIGN KEY (pais_id) REFERENCES bar_pais(id) DEFERRABLE INITIALLY DEFERRED;


--
-- TOC entry 2818 (class 2606 OID 126065)
-- Name: clientes_cliented_tipo_documento_id_7751fc4_fk_bar_documento_id; Type: FK CONSTRAINT; Schema: public; Owner: sigbadmin
--

ALTER TABLE ONLY clientes_clientedocumento
    ADD CONSTRAINT clientes_cliented_tipo_documento_id_7751fc4_fk_bar_documento_id FOREIGN KEY (tipo_documento_id) REFERENCES bar_documento(id) DEFERRABLE INITIALLY DEFERRED;


--
-- TOC entry 2817 (class 2606 OID 49888)
-- Name: clientes_clientedocu_cliente_id_336e9a0e_fk_clientes_cliente_id; Type: FK CONSTRAINT; Schema: public; Owner: sigbadmin
--

ALTER TABLE ONLY clientes_clientedocumento
    ADD CONSTRAINT clientes_clientedocu_cliente_id_336e9a0e_fk_clientes_cliente_id FOREIGN KEY (cliente_id) REFERENCES clientes_cliente(id) DEFERRABLE INITIALLY DEFERRED;


--
-- TOC entry 2846 (class 2606 OID 81950)
-- Name: clientes_clientetele_cliente_id_71b23103_fk_clientes_cliente_id; Type: FK CONSTRAINT; Schema: public; Owner: sigbadmin
--

ALTER TABLE ONLY clientes_clientetelefono
    ADD CONSTRAINT clientes_clientetele_cliente_id_71b23103_fk_clientes_cliente_id FOREIGN KEY (cliente_id) REFERENCES clientes_cliente(id) DEFERRABLE INITIALLY DEFERRED;


--
-- TOC entry 2819 (class 2606 OID 118296)
-- Name: clientes_r_usuario_registro_id_1bb4d61e_fk_personal_empleado_id; Type: FK CONSTRAINT; Schema: public; Owner: sigbadmin
--

ALTER TABLE ONLY clientes_reserva
    ADD CONSTRAINT clientes_r_usuario_registro_id_1bb4d61e_fk_personal_empleado_id FOREIGN KEY (usuario_registro_id) REFERENCES personal_empleado(id) DEFERRABLE INITIALLY DEFERRED;


--
-- TOC entry 2820 (class 2606 OID 117060)
-- Name: clientes_reserva_cliente_id_22bd3141_fk_clientes_cliente_id; Type: FK CONSTRAINT; Schema: public; Owner: sigbadmin
--

ALTER TABLE ONLY clientes_reserva
    ADD CONSTRAINT clientes_reserva_cliente_id_22bd3141_fk_clientes_cliente_id FOREIGN KEY (cliente_id) REFERENCES clientes_cliente(id) DEFERRABLE INITIALLY DEFERRED;


--
-- TOC entry 2821 (class 2606 OID 117066)
-- Name: clientes_reserva_estado_id_7dc508b6_fk_bar_reservaestado_id; Type: FK CONSTRAINT; Schema: public; Owner: sigbadmin
--

ALTER TABLE ONLY clientes_reserva
    ADD CONSTRAINT clientes_reserva_estado_id_7dc508b6_fk_bar_reservaestado_id FOREIGN KEY (estado_id) REFERENCES bar_reservaestado(id) DEFERRABLE INITIALLY DEFERRED;


--
-- TOC entry 2823 (class 2606 OID 117076)
-- Name: clientes_reserva_mes_reserva_id_64c50501_fk_clientes_reserva_id; Type: FK CONSTRAINT; Schema: public; Owner: sigbadmin
--

ALTER TABLE ONLY clientes_reserva_mesas
    ADD CONSTRAINT clientes_reserva_mes_reserva_id_64c50501_fk_clientes_reserva_id FOREIGN KEY (reserva_id) REFERENCES clientes_reserva(id) DEFERRABLE INITIALLY DEFERRED;


--
-- TOC entry 2822 (class 2606 OID 117071)
-- Name: clientes_reserva_mesas_mesa_id_6e4478de_fk_bar_mesa_id; Type: FK CONSTRAINT; Schema: public; Owner: sigbadmin
--

ALTER TABLE ONLY clientes_reserva_mesas
    ADD CONSTRAINT clientes_reserva_mesas_mesa_id_6e4478de_fk_bar_mesa_id FOREIGN KEY (mesa_id) REFERENCES bar_mesa(id) DEFERRABLE INITIALLY DEFERRED;


--
-- TOC entry 2861 (class 2606 OID 118314)
-- Name: com_estado_orden_compra_id_5afb9ee8_fk_bar_ordencompraestado_id; Type: FK CONSTRAINT; Schema: public; Owner: sigbadmin
--

ALTER TABLE ONLY compras_ordencompra
    ADD CONSTRAINT com_estado_orden_compra_id_5afb9ee8_fk_bar_ordencompraestado_id FOREIGN KEY (estado_orden_compra_id) REFERENCES bar_ordencompraestado(id) DEFERRABLE INITIALLY DEFERRED;


--
-- TOC entry 2896 (class 2606 OID 117651)
-- Name: com_factura_proveedor_id_e966a36_fk_compras_facturaproveedor_id; Type: FK CONSTRAINT; Schema: public; Owner: sigbadmin
--

ALTER TABLE ONLY compras_pagoproveedor
    ADD CONSTRAINT com_factura_proveedor_id_e966a36_fk_compras_facturaproveedor_id FOREIGN KEY (factura_proveedor_id) REFERENCES compras_facturaproveedor(id) DEFERRABLE INITIALLY DEFERRED;


--
-- TOC entry 2902 (class 2606 OID 117645)
-- Name: com_tipo_factura_compra_id_10771bc5_fk_bar_tipofacturacompra_id; Type: FK CONSTRAINT; Schema: public; Owner: sigbadmin
--

ALTER TABLE ONLY compras_facturaproveedor
    ADD CONSTRAINT com_tipo_factura_compra_id_10771bc5_fk_bar_tipofacturacompra_id FOREIGN KEY (tipo_factura_compra_id) REFERENCES bar_tipofacturacompra(id) DEFERRABLE INITIALLY DEFERRED;


--
-- TOC entry 2873 (class 2606 OID 118412)
-- Name: com_tipo_factura_compra_id_5de15f99_fk_bar_tipofacturacompra_id; Type: FK CONSTRAINT; Schema: public; Owner: sigbadmin
--

ALTER TABLE ONLY compras_compra
    ADD CONSTRAINT com_tipo_factura_compra_id_5de15f99_fk_bar_tipofacturacompra_id FOREIGN KEY (tipo_factura_compra_id) REFERENCES bar_tipofacturacompra(id) DEFERRABLE INITIALLY DEFERRED;


--
-- TOC entry 2876 (class 2606 OID 108185)
-- Name: compr_numero_compra_id_3a1237bc_fk_compras_compra_numero_compra; Type: FK CONSTRAINT; Schema: public; Owner: sigbadmin
--

ALTER TABLE ONLY compras_compradetalle
    ADD CONSTRAINT compr_numero_compra_id_3a1237bc_fk_compras_compra_numero_compra FOREIGN KEY (numero_compra_id) REFERENCES compras_compra(numero_compra) DEFERRABLE INITIALLY DEFERRED;


--
-- TOC entry 2859 (class 2606 OID 92280)
-- Name: compr_proveedor_orden_compra_id_1985c7f_fk_compras_proveedor_id; Type: FK CONSTRAINT; Schema: public; Owner: sigbadmin
--

ALTER TABLE ONLY compras_ordencompra
    ADD CONSTRAINT compr_proveedor_orden_compra_id_1985c7f_fk_compras_proveedor_id FOREIGN KEY (proveedor_orden_compra_id) REFERENCES compras_proveedor(id) DEFERRABLE INITIALLY DEFERRED;


--
-- TOC entry 2901 (class 2606 OID 117639)
-- Name: compras__forma_pago_compra_id_5ec5bf5_fk_bar_formapagocompra_id; Type: FK CONSTRAINT; Schema: public; Owner: sigbadmin
--

ALTER TABLE ONLY compras_facturaproveedor
    ADD CONSTRAINT compras__forma_pago_compra_id_5ec5bf5_fk_bar_formapagocompra_id FOREIGN KEY (forma_pago_compra_id) REFERENCES bar_formapagocompra(id) DEFERRABLE INITIALLY DEFERRED;


--
-- TOC entry 2874 (class 2606 OID 117232)
-- Name: compras_compra_estado_compra_id_554e02bc_fk_bar_compraestado_id; Type: FK CONSTRAINT; Schema: public; Owner: sigbadmin
--

ALTER TABLE ONLY compras_compra
    ADD CONSTRAINT compras_compra_estado_compra_id_554e02bc_fk_bar_compraestado_id FOREIGN KEY (estado_compra_id) REFERENCES bar_compraestado(id) DEFERRABLE INITIALLY DEFERRED;


--
-- TOC entry 2877 (class 2606 OID 117446)
-- Name: compras_compra_producto_compra_id_3a8055ee_fk_stock_producto_id; Type: FK CONSTRAINT; Schema: public; Owner: sigbadmin
--

ALTER TABLE ONLY compras_compradetalle
    ADD CONSTRAINT compras_compra_producto_compra_id_3a8055ee_fk_stock_producto_id FOREIGN KEY (producto_compra_id) REFERENCES stock_producto(id) DEFERRABLE INITIALLY DEFERRED;


--
-- TOC entry 2872 (class 2606 OID 118406)
-- Name: compras_compra_proveedor_id_227c36e3_fk_compras_proveedor_id; Type: FK CONSTRAINT; Schema: public; Owner: sigbadmin
--

ALTER TABLE ONLY compras_compra
    ADD CONSTRAINT compras_compra_proveedor_id_227c36e3_fk_compras_proveedor_id FOREIGN KEY (proveedor_id) REFERENCES compras_proveedor(id) DEFERRABLE INITIALLY DEFERRED;


--
-- TOC entry 2895 (class 2606 OID 116909)
-- Name: compras_empre_proveedor_ptr_id_12fcdc94_fk_compras_proveedor_id; Type: FK CONSTRAINT; Schema: public; Owner: sigbadmin
--

ALTER TABLE ONLY compras_empresa
    ADD CONSTRAINT compras_empre_proveedor_ptr_id_12fcdc94_fk_compras_proveedor_id FOREIGN KEY (proveedor_ptr_id) REFERENCES compras_proveedor(id) DEFERRABLE INITIALLY DEFERRED;


--
-- TOC entry 2900 (class 2606 OID 117633)
-- Name: compras_fact_compra_id_295a36c4_fk_compras_compra_numero_compra; Type: FK CONSTRAINT; Schema: public; Owner: sigbadmin
--

ALTER TABLE ONLY compras_facturaproveedor
    ADD CONSTRAINT compras_fact_compra_id_295a36c4_fk_compras_compra_numero_compra FOREIGN KEY (compra_id) REFERENCES compras_compra(numero_compra) DEFERRABLE INITIALLY DEFERRED;


--
-- TOC entry 2899 (class 2606 OID 118347)
-- Name: compras_facturapro_proveedor_id_df3fb79_fk_compras_proveedor_id; Type: FK CONSTRAINT; Schema: public; Owner: sigbadmin
--

ALTER TABLE ONLY compras_facturaproveedor
    ADD CONSTRAINT compras_facturapro_proveedor_id_df3fb79_fk_compras_proveedor_id FOREIGN KEY (proveedor_id) REFERENCES compras_proveedor(id) DEFERRABLE INITIALLY DEFERRED;


--
-- TOC entry 2856 (class 2606 OID 117801)
-- Name: compras_lineacred_proveedor_id_245af655_fk_compras_proveedor_id; Type: FK CONSTRAINT; Schema: public; Owner: sigbadmin
--

ALTER TABLE ONLY compras_lineacreditoproveedor
    ADD CONSTRAINT compras_lineacred_proveedor_id_245af655_fk_compras_proveedor_id FOREIGN KEY (proveedor_id) REFERENCES compras_proveedor(id) DEFERRABLE INITIALLY DEFERRED;


--
-- TOC entry 2863 (class 2606 OID 92498)
-- Name: compras_orde_producto_orden_compra_id_edf8_fk_stock_producto_id; Type: FK CONSTRAINT; Schema: public; Owner: sigbadmin
--

ALTER TABLE ONLY compras_ordencompradetalle
    ADD CONSTRAINT compras_orde_producto_orden_compra_id_edf8_fk_stock_producto_id FOREIGN KEY (producto_orden_compra_id) REFERENCES stock_producto(id) DEFERRABLE INITIALLY DEFERRED;


--
-- TOC entry 2858 (class 2606 OID 117256)
-- Name: compras_productop_proveedor_id_743b788a_fk_compras_proveedor_id; Type: FK CONSTRAINT; Schema: public; Owner: sigbadmin
--

ALTER TABLE ONLY compras_productoproveedor
    ADD CONSTRAINT compras_productop_proveedor_id_743b788a_fk_compras_proveedor_id FOREIGN KEY (proveedor_id) REFERENCES compras_proveedor(id) DEFERRABLE INITIALLY DEFERRED;


--
-- TOC entry 2857 (class 2606 OID 117251)
-- Name: compras_productoprove_producto_id_707cefdf_fk_stock_producto_id; Type: FK CONSTRAINT; Schema: public; Owner: sigbadmin
--

ALTER TABLE ONLY compras_productoproveedor
    ADD CONSTRAINT compras_productoprove_producto_id_707cefdf_fk_stock_producto_id FOREIGN KEY (producto_id) REFERENCES stock_producto(id) DEFERRABLE INITIALLY DEFERRED;


--
-- TOC entry 2853 (class 2606 OID 92296)
-- Name: compras_proveedo_persona_proveedor_id_a1da523_fk_bar_persona_id; Type: FK CONSTRAINT; Schema: public; Owner: sigbadmin
--

ALTER TABLE ONLY compras_proveedor
    ADD CONSTRAINT compras_proveedo_persona_proveedor_id_a1da523_fk_bar_persona_id FOREIGN KEY (persona_proveedor_id) REFERENCES bar_persona(id) DEFERRABLE INITIALLY DEFERRED;


--
-- TOC entry 2854 (class 2606 OID 108348)
-- Name: compras_proveedor_ciudad_proveedor_id_4d385122_fk_bar_ciudad_id; Type: FK CONSTRAINT; Schema: public; Owner: sigbadmin
--

ALTER TABLE ONLY compras_proveedor
    ADD CONSTRAINT compras_proveedor_ciudad_proveedor_id_4d385122_fk_bar_ciudad_id FOREIGN KEY (ciudad_proveedor_id) REFERENCES bar_ciudad(id) DEFERRABLE INITIALLY DEFERRED;


--
-- TOC entry 2855 (class 2606 OID 108354)
-- Name: compras_proveedor_pais_proveedor_id_430f8a11_fk_bar_pais_id; Type: FK CONSTRAINT; Schema: public; Owner: sigbadmin
--

ALTER TABLE ONLY compras_proveedor
    ADD CONSTRAINT compras_proveedor_pais_proveedor_id_430f8a11_fk_bar_pais_id FOREIGN KEY (pais_proveedor_id) REFERENCES bar_pais(id) DEFERRABLE INITIALLY DEFERRED;


--
-- TOC entry 2868 (class 2606 OID 100222)
-- Name: compras_proveedort_proveedor_id_ee78202_fk_compras_proveedor_id; Type: FK CONSTRAINT; Schema: public; Owner: sigbadmin
--

ALTER TABLE ONLY compras_proveedortelefono
    ADD CONSTRAINT compras_proveedort_proveedor_id_ee78202_fk_compras_proveedor_id FOREIGN KEY (proveedor_id) REFERENCES compras_proveedor(id) DEFERRABLE INITIALLY DEFERRED;


--
-- TOC entry 2869 (class 2606 OID 108132)
-- Name: d30ab140ce621f6cbdba618273bb4378; Type: FK CONSTRAINT; Schema: public; Owner: sigbadmin
--

ALTER TABLE ONLY compras_proveedortelefono
    ADD CONSTRAINT d30ab140ce621f6cbdba618273bb4378 FOREIGN KEY (codigo_operadora_telefono_id) REFERENCES bar_codigooperadoratelefono(id) DEFERRABLE INITIALLY DEFERRED;


--
-- TOC entry 2847 (class 2606 OID 108117)
-- Name: d8634cb4d7200608fd3f4c4622c03fa3; Type: FK CONSTRAINT; Schema: public; Owner: sigbadmin
--

ALTER TABLE ONLY clientes_clientetelefono
    ADD CONSTRAINT d8634cb4d7200608fd3f4c4622c03fa3 FOREIGN KEY (codigo_operadora_telefono_id) REFERENCES bar_codigooperadoratelefono(id) DEFERRABLE INITIALLY DEFERRED;


--
-- TOC entry 2909 (class 2606 OID 118443)
-- Name: dda84cca370b0c2c9f0f1c60bfe108a6; Type: FK CONSTRAINT; Schema: public; Owner: sigbadmin
--

ALTER TABLE ONLY stock_transferenciastock
    ADD CONSTRAINT dda84cca370b0c2c9f0f1c60bfe108a6 FOREIGN KEY (deposito_solicitante_transferencia_id) REFERENCES bar_deposito(id) DEFERRABLE INITIALLY DEFERRED;


--
-- TOC entry 2813 (class 2606 OID 49751)
-- Name: django_admin_content_type_id_5151027a_fk_django_content_type_id; Type: FK CONSTRAINT; Schema: public; Owner: sigbadmin
--

ALTER TABLE ONLY django_admin_log
    ADD CONSTRAINT django_admin_content_type_id_5151027a_fk_django_content_type_id FOREIGN KEY (content_type_id) REFERENCES django_content_type(id) DEFERRABLE INITIALLY DEFERRED;


--
-- TOC entry 2814 (class 2606 OID 49756)
-- Name: django_admin_log_user_id_1c5f563_fk_auth_user_id; Type: FK CONSTRAINT; Schema: public; Owner: sigbadmin
--

ALTER TABLE ONLY django_admin_log
    ADD CONSTRAINT django_admin_log_user_id_1c5f563_fk_auth_user_id FOREIGN KEY (user_id) REFERENCES auth_user(id) DEFERRABLE INITIALLY DEFERRED;


--
-- TOC entry 2851 (class 2606 OID 116886)
-- Name: p_codigo_pais_telefono_id_3b5ff1d1_fk_bar_codigopaistelefono_id; Type: FK CONSTRAINT; Schema: public; Owner: sigbadmin
--

ALTER TABLE ONLY personal_empleadotelefono
    ADD CONSTRAINT p_codigo_pais_telefono_id_3b5ff1d1_fk_bar_codigopaistelefono_id FOREIGN KEY (codigo_pais_telefono_id) REFERENCES bar_codigopaistelefono(id) DEFERRABLE INITIALLY DEFERRED;


--
-- TOC entry 2825 (class 2606 OID 117901)
-- Name: personal_empleado_cargo_id_67f0ae1e_fk_personal_cargo_id; Type: FK CONSTRAINT; Schema: public; Owner: sigbadmin
--

ALTER TABLE ONLY personal_empleado
    ADD CONSTRAINT personal_empleado_cargo_id_67f0ae1e_fk_personal_cargo_id FOREIGN KEY (cargo_id) REFERENCES personal_cargo(id) DEFERRABLE INITIALLY DEFERRED;


--
-- TOC entry 2826 (class 2606 OID 117906)
-- Name: personal_empleado_ciudad_id_1fbdfc31_fk_bar_ciudad_id; Type: FK CONSTRAINT; Schema: public; Owner: sigbadmin
--

ALTER TABLE ONLY personal_empleado
    ADD CONSTRAINT personal_empleado_ciudad_id_1fbdfc31_fk_bar_ciudad_id FOREIGN KEY (ciudad_id) REFERENCES bar_ciudad(id) DEFERRABLE INITIALLY DEFERRED;


--
-- TOC entry 2827 (class 2606 OID 117911)
-- Name: personal_empleado_horario_id_56ff06d6_fk_personal_horario_id; Type: FK CONSTRAINT; Schema: public; Owner: sigbadmin
--

ALTER TABLE ONLY personal_empleado
    ADD CONSTRAINT personal_empleado_horario_id_56ff06d6_fk_personal_horario_id FOREIGN KEY (horario_id) REFERENCES personal_horario(id) DEFERRABLE INITIALLY DEFERRED;


--
-- TOC entry 2828 (class 2606 OID 117916)
-- Name: personal_empleado_pais_id_52ebf8c2_fk_bar_pais_id; Type: FK CONSTRAINT; Schema: public; Owner: sigbadmin
--

ALTER TABLE ONLY personal_empleado
    ADD CONSTRAINT personal_empleado_pais_id_52ebf8c2_fk_bar_pais_id FOREIGN KEY (pais_id) REFERENCES bar_pais(id) DEFERRABLE INITIALLY DEFERRED;


--
-- TOC entry 2830 (class 2606 OID 126072)
-- Name: personal_empleado_tipo_documento_id_74a2747_fk_bar_documento_id; Type: FK CONSTRAINT; Schema: public; Owner: sigbadmin
--

ALTER TABLE ONLY personal_empleadodocumento
    ADD CONSTRAINT personal_empleado_tipo_documento_id_74a2747_fk_bar_documento_id FOREIGN KEY (tipo_documento_id) REFERENCES bar_documento(id) DEFERRABLE INITIALLY DEFERRED;


--
-- TOC entry 2824 (class 2606 OID 118218)
-- Name: personal_empleado_usuario_id_13a1bf28_fk_auth_user_id; Type: FK CONSTRAINT; Schema: public; Owner: sigbadmin
--

ALTER TABLE ONLY personal_empleado
    ADD CONSTRAINT personal_empleado_usuario_id_13a1bf28_fk_auth_user_id FOREIGN KEY (usuario_id) REFERENCES auth_user(id) DEFERRABLE INITIALLY DEFERRED;


--
-- TOC entry 2829 (class 2606 OID 49951)
-- Name: personal_empleadod_empleado_id_22fb6587_fk_personal_empleado_id; Type: FK CONSTRAINT; Schema: public; Owner: sigbadmin
--

ALTER TABLE ONLY personal_empleadodocumento
    ADD CONSTRAINT personal_empleadod_empleado_id_22fb6587_fk_personal_empleado_id FOREIGN KEY (empleado_id) REFERENCES personal_empleado(id) DEFERRABLE INITIALLY DEFERRED;


--
-- TOC entry 2849 (class 2606 OID 82001)
-- Name: personal_empleadot_empleado_id_5f13692c_fk_personal_empleado_id; Type: FK CONSTRAINT; Schema: public; Owner: sigbadmin
--

ALTER TABLE ONLY personal_empleadotelefono
    ADD CONSTRAINT personal_empleadot_empleado_id_5f13692c_fk_personal_empleado_id FOREIGN KEY (empleado_id) REFERENCES personal_empleado(id) DEFERRABLE INITIALLY DEFERRED;


--
-- TOC entry 2891 (class 2606 OID 117543)
-- Name: stock__tipo_movimiento_id_2a7f90f_fk_bar_tipomovimientostock_id; Type: FK CONSTRAINT; Schema: public; Owner: sigbadmin
--

ALTER TABLE ONLY stock_stockdetalle
    ADD CONSTRAINT stock__tipo_movimiento_id_2a7f90f_fk_bar_tipomovimientostock_id FOREIGN KEY (tipo_movimiento_id) REFERENCES bar_tipomovimientostock(id) DEFERRABLE INITIALLY DEFERRED;


--
-- TOC entry 2832 (class 2606 OID 118163)
-- Name: stock_p_subcategoria_id_6d4cdfe6_fk_bar_subcategoriaproducto_id; Type: FK CONSTRAINT; Schema: public; Owner: sigbadmin
--

ALTER TABLE ONLY stock_producto
    ADD CONSTRAINT stock_p_subcategoria_id_6d4cdfe6_fk_bar_subcategoriaproducto_id FOREIGN KEY (subcategoria_id) REFERENCES bar_subcategoriaproducto(id) DEFERRABLE INITIALLY DEFERRED;


--
-- TOC entry 2890 (class 2606 OID 118075)
-- Name: stock_produ_producto_compuesto_id_76e58199_fk_stock_producto_id; Type: FK CONSTRAINT; Schema: public; Owner: sigbadmin
--

ALTER TABLE ONLY stock_productocompuestodetalle
    ADD CONSTRAINT stock_produ_producto_compuesto_id_76e58199_fk_stock_producto_id FOREIGN KEY (producto_compuesto_id) REFERENCES stock_producto(id) DEFERRABLE INITIALLY DEFERRED;


--
-- TOC entry 2831 (class 2606 OID 118156)
-- Name: stock_product_categoria_id_63daa7b1_fk_bar_categoriaproducto_id; Type: FK CONSTRAINT; Schema: public; Owner: sigbadmin
--

ALTER TABLE ONLY stock_producto
    ADD CONSTRAINT stock_product_categoria_id_63daa7b1_fk_bar_categoriaproducto_id FOREIGN KEY (categoria_id) REFERENCES bar_categoriaproducto(id) DEFERRABLE INITIALLY DEFERRED;


--
-- TOC entry 2834 (class 2606 OID 117165)
-- Name: stock_producto_tipo_producto_id_ad2e3f1_fk_bar_tipoproducto_id; Type: FK CONSTRAINT; Schema: public; Owner: sigbadmin
--

ALTER TABLE ONLY stock_producto
    ADD CONSTRAINT stock_producto_tipo_producto_id_ad2e3f1_fk_bar_tipoproducto_id FOREIGN KEY (tipo_producto_id) REFERENCES bar_tipoproducto(id) DEFERRABLE INITIALLY DEFERRED;


--
-- TOC entry 2889 (class 2606 OID 118069)
-- Name: stock_productocompues_producto_id_4e670055_fk_stock_producto_id; Type: FK CONSTRAINT; Schema: public; Owner: sigbadmin
--

ALTER TABLE ONLY stock_productocompuestodetalle
    ADD CONSTRAINT stock_productocompues_producto_id_4e670055_fk_stock_producto_id FOREIGN KEY (producto_id) REFERENCES stock_producto(id) DEFERRABLE INITIALLY DEFERRED;


--
-- TOC entry 2888 (class 2606 OID 117396)
-- Name: stock_stock_producto_stock_id_1a438cd_fk_stock_producto_id; Type: FK CONSTRAINT; Schema: public; Owner: sigbadmin
--

ALTER TABLE ONLY stock_stock
    ADD CONSTRAINT stock_stock_producto_stock_id_1a438cd_fk_stock_producto_id FOREIGN KEY (producto_stock_id) REFERENCES stock_producto(id) DEFERRABLE INITIALLY DEFERRED;


--
-- TOC entry 2893 (class 2606 OID 118667)
-- Name: stock_stockdet_ubicacion_destino_id_381dbdc5_fk_bar_deposito_id; Type: FK CONSTRAINT; Schema: public; Owner: sigbadmin
--

ALTER TABLE ONLY stock_stockdetalle
    ADD CONSTRAINT stock_stockdet_ubicacion_destino_id_381dbdc5_fk_bar_deposito_id FOREIGN KEY (ubicacion_destino_id) REFERENCES bar_deposito(id) DEFERRABLE INITIALLY DEFERRED;


--
-- TOC entry 2894 (class 2606 OID 118672)
-- Name: stock_stockdetal_ubicacion_origen_id_e09e860_fk_bar_deposito_id; Type: FK CONSTRAINT; Schema: public; Owner: sigbadmin
--

ALTER TABLE ONLY stock_stockdetalle
    ADD CONSTRAINT stock_stockdetal_ubicacion_origen_id_e09e860_fk_bar_deposito_id FOREIGN KEY (ubicacion_origen_id) REFERENCES bar_deposito(id) DEFERRABLE INITIALLY DEFERRED;


--
-- TOC entry 2892 (class 2606 OID 116486)
-- Name: stock_stockdetalle_stock_id_343470ff_fk_stock_stock_id; Type: FK CONSTRAINT; Schema: public; Owner: sigbadmin
--

ALTER TABLE ONLY stock_stockdetalle
    ADD CONSTRAINT stock_stockdetalle_stock_id_343470ff_fk_stock_stock_id FOREIGN KEY (stock_id) REFERENCES stock_stock(id) DEFERRABLE INITIALLY DEFERRED;


--
-- TOC entry 2908 (class 2606 OID 118453)
-- Name: stock_tran_producto_transferencia_id_6f0ea260_fk_stock_stock_id; Type: FK CONSTRAINT; Schema: public; Owner: sigbadmin
--

ALTER TABLE ONLY stock_transferenciastock
    ADD CONSTRAINT stock_tran_producto_transferencia_id_6f0ea260_fk_stock_stock_id FOREIGN KEY (producto_transferencia_id) REFERENCES stock_stock(id) DEFERRABLE INITIALLY DEFERRED;


--
-- TOC entry 2833 (class 2606 OID 118354)
-- Name: unidad_medida_compra_id_2c99c72_fk_bar_unidadmedidaproducto_id; Type: FK CONSTRAINT; Schema: public; Owner: sigbadmin
--

ALTER TABLE ONLY stock_producto
    ADD CONSTRAINT unidad_medida_compra_id_2c99c72_fk_bar_unidadmedidaproducto_id FOREIGN KEY (unidad_medida_compra_id) REFERENCES bar_unidadmedidaproducto(id) DEFERRABLE INITIALLY DEFERRED;


--
-- TOC entry 2878 (class 2606 OID 117370)
-- Name: ventas_aperturacaja_caja_id_41ec3e9b_fk_bar_caja_id; Type: FK CONSTRAINT; Schema: public; Owner: sigbadmin
--

ALTER TABLE ONLY ventas_aperturacaja
    ADD CONSTRAINT ventas_aperturacaja_caja_id_41ec3e9b_fk_bar_caja_id FOREIGN KEY (caja_id) REFERENCES bar_caja(id) DEFERRABLE INITIALLY DEFERRED;


--
-- TOC entry 2879 (class 2606 OID 117375)
-- Name: ventas_aperturacaja_cajero_id_f74b1e6_fk_personal_empleado_id; Type: FK CONSTRAINT; Schema: public; Owner: sigbadmin
--

ALTER TABLE ONLY ventas_aperturacaja
    ADD CONSTRAINT ventas_aperturacaja_cajero_id_f74b1e6_fk_personal_empleado_id FOREIGN KEY (cajero_id) REFERENCES personal_empleado(id) DEFERRABLE INITIALLY DEFERRED;


--
-- TOC entry 2904 (class 2606 OID 118188)
-- Name: ventas_com_producto_a_elaborar_id_1f43a5e7_fk_stock_producto_id; Type: FK CONSTRAINT; Schema: public; Owner: sigbadmin
--

ALTER TABLE ONLY ventas_comanda
    ADD CONSTRAINT ventas_com_producto_a_elaborar_id_1f43a5e7_fk_stock_producto_id FOREIGN KEY (producto_a_elaborar_id) REFERENCES stock_producto(id) DEFERRABLE INITIALLY DEFERRED;


--
-- TOC entry 2835 (class 2606 OID 118276)
-- Name: ventas_p_mozo_pedido_id_ed47f40_fk_personal_empleado_usuario_id; Type: FK CONSTRAINT; Schema: public; Owner: sigbadmin
--

ALTER TABLE ONLY ventas_pedido
    ADD CONSTRAINT ventas_p_mozo_pedido_id_ed47f40_fk_personal_empleado_usuario_id FOREIGN KEY (mozo_pedido_id) REFERENCES personal_empleado(usuario_id) DEFERRABLE INITIALLY DEFERRED;


--
-- TOC entry 2836 (class 2606 OID 117182)
-- Name: ventas_pedido_estado_pedido_id_1c964479_fk_bar_pedidoestado_id; Type: FK CONSTRAINT; Schema: public; Owner: sigbadmin
--

ALTER TABLE ONLY ventas_pedido
    ADD CONSTRAINT ventas_pedido_estado_pedido_id_1c964479_fk_bar_pedidoestado_id FOREIGN KEY (estado_pedido_id) REFERENCES bar_pedidoestado(id) DEFERRABLE INITIALLY DEFERRED;


--
-- TOC entry 2898 (class 2606 OID 118033)
-- Name: ventas_pedido_mesa_pedid_pedido_id_7707e526_fk_ventas_pedido_id; Type: FK CONSTRAINT; Schema: public; Owner: sigbadmin
--

ALTER TABLE ONLY ventas_pedido_mesa_pedido
    ADD CONSTRAINT ventas_pedido_mesa_pedid_pedido_id_7707e526_fk_ventas_pedido_id FOREIGN KEY (pedido_id) REFERENCES ventas_pedido(id) DEFERRABLE INITIALLY DEFERRED;


--
-- TOC entry 2897 (class 2606 OID 118028)
-- Name: ventas_pedido_mesa_pedido_mesa_id_57610475_fk_bar_mesa_id; Type: FK CONSTRAINT; Schema: public; Owner: sigbadmin
--

ALTER TABLE ONLY ventas_pedido_mesa_pedido
    ADD CONSTRAINT ventas_pedido_mesa_pedido_mesa_id_57610475_fk_bar_mesa_id FOREIGN KEY (mesa_id) REFERENCES bar_mesa(id) DEFERRABLE INITIALLY DEFERRED;


--
-- TOC entry 2837 (class 2606 OID 118247)
-- Name: ventas_pedido_reserva_id_7ac92003_fk_clientes_reserva_id; Type: FK CONSTRAINT; Schema: public; Owner: sigbadmin
--

ALTER TABLE ONLY ventas_pedido
    ADD CONSTRAINT ventas_pedido_reserva_id_7ac92003_fk_clientes_reserva_id FOREIGN KEY (reserva_id) REFERENCES clientes_reserva(id) DEFERRABLE INITIALLY DEFERRED;


--
-- TOC entry 2839 (class 2606 OID 117192)
-- Name: ventas_pedidod_producto_pedido_id_75484ebf_fk_stock_producto_id; Type: FK CONSTRAINT; Schema: public; Owner: sigbadmin
--

ALTER TABLE ONLY ventas_pedidodetalle
    ADD CONSTRAINT ventas_pedidod_producto_pedido_id_75484ebf_fk_stock_producto_id FOREIGN KEY (producto_pedido_id) REFERENCES stock_producto(id) DEFERRABLE INITIALLY DEFERRED;


--
-- TOC entry 2838 (class 2606 OID 57801)
-- Name: ventas_pedidodetalle_pedido_id_28a44399_fk_ventas_pedido_id; Type: FK CONSTRAINT; Schema: public; Owner: sigbadmin
--

ALTER TABLE ONLY ventas_pedidodetalle
    ADD CONSTRAINT ventas_pedidodetalle_pedido_id_28a44399_fk_ventas_pedido_id FOREIGN KEY (pedido_id) REFERENCES ventas_pedido(id) DEFERRABLE INITIALLY DEFERRED;


--
-- TOC entry 2885 (class 2606 OID 116672)
-- Name: ventas_venta_caja_id_7fc04319_fk_bar_caja_id; Type: FK CONSTRAINT; Schema: public; Owner: sigbadmin
--

ALTER TABLE ONLY ventas_venta
    ADD CONSTRAINT ventas_venta_caja_id_7fc04319_fk_bar_caja_id FOREIGN KEY (caja_id) REFERENCES bar_caja(id) DEFERRABLE INITIALLY DEFERRED;


--
-- TOC entry 2883 (class 2606 OID 118038)
-- Name: ventas_venta_cliente_id_cc2bc83_fk_clientes_cliente_id; Type: FK CONSTRAINT; Schema: public; Owner: sigbadmin
--

ALTER TABLE ONLY ventas_venta
    ADD CONSTRAINT ventas_venta_cliente_id_cc2bc83_fk_clientes_cliente_id FOREIGN KEY (cliente_id) REFERENCES clientes_cliente(id) DEFERRABLE INITIALLY DEFERRED;


--
-- TOC entry 2881 (class 2606 OID 108993)
-- Name: ventas_venta_estado_venta_id_59c6e4d5_fk_bar_ventaestado_id; Type: FK CONSTRAINT; Schema: public; Owner: sigbadmin
--

ALTER TABLE ONLY ventas_venta
    ADD CONSTRAINT ventas_venta_estado_venta_id_59c6e4d5_fk_bar_ventaestado_id FOREIGN KEY (estado_venta_id) REFERENCES bar_ventaestado(id) DEFERRABLE INITIALLY DEFERRED;


--
-- TOC entry 2884 (class 2606 OID 118043)
-- Name: ventas_venta_forma_pago_id_2c40b8d5_fk_bar_formapagoventa_id; Type: FK CONSTRAINT; Schema: public; Owner: sigbadmin
--

ALTER TABLE ONLY ventas_venta
    ADD CONSTRAINT ventas_venta_forma_pago_id_2c40b8d5_fk_bar_formapagoventa_id FOREIGN KEY (forma_pago_id) REFERENCES bar_formapagoventa(id) DEFERRABLE INITIALLY DEFERRED;


--
-- TOC entry 2880 (class 2606 OID 118259)
-- Name: ventas_venta_numero_pedido_id_523265c9_fk_ventas_pedido_id; Type: FK CONSTRAINT; Schema: public; Owner: sigbadmin
--

ALTER TABLE ONLY ventas_venta
    ADD CONSTRAINT ventas_venta_numero_pedido_id_523265c9_fk_ventas_pedido_id FOREIGN KEY (numero_pedido_id) REFERENCES ventas_pedido(id) DEFERRABLE INITIALLY DEFERRED;


--
-- TOC entry 2882 (class 2606 OID 109003)
-- Name: ventas_venta_reserva_id_4a9d36c7_fk_clientes_reserva_id; Type: FK CONSTRAINT; Schema: public; Owner: sigbadmin
--

ALTER TABLE ONLY ventas_venta
    ADD CONSTRAINT ventas_venta_reserva_id_4a9d36c7_fk_clientes_reserva_id FOREIGN KEY (reserva_id) REFERENCES clientes_reserva(id) DEFERRABLE INITIALLY DEFERRED;


--
-- TOC entry 2887 (class 2606 OID 117197)
-- Name: ventas_ventadeta_producto_venta_id_709d7b9_fk_stock_producto_id; Type: FK CONSTRAINT; Schema: public; Owner: sigbadmin
--

ALTER TABLE ONLY ventas_ventadetalle
    ADD CONSTRAINT ventas_ventadeta_producto_venta_id_709d7b9_fk_stock_producto_id FOREIGN KEY (producto_venta_id) REFERENCES stock_producto(id) DEFERRABLE INITIALLY DEFERRED;


--
-- TOC entry 2886 (class 2606 OID 109023)
-- Name: ventas_ventadetalle_venta_id_14dc2d85_fk_ventas_venta_id; Type: FK CONSTRAINT; Schema: public; Owner: sigbadmin
--

ALTER TABLE ONLY ventas_ventadetalle
    ADD CONSTRAINT ventas_ventadetalle_venta_id_14dc2d85_fk_ventas_venta_id FOREIGN KEY (venta_id) REFERENCES ventas_venta(id) DEFERRABLE INITIALLY DEFERRED;


--
-- TOC entry 3192 (class 0 OID 0)
-- Dependencies: 5
-- Name: public; Type: ACL; Schema: -; Owner: postgres
--

REVOKE ALL ON SCHEMA public FROM PUBLIC;
REVOKE ALL ON SCHEMA public FROM postgres;
GRANT ALL ON SCHEMA public TO postgres;
GRANT ALL ON SCHEMA public TO PUBLIC;


-- Completed on 2016-08-27 17:38:39

--
-- PostgreSQL database dump complete
--

